"Observations from October 7, 1896 to July 30, 1914 are from the first DJIA and has been adjusted to merge with the second series.  "

"Citation: Samuel H. Williamson, 'Daily Closing Value of the Dow Jones Average, 1885 to Present,' MeasuringWorth, 2026. "
"Date","DJIA"
"12/31/1896","29.9"
"1/2/1897","29.8447"
"1/4/1897","29.5736"
"1/5/1897","29.9399"
"1/6/1897","29.9985"
"1/7/1897","29.9399"
"1/8/1897","30.0132"
"1/9/1897","29.9619"
"1/11/1897","29.852"
"1/12/1897","30.3282"
"1/13/1897","30.3648"
"1/14/1897","30.6139"
"1/15/1897","30.9655"
"1/16/1897","31.3684"
"1/18/1897","31.3245"
"1/19/1897","31.6834"
"1/20/1897","31.3391"
"1/21/1897","31.1486"
"1/22/1897","31.0754"
"1/23/1897","30.7824"
"1/25/1897","30.7018"
"1/26/1897","30.9289"
"1/27/1897","30.9215"
"1/28/1897","30.6798"
"1/29/1897","30.8117"
"1/30/1897","31.1779"
"2/1/1897","31.0461"
"2/2/1897","30.7824"
"2/3/1897","30.7164"
"2/4/1897","30.2549"
"2/5/1897","30.2036"
"2/6/1897","30.3428"
"2/8/1897","30.1157"
"2/9/1897","29.7201"
"2/10/1897","29.7201"
"2/11/1897","29.5004"
"2/13/1897","29.0975"
"2/15/1897","29.1121"
"2/16/1897","29.5223"
"2/17/1897","29.5223"
"2/18/1897","29.537"
"2/19/1897","29.5077"
"2/20/1897","29.7348"
"2/23/1897","29.808"
"2/24/1897","29.8593"
"2/25/1897","29.4564"
"2/26/1897","30.2476"
"2/27/1897","30.5553"
"3/1/1897","30.5406"
"3/2/1897","30.6798"
"3/3/1897","30.8629"
"3/4/1897","30.2842"
"3/5/1897","30.3648"
"3/6/1897","30.2622"
"3/8/1897","30.6944"
"3/9/1897","30.4893"
"3/10/1897","30.6139"
"3/11/1897","30.7237"
"3/12/1897","30.8043"
"3/13/1897","30.9801"
"3/15/1897","30.8263"
"3/16/1897","30.7164"
"3/17/1897","30.4014"
"3/18/1897","30.4747"
"3/19/1897","30.123"
"3/20/1897","30.2183"
"3/22/1897","30.3208"
"3/23/1897","29.9326"
"3/24/1897","29.7421"
"3/25/1897","29.7275"
"3/26/1897","29.3539"
"3/27/1897","28.9509"
"3/29/1897","28.6652"
"3/30/1897","29.2"
"3/31/1897","28.9143"
"4/1/1897","29.1341"
"4/2/1897","29.1634"
"4/3/1897","29.222"
"4/5/1897","29.1121"
"4/6/1897","28.9876"
"4/7/1897","29.1048"
"4/8/1897","29.5736"
"4/9/1897","29.4564"
"4/10/1897","29.515"
"4/12/1897","29.2659"
"4/13/1897","29.6176"
"4/14/1897","29.1268"
"4/15/1897","28.8704"
"4/17/1897","28.6213"
"4/19/1897","28.1964"
"4/20/1897","28.3429"
"4/21/1897","28.5041"
"4/22/1897","28.255"
"4/23/1897","28.1964"
"4/24/1897","28.233"
"4/26/1897","28.7312"
"4/28/1897","28.5847"
"4/29/1897","28.5773"
"4/30/1897","28.5407"
"5/1/1897","28.3722"
"5/3/1897","28.4088"
"5/4/1897","28.9216"
"5/5/1897","28.7019"
"5/6/1897","28.9656"
"5/7/1897","29.0022"
"5/8/1897","29.0242"
"5/10/1897","29.2659"
"5/11/1897","29.2293"
"5/12/1897","29.0755"
"5/13/1897","28.7678"
"5/14/1897","28.5261"
"5/15/1897","28.3283"
"5/17/1897","28.3283"
"5/18/1897","28.7165"
"5/19/1897","28.4235"
"5/20/1897","28.3283"
"5/21/1897","28.4455"
"5/22/1897","28.5554"
"5/24/1897","28.8118"
"5/25/1897","28.7165"
"5/26/1897","28.9729"
"5/27/1897","28.7238"
"5/28/1897","29.0389"
"5/29/1897","29.2366"
"6/1/1897","29.3099"
"6/2/1897","29.4637"
"6/3/1897","29.5077"
"6/4/1897","29.6835"
"6/5/1897","30.0644"
"6/7/1897","30.2696"
"6/8/1897","30.5772"
"6/9/1897","30.9215"
"6/10/1897","31.0461"
"6/11/1897","31.1633"
"6/12/1897","31.1853"
"6/14/1897","31.471"
"6/15/1897","31.3538"
"6/16/1897","31.0534"
"6/17/1897","31.2732"
"6/18/1897","31.5515"
"6/19/1897","31.4197"
"6/21/1897","31.2219"
"6/22/1897","31.3538"
"6/23/1897","31.6321"
"6/24/1897","31.786"
"6/25/1897","31.7054"
"6/26/1897","32.0131"
"6/28/1897","32.6797"
"6/29/1897","32.4306"
"6/30/1897","32.3061"
"7/1/1897","32.3867"
"7/2/1897","32.3647"
"7/3/1897","32.1449"
"7/6/1897","31.9398"
"7/7/1897","32.2841"
"7/8/1897","32.1742"
"7/9/1897","32.35"
"7/10/1897","32.5039"
"7/12/1897","33.002"
"7/13/1897","33.4123"
"7/14/1897","33.4855"
"7/15/1897","33.1632"
"7/16/1897","33.317"
"7/17/1897","33.3463"
"7/19/1897","34.0276"
"7/20/1897","34.2547"
"7/21/1897","34.3939"
"7/22/1897","34.9653"
"7/23/1897","35.0752"
"7/24/1897","35.1045"
"7/26/1897","34.9506"
"7/27/1897","34.5111"
"7/28/1897","35.0605"
"7/29/1897","34.9433"
"7/30/1897","35.1265"
"7/31/1897","35.0752"
"8/2/1897","35.7784"
"8/3/1897","36.7015"
"8/4/1897","37.1703"
"8/5/1897","37.5439"
"8/6/1897","37.8882"
"8/7/1897","37.9468"
"8/9/1897","37.5952"
"8/10/1897","37.8956"
"8/11/1897","37.9468"
"8/12/1897","38.0714"
"8/13/1897","37.7271"
"8/14/1897","38.0714"
"8/16/1897","38.2325"
"8/17/1897","37.7637"
"8/18/1897","37.9395"
"8/19/1897","37.9468"
"8/20/1897","37.837"
"8/21/1897","37.9761"
"8/23/1897","38.379"
"8/24/1897","38.4816"
"8/25/1897","38.1886"
"8/26/1897","38.5036"
"8/27/1897","38.7673"
"8/28/1897","38.8992"
"8/30/1897","38.9944"
"8/31/1897","40.1519"
"9/1/1897","40.6134"
"9/2/1897","40.8551"
"9/3/1897","40.7599"
"9/4/1897","40.7672"
"9/7/1897","40.8405"
"9/8/1897","40.7306"
"9/9/1897","40.8844"
"9/10/1897","40.8917"
"9/11/1897","40.8112"
"9/13/1897","40.0053"
"9/14/1897","40.5474"
"9/15/1897","40.7452"
"9/16/1897","40.4888"
"9/17/1897","40.628"
"9/18/1897","40.5474"
"9/20/1897","40.042"
"9/21/1897","38.4816"
"9/22/1897","39.1556"
"9/23/1897","39.2655"
"9/24/1897","38.445"
"9/25/1897","38.3131"
"9/27/1897","38.7746"
"9/28/1897","38.3204"
"9/29/1897","38.0201"
"9/30/1897","37.3461"
"10/1/1897","37.7564"
"10/2/1897","38.5256"
"10/4/1897","38.5768"
"10/5/1897","38.2838"
"10/6/1897","37.9395"
"10/7/1897","37.6318"
"10/8/1897","37.8296"
"10/9/1897","37.2729"
"10/11/1897","37.0971"
"10/12/1897","35.6319"
"10/13/1897","36.0788"
"10/14/1897","35.7418"
"10/15/1897","35.4708"
"10/16/1897","35.5953"
"10/18/1897","36.0422"
"10/19/1897","36.511"
"10/20/1897","36.9139"
"10/21/1897","36.4964"
"10/22/1897","36.6282"
"10/23/1897","36.3791"
"10/25/1897","35.7198"
"10/26/1897","35.9689"
"10/27/1897","35.6026"
"10/28/1897","35.5001"
"10/29/1897","35.7565"
"10/30/1897","35.9176"
"11/1/1897","35.9762"
"11/3/1897","34.9213"
"11/4/1897","34.6576"
"11/5/1897","33.5002"
"11/6/1897","33.9324"
"11/8/1897","33.4416"
"11/9/1897","34.0862"
"11/10/1897","34.5184"
"11/11/1897","33.8371"
"11/12/1897","34.0203"
"11/13/1897","34.5184"
"11/15/1897","34.0423"
"11/16/1897","34.4672"
"11/17/1897","34.306"
"11/18/1897","34.4232"
"11/19/1897","34.6283"
"11/20/1897","34.599"
"11/22/1897","34.3499"
"11/23/1897","34.1595"
"11/24/1897","33.8518"
"11/26/1897","34.2108"
"11/27/1897","34.5697"
"11/29/1897","34.284"
"11/30/1897","34.7675"
"12/1/1897","35.4634"
"12/2/1897","35.3902"
"12/3/1897","35.3902"
"12/4/1897","35.3316"
"12/6/1897","35.7418"
"12/7/1897","36.2326"
"12/8/1897","36.1814"
"12/9/1897","36.3352"
"12/10/1897","36.0275"
"12/11/1897","36.2473"
"12/13/1897","36.489"
"12/14/1897","36.3865"
"12/15/1897","35.9103"
"12/16/1897","35.5587"
"12/17/1897","35.2656"
"12/18/1897","35.7784"
"12/20/1897","35.4927"
"12/21/1897","35.3462"
"12/22/1897","35.5587"
"12/23/1897","35.7784"
"12/24/1897","36.1814"
"12/27/1897","36.1081"
"12/28/1897","36.1447"
"12/29/1897","36.1374"
"12/30/1897","36.0495"
"12/31/1897","36.196"
"1/3/1898","36.1227"
"1/4/1898","35.8297"
"1/5/1898","36.2839"
"1/6/1898","36.7601"
"1/7/1898","37.119"
"1/8/1898","37.0824"
"1/10/1898","37.0165"
"1/11/1898","36.87"
"1/12/1898","36.7674"
"1/13/1898","36.5183"
"1/14/1898","36.3572"
"1/15/1898","36.0055"
"1/17/1898","36.1594"
"1/18/1898","35.7565"
"1/19/1898","36.1008"
"1/20/1898","35.9396"
"1/21/1898","35.837"
"1/22/1898","35.8077"
"1/24/1898","35.1631"
"1/25/1898","35.6466"
"1/26/1898","36.2839"
"1/27/1898","36.4671"
"1/28/1898","36.1301"
"1/29/1898","36.3059"
"1/31/1898","36.6355"
"2/1/1898","36.4524"
"2/2/1898","36.2912"
"2/3/1898","36.2912"
"2/4/1898","36.4964"
"2/5/1898","36.7967"
"2/7/1898","36.7088"
"2/8/1898","36.3498"
"2/9/1898","36.5257"
"2/10/1898","36.7454"
"2/11/1898","36.7308"
"2/14/1898","36.2546"
"2/15/1898","36.6575"
"2/16/1898","35.8737"
"2/17/1898","36.0422"
"2/18/1898","35.5953"
"2/19/1898","35.0093"
"2/21/1898","34.5111"
"2/23/1898","33.8152"
"2/24/1898","32.7237"
"2/25/1898","33.1925"
"2/26/1898","33.0899"
"2/28/1898","33.8225"
"3/1/1898","34.7748"
"3/2/1898","34.1228"
"3/3/1898","34.1009"
"3/4/1898","33.8152"
"3/5/1898","33.5002"
"3/7/1898","32.8628"
"3/8/1898","33.1852"
"3/9/1898","33.339"
"3/10/1898","33.2438"
"3/11/1898","32.5552"
"3/12/1898","31.7127"
"3/14/1898","32.7676"
"3/15/1898","32.5332"
"3/16/1898","33.3537"
"3/17/1898","32.6357"
"3/18/1898","32.8628"
"3/19/1898","32.8482"
"3/21/1898","32.5991"
"3/22/1898","31.8299"
"3/23/1898","31.6614"
"3/24/1898","31.3025"
"3/25/1898","30.7677"
"3/26/1898","31.4636"
"3/28/1898","33.2145"
"3/29/1898","32.5918"
"3/30/1898","33.8078"
"3/31/1898","33.2731"
"4/1/1898","32.3354"
"4/2/1898","32.6724"
"4/4/1898","33.3903"
"4/5/1898","33.0094"
"4/6/1898","33.7126"
"4/7/1898","33.6833"
"4/8/1898","33.317"
"4/9/1898","33.361"
"4/11/1898","33.6613"
"4/12/1898","33.9324"
"4/13/1898","33.1046"
"4/14/1898","33.7419"
"4/15/1898","33.2364"
"4/16/1898","32.6211"
"4/18/1898","32.9068"
"4/19/1898","32.5845"
"4/20/1898","32.6431"
"4/21/1898","31.6981"
"4/22/1898","32.1376"
"4/23/1898","32.6357"
"4/25/1898","32.2475"
"4/26/1898","32.4966"
"4/27/1898","32.5259"
"4/28/1898","32.9727"
"4/29/1898","33.5148"
"4/30/1898","33.698"
"5/2/1898","35.6026"
"5/3/1898","35.3829"
"5/5/1898","36.2107"
"5/6/1898","36.0129"
"5/7/1898","36.9212"
"5/9/1898","37.3974"
"5/10/1898","36.9652"
"5/11/1898","37.8223"
"5/12/1898","37.4267"
"5/13/1898","37.2289"
"5/14/1898","37.1264"
"5/16/1898","36.87"
"5/17/1898","37.5512"
"5/18/1898","37.0311"
"5/19/1898","37.3901"
"5/20/1898","37.1703"
"5/21/1898","37.6538"
"5/23/1898","37.8956"
"5/24/1898","38.3058"
"5/25/1898","37.9981"
"5/26/1898","38.0201"
"5/27/1898","38.152"
"5/28/1898","38.1959"
"5/31/1898","38.6354"
"6/1/1898","38.7307"
"6/2/1898","39.0896"
"6/3/1898","38.6574"
"6/4/1898","38.9211"
"6/6/1898","39.0677"
"6/7/1898","39.0457"
"6/8/1898","38.9358"
"6/9/1898","38.9138"
"6/10/1898","39.346"
"6/11/1898","39.0164"
"6/13/1898","38.5402"
"6/14/1898","38.2399"
"6/15/1898","37.2655"
"6/16/1898","37.9249"
"6/17/1898","38.1886"
"6/18/1898","37.749"
"6/20/1898","38.0201"
"6/21/1898","37.8956"
"6/22/1898","37.6392"
"6/23/1898","37.9029"
"6/24/1898","38.1007"
"6/25/1898","38.3571"
"6/27/1898","38.5768"
"6/28/1898","38.4157"
"6/29/1898","38.6721"
"6/30/1898","38.5475"
"7/1/1898","38.8259"
"7/5/1898","38.8186"
"7/6/1898","38.6647"
"7/7/1898","38.8918"
"7/8/1898","39.0091"
"7/9/1898","39.1775"
"7/11/1898","39.0823"
"7/12/1898","38.9431"
"7/13/1898","38.5402"
"7/14/1898","38.9358"
"7/15/1898","38.4816"
"7/16/1898","38.3644"
"7/18/1898","38.2911"
"7/19/1898","38.3278"
"7/20/1898","38.5622"
"7/21/1898","38.9211"
"7/22/1898","38.8332"
"7/23/1898","38.9798"
"7/25/1898","39.3167"
"7/26/1898","39.683"
"7/27/1898","39.3973"
"7/28/1898","39.4486"
"7/29/1898","39.5731"
"7/30/1898","39.705"
"8/1/1898","39.998"
"8/2/1898","40.4815"
"8/3/1898","40.628"
"8/4/1898","40.4815"
"8/5/1898","40.9137"
"8/6/1898","40.9723"
"8/8/1898","41.2507"
"8/9/1898","41.2434"
"8/10/1898","41.4705"
"8/11/1898","41.4265"
"8/12/1898","41.1774"
"8/13/1898","41.6316"
"8/15/1898","42.1225"
"8/16/1898","42.8184"
"8/17/1898","43.1407"
"8/18/1898","42.5473"
"8/19/1898","43.2872"
"8/22/1898","43.507"
"8/23/1898","43.6828"
"8/24/1898","43.7487"
"8/25/1898","44.3348"
"8/26/1898","44.6645"
"8/27/1898","44.452"
"8/29/1898","43.6389"
"8/30/1898","43.8953"
"8/31/1898","44.2103"
"9/1/1898","44.3201"
"9/2/1898","44.2322"
"9/6/1898","44.0711"
"9/7/1898","43.1627"
"9/8/1898","42.8843"
"9/9/1898","42.3202"
"9/10/1898","42.7671"
"9/12/1898","42.5473"
"9/13/1898","42.1591"
"9/14/1898","42.0638"
"9/15/1898","42.7671"
"9/16/1898","42.518"
"9/17/1898","42.6059"
"9/19/1898","42.203"
"9/20/1898","41.9247"
"9/21/1898","42.7305"
"9/22/1898","42.2909"
"9/23/1898","42.2177"
"9/24/1898","42.1444"
"9/26/1898","41.4265"
"9/27/1898","40.4522"
"9/28/1898","39.9394"
"9/29/1898","40.2031"
"9/30/1898","39.1482"
"10/1/1898","38.4743"
"10/3/1898","39.2801"
"10/4/1898","39.412"
"10/5/1898","39.3827"
"10/6/1898","39.0896"
"10/7/1898","38.8845"
"10/8/1898","39.0237"
"10/10/1898","38.467"
"10/11/1898","37.9835"
"10/12/1898","37.9542"
"10/13/1898","38.7307"
"10/14/1898","38.2985"
"10/15/1898","38.0201"
"10/17/1898","38.2252"
"10/18/1898","37.9175"
"10/19/1898","37.771"
"10/20/1898","37.9468"
"10/21/1898","38.2472"
"10/22/1898","38.8332"
"10/24/1898","38.716"
"10/25/1898","39.2948"
"10/26/1898","39.727"
"10/27/1898","39.7343"
"10/28/1898","40.2105"
"10/29/1898","40.1079"
"10/31/1898","40.606"
"11/1/1898","40.2471"
"11/2/1898","39.9321"
"11/3/1898","40.2544"
"11/4/1898","40.1079"
"11/5/1898","40.2398"
"11/7/1898","40.7086"
"11/9/1898","40.5108"
"11/10/1898","41.0383"
"11/11/1898","41.3166"
"11/12/1898","41.8587"
"11/14/1898","41.8148"
"11/15/1898","41.6829"
"11/16/1898","41.5877"
"11/17/1898","41.6023"
"11/18/1898","41.4485"
"11/19/1898","41.6243"
"11/21/1898","41.573"
"11/22/1898","41.7342"
"11/23/1898","41.5437"
"11/25/1898","41.2214"
"11/26/1898","41.3899"
"11/28/1898","41.6023"
"11/29/1898","41.6756"
"11/30/1898","41.9027"
"12/1/1898","42.6059"
"12/2/1898","42.5913"
"12/3/1898","42.8184"
"12/5/1898","42.7085"
"12/6/1898","42.7085"
"12/7/1898","42.8697"
"12/8/1898","43.2506"
"12/9/1898","43.7707"
"12/10/1898","44.0344"
"12/12/1898","44.159"
"12/13/1898","43.6096"
"12/14/1898","43.4997"
"12/15/1898","43.1993"
"12/16/1898","43.0821"
"12/17/1898","43.0308"
"12/19/1898","43.0601"
"12/20/1898","43.3019"
"12/21/1898","43.3605"
"12/22/1898","43.5363"
"12/23/1898","44.0198"
"12/27/1898","44.2615"
"12/28/1898","43.2213"
"12/29/1898","44.0711"
"12/30/1898","44.3348"
"1/3/1899","44.2542"
"1/4/1899","44.4593"
"1/5/1899","44.6205"
"1/6/1899","44.5839"
"1/7/1899","44.9428"
"1/9/1899","45.4043"
"1/10/1899","45.0161"
"1/11/1899","44.9135"
"1/12/1899","44.8549"
"1/13/1899","45.2065"
"1/14/1899","45.0014"
"1/16/1899","44.8915"
"1/17/1899","44.9868"
"1/18/1899","45.3677"
"1/19/1899","45.6388"
"1/20/1899","45.712"
"1/21/1899","45.5509"
"1/23/1899","45.69"
"1/24/1899","45.2725"
"1/25/1899","46.1882"
"1/26/1899","46.7596"
"1/27/1899","47.353"
"1/28/1899","47.5215"
"1/30/1899","47.6313"
"1/31/1899","47.1405"
"2/1/1899","47.2064"
"2/2/1899","46.8328"
"2/3/1899","46.5984"
"2/4/1899","46.4373"
"2/6/1899","46.1882"
"2/7/1899","45.3824"
"2/8/1899","45.5875"
"2/9/1899","45.4922"
"2/10/1899","45.4996"
"2/14/1899","45.8219"
"2/15/1899","45.7853"
"2/16/1899","45.9318"
"2/17/1899","46.2468"
"2/18/1899","47.4409"
"2/20/1899","48.906"
"2/21/1899","49.0012"
"2/23/1899","49.3162"
"2/24/1899","49.3382"
"2/25/1899","49.4627"
"2/27/1899","49.0672"
"2/28/1899","48.9206"
"3/1/1899","48.8181"
"3/2/1899","48.276"
"3/3/1899","49.0965"
"3/4/1899","48.884"
"3/6/1899","48.3126"
"3/7/1899","48.6423"
"3/8/1899","49.2943"
"3/9/1899","49.5653"
"3/10/1899","49.9169"
"3/11/1899","49.9316"
"3/13/1899","50.4664"
"3/14/1899","50.5323"
"3/15/1899","50.4737"
"3/16/1899","51.7996"
"3/17/1899","52.2025"
"3/18/1899","52.7593"
"3/20/1899","52.1513"
"3/21/1899","52.2172"
"3/22/1899","52.6201"
"3/23/1899","52.4223"
"3/24/1899","52.73"
"3/25/1899","53.0377"
"3/27/1899","54.012"
"3/28/1899","54.7226"
"3/29/1899","54.3343"
"3/30/1899","54.4515"
"4/1/1899","55.0522"
"4/3/1899","55.6895"
"4/4/1899","55.7042"
"4/5/1899","55.5797"
"4/6/1899","54.3343"
"4/7/1899","53.5358"
"4/8/1899","53.5798"
"4/10/1899","53.1842"
"4/11/1899","54.5687"
"4/12/1899","55.0156"
"4/13/1899","55.1841"
"4/14/1899","55.7042"
"4/15/1899","55.8947"
"4/17/1899","55.6456"
"4/18/1899","55.9386"
"4/19/1899","55.8873"
"4/20/1899","55.7115"
"4/21/1899","56.195"
"4/22/1899","56.4148"
"4/24/1899","56.0632"
"4/25/1899","56.6126"
"4/26/1899","56.51"
"4/27/1899","56.4294"
"4/28/1899","56.4807"
"4/29/1899","56.195"
"5/1/1899","54.642"
"5/2/1899","55.7042"
"5/3/1899","55.6749"
"5/4/1899","55.228"
"5/5/1899","54.5614"
"5/6/1899","54.0852"
"5/8/1899","52.8765"
"5/9/1899","51.2649"
"5/10/1899","53.0889"
"5/11/1899","52.6567"
"5/12/1899","52.8765"
"5/13/1899","50.8107"
"5/15/1899","51.111"
"5/16/1899","51.9828"
"5/17/1899","53.2941"
"5/18/1899","52.6274"
"5/19/1899","52.6054"
"5/20/1899","52.5761"
"5/22/1899","52.5322"
"5/23/1899","52.0194"
"5/24/1899","51.4773"
"5/25/1899","51.8363"
"5/26/1899","51.492"
"5/27/1899","50.9205"
"5/31/1899","49.4554"
"6/1/1899","50.1074"
"6/2/1899","51.3601"
"6/3/1899","51.3747"
"6/5/1899","51.0817"
"6/6/1899","51.3454"
"6/7/1899","51.7996"
"6/8/1899","52.034"
"6/9/1899","52.9571"
"6/10/1899","53.0523"
"6/12/1899","53.5358"
"6/13/1899","52.6567"
"6/14/1899","52.686"
"6/15/1899","52.5322"
"6/16/1899","52.4663"
"6/17/1899","52.2318"
"6/19/1899","51.5945"
"6/20/1899","51.4993"
"6/21/1899","50.8326"
"6/22/1899","50.4297"
"6/23/1899","51.1476"
"6/24/1899","51.2502"
"6/26/1899","51.1696"
"6/27/1899","51.6018"
"6/28/1899","51.6751"
"6/29/1899","51.4114"
"6/30/1899","51.5579"
"7/1/1899","51.7703"
"7/5/1899","52.3637"
"7/6/1899","52.686"
"7/7/1899","52.8545"
"7/8/1899","52.5175"
"7/10/1899","51.6824"
"7/11/1899","52.2685"
"7/12/1899","52.415"
"7/13/1899","52.5029"
"7/14/1899","52.0267"
"7/15/1899","52.1146"
"7/17/1899","51.9388"
"7/18/1899","52.2831"
"7/19/1899","52.0634"
"7/20/1899","52.4296"
"7/21/1899","52.8032"
"7/22/1899","52.5175"
"7/24/1899","52.5615"
"7/25/1899","52.8838"
"7/26/1899","52.7373"
"7/27/1899","53.0963"
"7/28/1899","53.4406"
"7/29/1899","53.4772"
"7/31/1899","54.012"
"8/1/1899","54.1292"
"8/2/1899","54.4222"
"8/3/1899","54.6566"
"8/4/1899","54.7079"
"8/5/1899","54.2684"
"8/7/1899","53.9753"
"8/8/1899","54.3783"
"8/9/1899","54.642"
"8/10/1899","55.2134"
"8/11/1899","55.0815"
"8/12/1899","55.5211"
"8/14/1899","55.8434"
"8/15/1899","55.4038"
"8/16/1899","55.0522"
"8/17/1899","55.3965"
"8/18/1899","55.4112"
"8/19/1899","55.7188"
"8/21/1899","55.4771"
"8/22/1899","55.0156"
"8/23/1899","55.6749"
"8/24/1899","55.3892"
"8/25/1899","55.3745"
"8/26/1899","55.3892"
"8/28/1899","55.4112"
"8/29/1899","55.1328"
"8/30/1899","55.7042"
"8/31/1899","55.4258"
"9/1/1899","55.3599"
"9/2/1899","55.4991"
"9/5/1899","56.8543"
"9/6/1899","56.3855"
"9/7/1899","56.1218"
"9/8/1899","56.0851"
"9/9/1899","56.4148"
"9/11/1899","55.3745"
"9/12/1899","54.7079"
"9/13/1899","55.7555"
"9/14/1899","55.4185"
"9/15/1899","54.6127"
"9/16/1899","53.8728"
"9/18/1899","53.0303"
"9/19/1899","53.5505"
"9/20/1899","53.1475"
"9/21/1899","53.5505"
"9/22/1899","54.3709"
"9/23/1899","54.1072"
"9/25/1899","53.3014"
"9/26/1899","53.0377"
"9/27/1899","53.2135"
"9/28/1899","53.382"
"10/2/1899","51.9754"
"10/3/1899","51.9901"
"10/4/1899","52.5468"
"10/5/1899","52.7666"
"10/6/1899","52.9644"
"10/7/1899","53.2428"
"10/9/1899","53.2355"
"10/10/1899","53.8215"
"10/11/1899","53.4772"
"10/12/1899","53.0743"
"10/13/1899","52.6054"
"10/14/1899","52.6348"
"10/16/1899","53.0889"
"10/17/1899","52.9058"
"10/18/1899","53.4259"
"10/19/1899","53.3746"
"10/20/1899","53.5578"
"10/21/1899","53.7629"
"10/23/1899","54.6566"
"10/24/1899","54.4369"
"10/25/1899","54.5101"
"10/26/1899","54.5907"
"10/27/1899","54.5174"
"10/28/1899","54.8178"
"10/30/1899","54.4808"
"10/31/1899","54.9204"
"11/1/1899","55.0669"
"11/2/1899","55.4698"
"11/3/1899","55.1914"
"11/4/1899","54.891"
"11/6/1899","55.0376"
"11/8/1899","55.0376"
"11/9/1899","54.4881"
"11/10/1899","53.968"
"11/11/1899","53.5212"
"11/13/1899","54.2684"
"11/14/1899","54.327"
"11/15/1899","54.7006"
"11/16/1899","55.294"
"11/17/1899","55.5284"
"11/18/1899","55.6236"
"11/20/1899","55.4038"
"11/21/1899","54.979"
"11/22/1899","55.0888"
"11/23/1899","55.3086"
"11/24/1899","55.5284"
"11/27/1899","55.4478"
"11/28/1899","55.294"
"11/29/1899","55.3452"
"12/1/1899","55.2866"
"12/2/1899","55.4405"
"12/4/1899","54.4002"
"12/5/1899","53.8948"
"12/6/1899","53.8655"
"12/7/1899","53.4992"
"12/8/1899","51.4773"
"12/9/1899","50.7374"
"12/11/1899","49.3968"
"12/12/1899","49.4774"
"12/13/1899","46.9061"
"12/14/1899","47.8072"
"12/15/1899","48.5031"
"12/16/1899","46.7669"
"12/18/1899","42.6865"
"12/19/1899","44.7011"
"12/20/1899","44.8256"
"12/21/1899","43.9319"
"12/22/1899","42.9942"
"12/23/1899","44.3714"
"12/26/1899","45.419"
"12/27/1899","47.2284"
"12/28/1899","47.1698"
"12/29/1899","48.1515"
"12/30/1899","48.4079"
"1/2/1900","49.9096"
"1/3/1900","48.7961"
"1/4/1900","49.1917"
"1/5/1900","48.8694"
"1/6/1900","48.3639"
"1/8/1900","48.6496"
"1/9/1900","47.6094"
"1/10/1900","46.9867"
"1/11/1900","46.3493"
"1/12/1900","47.5654"
"1/13/1900","47.4702"
"1/15/1900","47.0453"
"1/16/1900","47.0966"
"1/17/1900","47.2944"
"1/18/1900","47.0892"
"1/19/1900","47.8291"
"1/20/1900","47.4921"
"1/22/1900","47.8877"
"1/23/1900","47.1625"
"1/24/1900","47.4116"
"1/25/1900","47.6533"
"1/26/1900","47.0526"
"1/27/1900","47.0819"
"1/29/1900","47.2138"
"1/30/1900","48.3932"
"1/31/1900","48.4445"
"2/1/1900","49.3309"
"2/2/1900","49.7118"
"2/3/1900","49.7265"
"2/5/1900","50.0781"
"2/6/1900","49.8364"
"2/7/1900","49.7704"
"2/8/1900","49.4188"
"2/9/1900","48.9793"
"2/10/1900","48.8327"
"2/13/1900","49.3675"
"2/14/1900","49.0086"
"2/15/1900","49.1404"
"2/16/1900","48.6423"
"2/17/1900","48.2101"
"2/19/1900","48.5324"
"2/20/1900","48.4665"
"2/21/1900","48.0489"
"2/23/1900","47.2651"
"2/24/1900","46.972"
"2/26/1900","46.5618"
"2/27/1900","46.408"
"2/28/1900","46.8548"
"3/1/1900","46.5838"
"3/2/1900","45.3824"
"3/3/1900","45.9757"
"3/5/1900","45.5069"
"3/6/1900","45.3238"
"3/7/1900","45.2945"
"3/8/1900","44.9721"
"3/9/1900","44.767"
"3/10/1900","45.1846"
"3/12/1900","46.3787"
"3/13/1900","46.0636"
"3/14/1900","45.441"
"3/15/1900","45.2798"
"3/16/1900","45.3531"
"3/17/1900","45.7853"
"3/19/1900","46.0856"
"3/20/1900","46.4812"
"3/21/1900","46.9427"
"3/22/1900","46.9281"
"3/23/1900","46.6424"
"3/24/1900","47.0746"
"3/26/1900","46.9281"
"3/27/1900","47.4042"
"3/28/1900","47.7046"
"3/29/1900","46.9354"
"3/30/1900","47.9024"
"3/31/1900","48.3639"
"4/2/1900","48.0196"
"4/3/1900","47.7412"
"4/4/1900","47.6973"
"4/5/1900","47.961"
"4/6/1900","48.4591"
"4/7/1900","48.4591"
"4/9/1900","47.9537"
"4/10/1900","47.287"
"4/11/1900","47.4555"
"4/12/1900","47.1771"
"4/16/1900","45.0893"
"4/17/1900","45.2725"
"4/18/1900","45.2871"
"4/19/1900","45.6974"
"4/20/1900","45.5655"
"4/21/1900","44.2982"
"4/23/1900","44.8256"
"4/24/1900","45.1919"
"4/25/1900","45.3384"
"4/26/1900","46.1882"
"4/27/1900","45.6021"
"4/28/1900","45.2652"
"4/30/1900","44.9282"
"5/1/1900","44.9208"
"5/2/1900","44.7231"
"5/3/1900","44.7011"
"5/4/1900","44.8183"
"5/5/1900","44.9502"
"5/7/1900","44.4081"
"5/8/1900","43.4118"
"5/9/1900","43.9099"
"5/10/1900","44.0271"
"5/11/1900","42.9429"
"5/12/1900","42.5766"
"5/14/1900","42.1591"
"5/15/1900","41.4778"
"5/16/1900","41.8441"
"5/17/1900","41.5804"
"5/18/1900","42.3129"
"5/19/1900","42.6206"
"5/21/1900","42.0492"
"5/22/1900","42.562"
"5/23/1900","42.7451"
"5/24/1900","42.1298"
"5/25/1900","41.9466"
"5/26/1900","42.1591"
"5/28/1900","42.247"
"5/29/1900","42.4961"
"5/31/1900","43.2946"
"6/1/1900","43.4997"
"6/2/1900","43.0748"
"6/4/1900","42.4668"
"6/5/1900","42.1078"
"6/6/1900","41.7415"
"6/7/1900","42.1664"
"6/8/1900","41.4778"
"6/9/1900","41.324"
"6/11/1900","41.0456"
"6/12/1900","41.1335"
"6/13/1900","41.8441"
"6/14/1900","41.3972"
"6/15/1900","41.1481"
"6/16/1900","40.5987"
"6/18/1900","40.2617"
"6/19/1900","40.3496"
"6/20/1900","39.8442"
"6/21/1900","40.0346"
"6/22/1900","39.6391"
"6/23/1900","39.3241"
"6/25/1900","39.3241"
"6/26/1900","39.5585"
"6/27/1900","39.6391"
"6/28/1900","40.1079"
"6/29/1900","40.1665"
"6/30/1900","40.2398"
"7/2/1900","40.6427"
"7/3/1900","40.7819"
"7/5/1900","41.3972"
"7/6/1900","41.1188"
"7/7/1900","41.0456"
"7/9/1900","40.8478"
"7/10/1900","41.6902"
"7/11/1900","41.5877"
"7/12/1900","41.5437"
"7/13/1900","41.009"
"7/14/1900","40.9357"
"7/16/1900","41.1848"
"7/17/1900","41.573"
"7/18/1900","41.4705"
"7/19/1900","41.954"
"7/20/1900","42.7451"
"7/21/1900","42.7891"
"7/23/1900","43.2359"
"7/24/1900","42.7451"
"7/25/1900","42.6206"
"7/26/1900","42.4375"
"7/27/1900","42.5107"
"7/28/1900","42.269"
"7/30/1900","41.8514"
"7/31/1900","41.6097"
"8/1/1900","41.8001"
"8/2/1900","41.91"
"8/3/1900","41.9686"
"8/4/1900","42.269"
"8/6/1900","42.1737"
"8/7/1900","42.2763"
"8/8/1900","42.4008"
"8/9/1900","42.2983"
"8/10/1900","42.4887"
"8/11/1900","42.5547"
"8/13/1900","42.855"
"8/14/1900","43.0528"
"8/15/1900","43.148"
"8/16/1900","43.1187"
"8/17/1900","43.1041"
"8/18/1900","42.9942"
"8/20/1900","43.0748"
"8/21/1900","42.8916"
"8/22/1900","42.9649"
"8/23/1900","42.7964"
"8/24/1900","42.7085"
"8/25/1900","42.6133"
"8/27/1900","42.6499"
"8/28/1900","42.3349"
"8/29/1900","42.8037"
"8/30/1900","42.7744"
"8/31/1900","42.3495"
"9/4/1900","42.8916"
"9/5/1900","42.9136"
"9/6/1900","42.855"
"9/7/1900","42.7232"
"9/8/1900","42.4008"
"9/10/1900","42.54"
"9/11/1900","42.562"
"9/12/1900","42.6719"
"9/13/1900","42.6352"
"9/14/1900","42.1005"
"9/15/1900","41.4338"
"9/17/1900","41.5144"
"9/18/1900","41.4851"
"9/19/1900","40.7526"
"9/20/1900","39.8295"
"9/21/1900","39.8295"
"9/22/1900","39.1409"
"9/24/1900","38.7966"
"9/25/1900","38.9211"
"9/26/1900","39.0091"
"9/27/1900","39.9467"
"9/28/1900","39.661"
"9/29/1900","39.7563"
"10/1/1900","40.2617"
"10/2/1900","39.9394"
"10/3/1900","40.1006"
"10/4/1900","40.5035"
"10/5/1900","40.8038"
"10/6/1900","40.6646"
"10/8/1900","40.5694"
"10/9/1900","40.6646"
"10/10/1900","40.2178"
"10/11/1900","40.5401"
"10/12/1900","41.0895"
"10/13/1900","41.4485"
"10/15/1900","42.4155"
"10/16/1900","42.3569"
"10/17/1900","42.4082"
"10/18/1900","42.8257"
"10/19/1900","43.0235"
"10/20/1900","43.6169"
"10/22/1900","44.4154"
"10/23/1900","44.5326"
"10/24/1900","44.5326"
"10/25/1900","44.4227"
"10/26/1900","44.3201"
"10/27/1900","44.0125"
"10/29/1900","43.4484"
"10/30/1900","43.6096"
"10/31/1900","43.2506"
"11/1/1900","43.3532"
"11/2/1900","43.507"
"11/3/1900","43.8073"
"11/5/1900","44.5912"
"11/7/1900","46.0783"
"11/8/1900","46.7083"
"11/9/1900","47.7266"
"11/10/1900","48.7009"
"11/12/1900","49.3236"
"11/13/1900","48.1515"
"11/14/1900","48.5177"
"11/15/1900","48.9426"
"11/16/1900","49.9536"
"11/17/1900","50.3272"
"11/19/1900","50.459"
"11/20/1900","50.5982"
"11/21/1900","50.525"
"11/22/1900","50.1147"
"11/23/1900","49.0232"
"11/24/1900","48.8987"
"11/26/1900","49.2503"
"11/27/1900","49.0891"
"11/28/1900","48.7815"
"11/30/1900","48.7815"
"12/1/1900","48.6056"
"12/3/1900","48.6643"
"12/4/1900","47.9244"
"12/5/1900","48.3859"
"12/6/1900","47.668"
"12/7/1900","47.0087"
"12/8/1900","46.8695"
"12/10/1900","47.3603"
"12/11/1900","48.0123"
"12/12/1900","47.9463"
"12/13/1900","47.5361"
"12/14/1900","48.0123"
"12/15/1900","48.3053"
"12/17/1900","48.1295"
"12/18/1900","48.7302"
"12/19/1900","49.221"
"12/20/1900","49.3602"
"12/21/1900","50.2759"
"12/22/1900","51.3015"
"12/26/1900","51.9022"
"12/27/1900","52.0414"
"12/28/1900","51.1257"
"12/29/1900","51.426"
"12/31/1900","51.7996"
"1/2/1901","51.6018"
"1/3/1901","49.7924"
"1/4/1901","50.7887"
"1/5/1901","49.58"
"1/7/1901","49.1697"
"1/8/1901","49.558"
"1/9/1901","49.4701"
"1/10/1901","49.7338"
"1/11/1901","49.7045"
"1/12/1901","49.3455"
"1/14/1901","49.2723"
"1/15/1901","48.7155"
"1/16/1901","48.1368"
"1/17/1901","47.8365"
"1/18/1901","47.7705"
"1/19/1901","47.4482"
"1/21/1901","47.5581"
"1/22/1901","48.0049"
"1/23/1901","48.6203"
"1/24/1901","48.0929"
"1/25/1901","48.4665"
"1/26/1901","48.8474"
"1/28/1901","48.5617"
"1/29/1901","48.7595"
"1/30/1901","48.8767"
"1/31/1901","48.9426"
"2/1/1901","49.6019"
"2/4/1901","50.1514"
"2/5/1901","50.7447"
"2/6/1901","51.1989"
"2/7/1901","50.7887"
"2/8/1901","51.133"
"2/9/1901","51.3967"
"2/11/1901","51.6311"
"2/13/1901","50.8766"
"2/14/1901","51.7337"
"2/15/1901","51.8509"
"2/16/1901","51.4114"
"2/18/1901","50.4883"
"2/19/1901","50.0854"
"2/20/1901","49.7851"
"2/21/1901","50.2173"
"2/25/1901","50.0122"
"2/26/1901","49.3455"
"2/27/1901","49.895"
"2/28/1901","49.0818"
"3/1/1901","49.6386"
"3/2/1901","49.5726"
"3/4/1901","49.5067"
"3/5/1901","49.3382"
"3/6/1901","49.3675"
"3/7/1901","49.6093"
"3/8/1901","49.4847"
"3/9/1901","49.3016"
"3/11/1901","49.4334"
"3/12/1901","49.2869"
"3/13/1901","49.2137"
"3/14/1901","49.4774"
"3/15/1901","49.3236"
"3/16/1901","49.4261"
"3/18/1901","50.1221"
"3/19/1901","50.3491"
"3/20/1901","50.4151"
"3/21/1901","50.4957"
"3/22/1901","50.4883"
"3/23/1901","50.4151"
"3/25/1901","50.2466"
"3/26/1901","50.1953"
"3/27/1901","50.7447"
"3/28/1901","50.8326"
"3/29/1901","50.8619"
"3/30/1901","51.2209"
"4/1/1901","51.9461"
"4/2/1901","52.0267"
"4/3/1901","52.2685"
"4/4/1901","52.752"
"4/8/1901","52.3564"
"4/9/1901","53.1182"
"4/10/1901","53.5578"
"4/11/1901","53.1988"
"4/12/1901","53.3893"
"4/13/1901","53.9534"
"4/15/1901","55.1987"
"4/16/1901","55.25"
"4/17/1901","54.8544"
"4/18/1901","55.0156"
"4/19/1901","55.5943"
"4/20/1901","55.4258"
"4/22/1901","54.62"
"4/23/1901","54.0633"
"4/24/1901","53.631"
"4/25/1901","53.9387"
"4/26/1901","54.4662"
"4/29/1901","55.1108"
"4/30/1901","55.5284"
"5/1/1901","55.6236"
"5/2/1901","55.0815"
"5/3/1901","54.4808"
"5/4/1901","54.8691"
"5/6/1901","55.3452"
"5/7/1901","54.957"
"5/8/1901","52.5395"
"5/9/1901","49.3602"
"5/10/1901","52.5029"
"5/13/1901","52.686"
"5/14/1901","50.9792"
"5/15/1901","51.3235"
"5/16/1901","51.8949"
"5/17/1901","53.5431"
"5/18/1901","54.1072"
"5/20/1901","53.3014"
"5/21/1901","53.7995"
"5/22/1901","53.8508"
"5/23/1901","53.3527"
"5/24/1901","54.012"
"5/25/1901","53.9314"
"5/27/1901","53.968"
"5/28/1901","54.2171"
"5/29/1901","54.5834"
"5/31/1901","55.5064"
"6/1/1901","56.1071"
"6/3/1901","56.9422"
"6/4/1901","56.4587"
"6/5/1901","55.9459"
"6/6/1901","56.0045"
"6/7/1901","55.902"
"6/8/1901","55.7262"
"6/10/1901","55.8727"
"6/11/1901","55.7555"
"6/12/1901","56.0778"
"6/13/1901","56.6346"
"6/14/1901","56.4587"
"6/15/1901","56.7225"
"6/17/1901","57.3305"
"6/18/1901","57.0082"
"6/19/1901","56.8177"
"6/20/1901","56.5686"
"6/21/1901","57.0961"
"6/22/1901","56.9276"
"6/24/1901","56.9276"
"6/25/1901","56.3562"
"6/26/1901","56.3122"
"6/27/1901","56.2756"
"6/28/1901","56.0192"
"6/29/1901","57.0961"
"7/1/1901","56.4661"
"7/2/1901","56.4587"
"7/3/1901","56.1144"
"7/8/1901","54.2391"
"7/9/1901","54.6933"
"7/10/1901","53.316"
"7/11/1901","52.9058"
"7/12/1901","51.8436"
"7/13/1901","52.0487"
"7/15/1901","50.8839"
"7/16/1901","51.0378"
"7/17/1901","52.415"
"7/18/1901","52.6787"
"7/19/1901","52.7227"
"7/20/1901","52.2465"
"7/22/1901","51.5945"
"7/23/1901","52.2978"
"7/24/1901","51.9461"
"7/25/1901","52.5175"
"7/26/1901","52.8399"
"7/27/1901","53.2574"
"7/29/1901","53.4332"
"7/30/1901","53.2208"
"7/31/1901","52.4736"
"8/1/1901","52.5322"
"8/2/1901","52.2172"
"8/3/1901","52.1732"
"8/5/1901","50.7008"
"8/6/1901","50.5836"
"8/7/1901","50.9352"
"8/8/1901","51.5872"
"8/9/1901","51.0304"
"8/10/1901","50.8107"
"8/12/1901","51.2136"
"8/13/1901","51.5213"
"8/14/1901","51.7996"
"8/15/1901","52.5322"
"8/16/1901","52.437"
"8/17/1901","52.0194"
"8/19/1901","52.0194"
"8/20/1901","52.0707"
"8/21/1901","52.3051"
"8/22/1901","52.8179"
"8/23/1901","53.4992"
"8/24/1901","53.99"
"8/26/1901","54.0852"
"8/27/1901","53.338"
"8/28/1901","53.2648"
"8/29/1901","53.3453"
"8/30/1901","53.8215"
"9/3/1901","53.2208"
"9/4/1901","53.675"
"9/5/1901","53.5212"
"9/6/1901","52.9131"
"9/7/1901","50.5689"
"9/9/1901","51.785"
"9/10/1901","52.3417"
"9/11/1901","52.0194"
"9/12/1901","51.4626"
"9/13/1901","49.265"
"9/16/1901","51.2868"
"9/17/1901","51.1843"
"9/18/1901","51.4626"
"9/20/1901","51.6238"
"9/21/1901","51.0817"
"9/23/1901","49.4994"
"9/24/1901","49.3968"
"9/25/1901","48.5104"
"9/26/1901","49.0012"
"9/27/1901","49.5873"
"9/28/1901","49.3748"
"9/30/1901","48.8327"
"10/1/1901","48.4005"
"10/2/1901","48.3053"
"10/3/1901","47.2358"
"10/4/1901","47.3017"
"10/5/1901","46.5032"
"10/7/1901","46.679"
"10/8/1901","46.7669"
"10/9/1901","46.9794"
"10/10/1901","47.8804"
"10/11/1901","48.2833"
"10/12/1901","47.9976"
"10/14/1901","48.1954"
"10/15/1901","47.8365"
"10/16/1901","47.5508"
"10/17/1901","47.7852"
"10/18/1901","47.9683"
"10/19/1901","48.2101"
"10/21/1901","47.9244"
"10/22/1901","48.1002"
"10/23/1901","48.1002"
"10/24/1901","47.939"
"10/25/1901","47.8291"
"10/26/1901","47.6826"
"10/28/1901","46.8914"
"10/29/1901","47.2211"
"10/30/1901","47.5141"
"10/31/1901","47.2138"
"11/1/1901","47.3749"
"11/2/1901","47.4921"
"11/4/1901","47.2358"
"11/6/1901","47.2944"
"11/7/1901","47.4555"
"11/8/1901","47.6899"
"11/9/1901","48.1002"
"11/11/1901","48.7302"
"11/12/1901","48.6056"
"11/13/1901","48.3712"
"11/14/1901","47.8804"
"11/15/1901","48.4225"
"11/16/1901","48.4372"
"11/18/1901","48.254"
"11/19/1901","48.0709"
"11/20/1901","47.7266"
"11/21/1901","47.9463"
"11/22/1901","48.2613"
"11/23/1901","48.1148"
"11/25/1901","47.7266"
"11/26/1901","47.7485"
"11/27/1901","48.1881"
"11/29/1901","48.1148"
"11/30/1901","47.624"
"12/2/1901","46.8988"
"12/3/1901","47.2064"
"12/4/1901","47.5215"
"12/5/1901","47.4995"
"12/6/1901","46.7523"
"12/7/1901","46.1223"
"12/9/1901","46.6497"
"12/10/1901","46.3493"
"12/11/1901","45.9684"
"12/12/1901","45.1333"
"12/13/1901","45.3018"
"12/14/1901","45.5802"
"12/16/1901","45.3824"
"12/17/1901","45.6168"
"12/18/1901","45.9977"
"12/19/1901","46.049"
"12/20/1901","46.2761"
"12/21/1901","46.2395"
"12/23/1901","45.4996"
"12/24/1901","45.0674"
"12/26/1901","45.8732"
"12/27/1901","46.3787"
"12/28/1901","46.7083"
"12/30/1901","46.3933"
"12/31/1901","47.2944"
"1/2/1902","47.1185"
"1/3/1902","47.0673"
"1/4/1902","47.3163"
"1/6/1902","47.5434"
"1/7/1902","47.0453"
"1/8/1902","47.5215"
"1/9/1902","46.9427"
"1/10/1902","46.7742"
"1/11/1902","46.8988"
"1/13/1902","46.3787"
"1/14/1902","45.8366"
"1/15/1902","46.2688"
"1/16/1902","46.5838"
"1/17/1902","46.8988"
"1/18/1902","46.5471"
"1/20/1902","46.4812"
"1/21/1902","46.4739"
"1/22/1902","46.5471"
"1/23/1902","46.8914"
"1/24/1902","46.9794"
"1/25/1902","46.8109"
"1/27/1902","47.0087"
"1/28/1902","47.7412"
"1/29/1902","47.4409"
"1/30/1902","47.5215"
"1/31/1902","47.5801"
"2/1/1902","47.646"
"2/3/1902","47.4482"
"2/4/1902","47.3383"
"2/5/1902","47.5874"
"2/6/1902","47.5581"
"2/7/1902","47.8438"
"2/8/1902","47.5727"
"2/10/1902","47.4848"
"2/11/1902","47.7339"
"2/13/1902","47.309"
"2/14/1902","47.331"
"2/15/1902","47.3749"
"2/17/1902","47.8365"
"2/18/1902","47.4775"
"2/19/1902","48.0049"
"2/20/1902","47.3823"
"2/21/1902","47.602"
"2/24/1902","47.8365"
"2/25/1902","48.0416"
"2/26/1902","47.7632"
"2/27/1902","47.8145"
"2/28/1902","47.4775"
"3/1/1902","47.7119"
"3/3/1902","47.8365"
"3/4/1902","47.4482"
"3/5/1902","47.5947"
"3/6/1902","48.4665"
"3/7/1902","48.0269"
"3/8/1902","48.0562"
"3/10/1902","47.6973"
"3/11/1902","47.8511"
"3/12/1902","47.5288"
"3/13/1902","47.8072"
"3/14/1902","47.8951"
"3/15/1902","48.0489"
"3/17/1902","48.0489"
"3/18/1902","48.3346"
"3/19/1902","48.7155"
"3/20/1902","49.265"
"3/21/1902","49.4627"
"3/22/1902","49.3089"
"3/24/1902","49.3016"
"3/25/1902","49.0891"
"3/26/1902","49.265"
"3/27/1902","49.2357"
"3/31/1902","49.221"
"4/1/1902","49.2283"
"4/2/1902","49.2063"
"4/3/1902","49.0891"
"4/4/1902","48.95"
"4/5/1902","48.9646"
"4/7/1902","48.7888"
"4/8/1902","48.7888"
"4/9/1902","48.906"
"4/10/1902","48.3126"
"4/11/1902","48.4811"
"4/12/1902","48.591"
"4/14/1902","48.3712"
"4/15/1902","48.6862"
"4/16/1902","48.9793"
"4/17/1902","49.4041"
"4/18/1902","49.6312"
"4/19/1902","49.5287"
"4/21/1902","49.1551"
"4/22/1902","48.4958"
"4/23/1902","48.9646"
"4/24/1902","50.1367"
"4/25/1902","49.536"
"4/26/1902","49.5433"
"4/28/1902","49.3089"
"4/29/1902","49.3529"
"4/30/1902","49.0891"
"5/1/1902","49.1624"
"5/2/1902","48.2687"
"5/3/1902","48.5324"
"5/5/1902","48.3932"
"5/6/1902","49.0891"
"5/7/1902","48.613"
"5/8/1902","48.8327"
"5/9/1902","48.6423"
"5/10/1902","48.3126"
"5/12/1902","47.9903"
"5/13/1902","48.276"
"5/14/1902","48.3126"
"5/15/1902","48.3932"
"5/16/1902","47.8731"
"5/17/1902","47.5068"
"5/19/1902","47.4189"
"5/20/1902","47.8584"
"5/21/1902","48.2467"
"5/22/1902","48.2613"
"5/23/1902","48.6716"
"5/24/1902","48.95"
"5/26/1902","48.6862"
"5/27/1902","48.5324"
"5/28/1902","48.5031"
"5/29/1902","48.6569"
"6/2/1902","48.5397"
"6/3/1902","48.4738"
"6/4/1902","48.3199"
"6/5/1902","47.8511"
"6/6/1902","47.9537"
"6/7/1902","47.9756"
"6/9/1902","48.1148"
"6/10/1902","48.4298"
"6/11/1902","48.4958"
"6/12/1902","48.3053"
"6/13/1902","48.3053"
"6/14/1902","48.3859"
"6/16/1902","48.276"
"6/17/1902","48.2687"
"6/18/1902","47.9317"
"6/19/1902","47.5508"
"6/20/1902","47.4409"
"6/21/1902","47.4555"
"6/23/1902","47.0306"
"6/24/1902","46.6424"
"6/25/1902","46.7523"
"6/26/1902","46.9134"
"6/27/1902","46.6863"
"6/28/1902","46.7889"
"6/30/1902","47.1112"
"7/1/1902","47.0673"
"7/2/1902","47.4409"
"7/3/1902","47.5361"
"7/7/1902","47.6826"
"7/8/1902","47.2577"
"7/9/1902","47.0819"
"7/10/1902","47.3603"
"7/11/1902","47.2504"
"7/12/1902","47.2138"
"7/14/1902","47.353"
"7/15/1902","47.4628"
"7/16/1902","48.0196"
"7/17/1902","48.276"
"7/18/1902","48.3712"
"7/19/1902","48.3786"
"7/21/1902","48.3566"
"7/22/1902","48.6716"
"7/23/1902","48.7155"
"7/24/1902","48.6203"
"7/25/1902","48.7815"
"7/26/1902","48.7815"
"7/28/1902","49.2869"
"7/29/1902","48.7229"
"7/30/1902","48.7595"
"7/31/1902","48.2174"
"8/1/1902","48.2833"
"8/2/1902","48.2247"
"8/4/1902","48.3199"
"8/5/1902","48.4372"
"8/6/1902","48.6936"
"8/7/1902","48.7302"
"8/8/1902","48.7375"
"8/11/1902","48.4884"
"8/12/1902","48.4005"
"8/13/1902","48.7009"
"8/14/1902","48.9206"
"8/15/1902","48.7815"
"8/16/1902","48.7155"
"8/18/1902","48.6276"
"8/19/1902","48.6862"
"8/20/1902","48.5544"
"8/21/1902","47.8584"
"8/22/1902","48.2027"
"8/23/1902","48.2027"
"8/25/1902","48.254"
"8/26/1902","48.1954"
"8/27/1902","48.4884"
"8/28/1902","48.5544"
"8/29/1902","48.5544"
"9/2/1902","48.7522"
"9/3/1902","48.8181"
"9/4/1902","48.7888"
"9/5/1902","48.9353"
"9/6/1902","48.7595"
"9/8/1902","49.1697"
"9/9/1902","49.1038"
"9/10/1902","49.0012"
"9/11/1902","48.8401"
"9/12/1902","48.3859"
"9/13/1902","48.569"
"9/15/1902","48.4298"
"9/16/1902","48.6423"
"9/17/1902","49.0012"
"9/18/1902","49.265"
"9/19/1902","49.6459"
"9/20/1902","49.3748"
"9/22/1902","49.0159"
"9/23/1902","47.9463"
"9/24/1902","47.9244"
"9/25/1902","48.2101"
"9/26/1902","48.5983"
"9/27/1902","48.5544"
"9/29/1902","46.9354"
"9/30/1902","48.4591"
"10/1/1902","48.6789"
"10/2/1902","48.6716"
"10/3/1902","48.7741"
"10/4/1902","48.1368"
"10/6/1902","47.038"
"10/7/1902","46.7669"
"10/8/1902","47.0892"
"10/9/1902","47.6606"
"10/10/1902","47.4409"
"10/11/1902","46.7669"
"10/13/1902","47.0087"
"10/14/1902","47.6313"
"10/15/1902","47.8877"
"10/16/1902","48.4225"
"10/17/1902","48.7668"
"10/18/1902","48.7155"
"10/20/1902","48.7741"
"10/21/1902","48.2101"
"10/22/1902","48.2687"
"10/23/1902","48.1881"
"10/24/1902","47.8877"
"10/25/1902","48.6716"
"10/27/1902","48.3932"
"10/28/1902","48.2906"
"10/29/1902","47.7119"
"10/30/1902","47.9317"
"10/31/1902","48.3932"
"11/1/1902","48.2027"
"11/3/1902","48.0196"
"11/5/1902","47.287"
"11/6/1902","47.1552"
"11/7/1902","47.0233"
"11/8/1902","46.0783"
"11/10/1902","45.6754"
"11/11/1902","44.6571"
"11/12/1902","45.1333"
"11/13/1902","45.2798"
"11/14/1902","44.4081"
"11/15/1902","45.126"
"11/17/1902","45.5582"
"11/18/1902","45.1333"
"11/19/1902","45.1919"
"11/20/1902","45.4483"
"11/21/1902","46.1076"
"11/22/1902","46.0563"
"11/24/1902","45.9977"
"11/25/1902","45.5289"
"11/26/1902","44.9868"
"11/28/1902","45.5216"
"11/29/1902","45.4556"
"12/1/1902","45.8073"
"12/2/1902","45.5802"
"12/3/1902","45.419"
"12/4/1902","45.3457"
"12/5/1902","45.2432"
"12/6/1902","45.2212"
"12/8/1902","45.5216"
"12/9/1902","45.5582"
"12/10/1902","44.474"
"12/11/1902","43.9319"
"12/12/1902","44.093"
"12/13/1902","43.844"
"12/15/1902","43.6389"
"12/16/1902","43.7414"
"12/17/1902","44.0271"
"12/18/1902","44.8183"
"12/19/1902","44.9502"
"12/20/1902","45.3238"
"12/22/1902","45.9098"
"12/23/1902","45.419"
"12/24/1902","45.8659"
"12/26/1902","46.3054"
"12/27/1902","46.657"
"12/29/1902","46.3713"
"12/30/1902","46.8548"
"12/31/1902","47.0966"
"1/2/1903","47.3237"
"1/3/1903","47.3603"
"1/5/1903","47.8951"
"1/6/1903","48.2613"
"1/7/1903","48.1515"
"1/8/1903","48.591"
"1/9/1903","48.5031"
"1/10/1903","48.2394"
"1/12/1903","48.0929"
"1/13/1903","47.602"
"1/14/1903","47.5361"
"1/15/1903","47.2504"
"1/16/1903","47.4702"
"1/17/1903","47.668"
"1/19/1903","47.2651"
"1/20/1903","47.0233"
"1/21/1903","47.6167"
"1/22/1903","47.4921"
"1/23/1903","47.1039"
"1/24/1903","47.1112"
"1/26/1903","47.5434"
"1/27/1903","47.8804"
"1/28/1903","47.8877"
"1/29/1903","48.0196"
"1/30/1903","47.5874"
"1/31/1903","47.7485"
"2/2/1903","48.0049"
"2/3/1903","48.3932"
"2/4/1903","48.6423"
"2/5/1903","48.7522"
"2/6/1903","48.6276"
"2/7/1903","48.6936"
"2/9/1903","49.1551"
"2/10/1903","49.243"
"2/11/1903","49.221"
"2/13/1903","49.0305"
"2/14/1903","49.1184"
"2/16/1903","49.5946"
"2/17/1903","49.5873"
"2/18/1903","49.3162"
"2/19/1903","48.8547"
"2/20/1903","49.2723"
"2/24/1903","49.3968"
"2/25/1903","49.1477"
"2/26/1903","48.7302"
"2/27/1903","48.4665"
"2/28/1903","48.4884"
"3/2/1903","48.3566"
"3/3/1903","48.1148"
"3/4/1903","48.2101"
"3/5/1903","47.3969"
"3/6/1903","47.4848"
"3/7/1903","46.9794"
"3/9/1903","47.1918"
"3/10/1903","46.8109"
"3/11/1903","47.0892"
"3/12/1903","46.8255"
"3/13/1903","46.9647"
"3/14/1903","47.1112"
"3/16/1903","47.0233"
"3/17/1903","47.2577"
"3/18/1903","47.5141"
"3/19/1903","47.9097"
"3/20/1903","48.1661"
"3/21/1903","48.1222"
"3/23/1903","47.9024"
"3/24/1903","47.1991"
"3/25/1903","46.8548"
"3/26/1903","46.994"
"3/27/1903","46.4812"
"3/28/1903","46.4739"
"3/30/1903","46.049"
"3/31/1903","46.6204"
"4/1/1903","46.4959"
"4/2/1903","45.8805"
"4/3/1903","45.8219"
"4/4/1903","45.6241"
"4/6/1903","45.712"
"4/7/1903","45.4849"
"4/8/1903","45.6241"
"4/9/1903","45.6534"
"4/13/1903","44.5326"
"4/14/1903","45.5069"
"4/15/1903","45.5216"
"4/16/1903","46.0563"
"4/17/1903","46.7669"
"4/18/1903","46.9867"
"4/20/1903","47.1991"
"4/21/1903","47.2944"
"4/23/1903","47.038"
"4/24/1903","46.9354"
"4/25/1903","46.7303"
"4/27/1903","46.5032"
"4/28/1903","46.7156"
"4/29/1903","46.9501"
"4/30/1903","46.723"
"5/1/1903","46.7669"
"5/2/1903","46.7816"
"5/4/1903","46.9281"
"5/5/1903","46.8914"
"5/6/1903","46.8035"
"5/7/1903","46.5545"
"5/8/1903","46.6644"
"5/9/1903","46.5545"
"5/11/1903","46.7083"
"5/12/1903","46.5178"
"5/13/1903","46.6131"
"5/14/1903","46.2614"
"5/15/1903","46.1589"
"5/16/1903","45.9245"
"5/18/1903","45.5069"
"5/19/1903","45.6241"
"5/20/1903","44.8696"
"5/21/1903","45.3824"
"5/22/1903","45.8292"
"5/23/1903","44.9795"
"5/25/1903","44.4447"
"5/26/1903","45.0747"
"5/27/1903","44.8036"
"5/28/1903","44.3348"
"5/29/1903","44.1517"
"6/1/1903","43.6535"
"6/2/1903","43.8586"
"6/3/1903","43.8806"
"6/4/1903","43.1187"
"6/5/1903","42.877"
"6/6/1903","42.855"
"6/8/1903","42.4668"
"6/9/1903","42.0272"
"6/10/1903","41.595"
"6/11/1903","42.6939"
"6/12/1903","43.4997"
"6/13/1903","43.1773"
"6/15/1903","42.3056"
"6/16/1903","42.3715"
"6/17/1903","42.1591"
"6/18/1903","41.6756"
"6/19/1903","42.1078"
"6/20/1903","41.8441"
"6/22/1903","41.4998"
"6/23/1903","42.203"
"6/24/1903","42.1957"
"6/25/1903","41.9833"
"6/26/1903","41.954"
"6/27/1903","42.225"
"6/29/1903","43.0528"
"6/30/1903","43.2799"
"7/1/1903","43.0821"
"7/2/1903","42.5473"
"7/3/1903","42.6426"
"7/6/1903","42.5473"
"7/7/1903","42.3715"
"7/8/1903","42.4521"
"7/9/1903","41.7342"
"7/10/1903","41.4705"
"7/11/1903","40.943"
"7/13/1903","41.1115"
"7/14/1903","40.2324"
"7/15/1903","39.8295"
"7/16/1903","39.6317"
"7/17/1903","40.0932"
"7/18/1903","39.6317"
"7/20/1903","38.6501"
"7/21/1903","37.6904"
"7/22/1903","38.1007"
"7/23/1903","37.2362"
"7/24/1903","36.511"
"7/25/1903","35.9543"
"7/27/1903","36.7088"
"7/28/1903","37.7417"
"7/29/1903","37.3754"
"7/30/1903","37.1557"
"7/31/1903","37.185"
"8/1/1903","37.1776"
"8/3/1903","37.0458"
"8/4/1903","36.0568"
"8/5/1903","35.1484"
"8/6/1903","36.1594"
"8/7/1903","35.6319"
"8/8/1903","34.7089"
"8/10/1903","35.207"
"8/11/1903","35.6539"
"8/12/1903","36.8553"
"8/13/1903","37.6245"
"8/14/1903","38.6794"
"8/15/1903","38.8039"
"8/17/1903","39.4706"
"8/18/1903","39.2728"
"8/19/1903","37.6758"
"8/20/1903","37.9175"
"8/21/1903","37.6904"
"8/22/1903","37.8223"
"8/24/1903","37.6245"
"8/25/1903","38.2911"
"8/26/1903","38.3278"
"8/27/1903","38.3717"
"8/28/1903","38.8406"
"8/29/1903","38.9504"
"8/31/1903","38.9651"
"9/1/1903","38.6428"
"9/2/1903","38.5329"
"9/3/1903","37.9835"
"9/4/1903","38.0421"
"9/8/1903","37.749"
"9/9/1903","37.6465"
"9/10/1903","37.3608"
"9/11/1903","37.3095"
"9/12/1903","37.2143"
"9/14/1903","36.7454"
"9/15/1903","36.848"
"9/16/1903","36.4964"
"9/17/1903","36.218"
"9/18/1903","35.6979"
"9/19/1903","35.5294"
"9/21/1903","35.4927"
"9/22/1903","35.4781"
"9/23/1903","34.9799"
"9/24/1903","34.1522"
"9/25/1903","34.1668"
"9/26/1903","33.8371"
"9/28/1903","33.0313"
"9/29/1903","34.1888"
"9/30/1903","33.5514"
"10/1/1903","34.4745"
"10/2/1903","34.8847"
"10/3/1903","34.8188"
"10/5/1903","34.4672"
"10/6/1903","34.599"
"10/7/1903","34.4012"
"10/8/1903","33.339"
"10/9/1903","33.2145"
"10/10/1903","32.753"
"10/12/1903","31.9911"
"10/13/1903","31.6468"
"10/14/1903","31.0754"
"10/15/1903","30.9508"
"10/16/1903","32.5332"
"10/17/1903","33.0167"
"10/19/1903","31.6395"
"10/20/1903","32.7823"
"10/21/1903","33.0387"
"10/22/1903","32.7969"
"10/23/1903","32.665"
"10/24/1903","32.5845"
"10/26/1903","33.2071"
"10/27/1903","33.2657"
"10/28/1903","33.3024"
"10/29/1903","33.1192"
"10/30/1903","32.8335"
"10/31/1903","33.0606"
"11/2/1903","33.3024"
"11/4/1903","32.8921"
"11/5/1903","31.9398"
"11/6/1903","32.1889"
"11/7/1903","32.0204"
"11/9/1903","30.8776"
"11/10/1903","31.7493"
"11/11/1903","31.3757"
"11/12/1903","31.449"
"11/13/1903","31.8006"
"11/14/1903","31.5955"
"11/16/1903","31.764"
"11/17/1903","31.8666"
"11/18/1903","32.3793"
"11/19/1903","32.6211"
"11/20/1903","32.372"
"11/21/1903","32.3427"
"11/23/1903","32.6357"
"11/24/1903","31.9691"
"11/25/1903","32.1669"
"11/27/1903","32.416"
"11/28/1903","32.3354"
"11/30/1903","32.4746"
"12/1/1903","32.4892"
"12/2/1903","33.3317"
"12/3/1903","33.8665"
"12/4/1903","34.0642"
"12/5/1903","33.7419"
"12/7/1903","34.7236"
"12/8/1903","34.6796"
"12/9/1903","34.6796"
"12/10/1903","33.9544"
"12/11/1903","33.7859"
"12/12/1903","33.7199"
"12/14/1903","34.2108"
"12/15/1903","34.306"
"12/16/1903","34.328"
"12/17/1903","34.2108"
"12/18/1903","34.5477"
"12/19/1903","34.6723"
"12/21/1903","34.3939"
"12/22/1903","34.1595"
"12/23/1903","34.8334"
"12/24/1903","34.9799"
"12/28/1903","35.6319"
"12/29/1903","36.1521"
"12/30/1903","35.9396"
"12/31/1903","35.9762"
"1/2/1904","34.7089"
"1/4/1904","34.9946"
"1/5/1904","35.229"
"1/6/1904","34.4818"
"1/7/1904","34.5477"
"1/8/1904","35.1045"
"1/9/1904","35.1777"
"1/11/1904","35.0312"
"1/12/1904","34.892"
"1/13/1904","34.9946"
"1/14/1904","35.0532"
"1/15/1904","35.1411"
"1/16/1904","35.2217"
"1/18/1904","35.7638"
"1/19/1904","35.6393"
"1/20/1904","35.588"
"1/21/1904","36.174"
"1/22/1904","36.5843"
"1/23/1904","36.5623"
"1/25/1904","36.3425"
"1/26/1904","36.7601"
"1/27/1904","36.9945"
"1/28/1904","36.2033"
"1/29/1904","35.9762"
"1/30/1904","35.8297"
"2/1/1904","35.9176"
"2/2/1904","35.6686"
"2/3/1904","35.4561"
"2/4/1904","35.4195"
"2/5/1904","35.0679"
"2/6/1904","34.9067"
"2/8/1904","35.2363"
"2/9/1904","34.4159"
"2/10/1904","34.9873"
"2/11/1904","35.2803"
"2/13/1904","35.2437"
"2/15/1904","35.7931"
"2/16/1904","35.4488"
"2/17/1904","35.2803"
"2/18/1904","35.0898"
"2/19/1904","34.8041"
"2/20/1904","34.6576"
"2/23/1904","34.328"
"2/24/1904","34.2181"
"2/25/1904","34.7748"
"2/26/1904","34.5331"
"2/27/1904","34.4891"
"2/29/1904","34.8188"
"3/1/1904","35.0605"
"3/2/1904","35.0679"
"3/3/1904","35.1631"
"3/4/1904","35.0898"
"3/5/1904","34.6356"
"3/7/1904","34.5624"
"3/8/1904","34.958"
"3/9/1904","34.4598"
"3/10/1904","34.3792"
"3/11/1904","34.0349"
"3/12/1904","33.9983"
"3/14/1904","34.0642"
"3/15/1904","34.9653"
"3/16/1904","34.9946"
"3/17/1904","35.3829"
"3/18/1904","35.0972"
"3/19/1904","35.7198"
"3/21/1904","35.3536"
"3/22/1904","35.5294"
"3/23/1904","35.6173"
"3/24/1904","35.2803"
"3/25/1904","35.273"
"3/26/1904","35.3169"
"3/28/1904","35.6612"
"3/29/1904","35.6026"
"3/30/1904","35.7272"
"3/31/1904","35.9836"
"4/2/1904","35.9543"
"4/4/1904","35.6612"
"4/5/1904","35.8151"
"4/6/1904","36.1154"
"4/7/1904","36.6136"
"4/8/1904","36.3279"
"4/9/1904","36.3718"
"4/11/1904","36.6136"
"4/12/1904","36.3205"
"4/13/1904","36.4304"
"4/14/1904","36.196"
"4/15/1904","36.1521"
"4/16/1904","36.174"
"4/18/1904","36.1374"
"4/19/1904","35.837"
"4/20/1904","35.6173"
"4/21/1904","35.9689"
"4/22/1904","35.9616"
"4/23/1904","35.9836"
"4/25/1904","35.6393"
"4/26/1904","35.7565"
"4/27/1904","35.859"
"4/28/1904","35.7931"
"4/29/1904","35.8224"
"4/30/1904","35.7491"
"5/2/1904","35.4708"
"5/3/1904","35.4048"
"5/4/1904","35.6026"
"5/5/1904","35.5733"
"5/6/1904","35.6832"
"5/7/1904","35.5953"
"5/9/1904","35.6832"
"5/10/1904","35.4708"
"5/11/1904","35.3829"
"5/12/1904","35.1118"
"5/13/1904","34.958"
"5/14/1904","34.958"
"5/16/1904","34.8408"
"5/17/1904","34.9213"
"5/18/1904","34.7455"
"5/19/1904","34.7602"
"5/20/1904","34.8188"
"5/21/1904","35.207"
"5/23/1904","35.5513"
"5/24/1904","35.1704"
"5/25/1904","35.2656"
"5/26/1904","35.3316"
"5/27/1904","35.3536"
"5/31/1904","35.295"
"6/1/1904","35.3536"
"6/2/1904","35.2363"
"6/3/1904","35.2876"
"6/4/1904","35.2876"
"6/6/1904","35.2217"
"6/7/1904","35.3609"
"6/8/1904","35.6026"
"6/9/1904","35.6466"
"6/10/1904","35.9396"
"6/11/1904","35.9836"
"6/13/1904","35.8077"
"6/14/1904","35.9323"
"6/15/1904","35.7931"
"6/16/1904","35.7711"
"6/17/1904","35.6979"
"6/18/1904","35.8151"
"6/20/1904","35.8737"
"6/21/1904","35.9176"
"6/22/1904","36.2326"
"6/23/1904","36.24"
"6/24/1904","36.1301"
"6/25/1904","35.9836"
"6/27/1904","36.1081"
"6/28/1904","35.9836"
"6/29/1904","35.9543"
"6/30/1904","36.0788"
"7/1/1904","36.1227"
"7/5/1904","36.3498"
"7/6/1904","36.6941"
"7/7/1904","36.5989"
"7/8/1904","36.9505"
"7/9/1904","37.2436"
"7/11/1904","37.119"
"7/12/1904","37.6318"
"7/13/1904","37.8956"
"7/14/1904","37.9981"
"7/15/1904","38.1373"
"7/16/1904","38.4596"
"7/18/1904","38.4596"
"7/19/1904","38.7966"
"7/20/1904","38.6794"
"7/21/1904","38.4377"
"7/22/1904","38.5695"
"7/23/1904","38.9285"
"7/25/1904","38.8113"
"7/26/1904","38.2911"
"7/27/1904","38.4084"
"7/28/1904","38.379"
"7/29/1904","38.1813"
"7/30/1904","38.1886"
"8/1/1904","38.6281"
"8/2/1904","38.5915"
"8/3/1904","38.6428"
"8/4/1904","38.6061"
"8/5/1904","38.716"
"8/6/1904","38.7527"
"8/8/1904","38.6281"
"8/9/1904","38.8479"
"8/10/1904","38.9211"
"8/11/1904","39.031"
"8/12/1904","39.1116"
"8/13/1904","39.5805"
"8/15/1904","39.5438"
"8/16/1904","39.2215"
"8/17/1904","39.6171"
"8/18/1904","39.7416"
"8/19/1904","39.3827"
"8/20/1904","39.0823"
"8/22/1904","38.9211"
"8/23/1904","39.4925"
"8/24/1904","39.6537"
"8/25/1904","39.8588"
"8/26/1904","39.8808"
"8/27/1904","39.9028"
"8/29/1904","40.0053"
"8/30/1904","39.8808"
"8/31/1904","39.976"
"9/1/1904","40.2471"
"9/2/1904","40.4009"
"9/6/1904","40.5694"
"9/7/1904","40.7892"
"9/8/1904","40.9797"
"9/9/1904","41.4192"
"9/10/1904","42.0712"
"9/12/1904","41.3606"
"9/13/1904","41.258"
"9/14/1904","41.8294"
"9/15/1904","41.5071"
"9/16/1904","41.8954"
"9/17/1904","41.4485"
"9/19/1904","41.4265"
"9/20/1904","40.7819"
"9/21/1904","41.0236"
"9/22/1904","40.8185"
"9/23/1904","41.2507"
"9/24/1904","41.3899"
"9/26/1904","41.6902"
"9/27/1904","41.8587"
"9/28/1904","42.0785"
"9/29/1904","41.8368"
"9/30/1904","42.1884"
"10/1/1904","42.5254"
"10/3/1904","42.9649"
"10/4/1904","42.6865"
"10/5/1904","42.6206"
"10/6/1904","42.1884"
"10/7/1904","42.4594"
"10/8/1904","42.6499"
"10/10/1904","43.0382"
"10/11/1904","43.2433"
"10/12/1904","43.3898"
"10/13/1904","44.0711"
"10/14/1904","44.9941"
"10/15/1904","45.4703"
"10/17/1904","45.4629"
"10/18/1904","45.5362"
"10/19/1904","45.2139"
"10/20/1904","45.5069"
"10/21/1904","45.6754"
"10/22/1904","46.1296"
"10/24/1904","46.2761"
"10/25/1904","45.9171"
"10/26/1904","45.8805"
"10/27/1904","45.397"
"10/28/1904","46.4373"
"10/29/1904","47.2797"
"10/31/1904","46.1735"
"11/1/1904","46.679"
"11/2/1904","47.4409"
"11/3/1904","47.5215"
"11/4/1904","47.8438"
"11/5/1904","47.7998"
"11/7/1904","48.5031"
"11/9/1904","49.1331"
"11/10/1904","49.5067"
"11/11/1904","49.8364"
"11/12/1904","49.9536"
"11/14/1904","50.3858"
"11/15/1904","50.6715"
"11/16/1904","50.6275"
"11/17/1904","51.3381"
"11/18/1904","51.0524"
"11/19/1904","51.2868"
"11/21/1904","51.7337"
"11/22/1904","51.133"
"11/23/1904","51.1989"
"11/25/1904","51.8875"
"11/26/1904","52.4223"
"11/28/1904","53.0084"
"11/29/1904","53.001"
"11/30/1904","52.7593"
"12/1/1904","52.7813"
"12/2/1904","53.0816"
"12/3/1904","53.3746"
"12/5/1904","53.6457"
"12/6/1904","53.1622"
"12/7/1904","50.525"
"12/8/1904","49.8144"
"12/9/1904","50.7081"
"12/10/1904","51.2868"
"12/12/1904","48.1808"
"12/13/1904","48.6569"
"12/14/1904","48.4738"
"12/15/1904","48.8034"
"12/16/1904","50.3491"
"12/17/1904","50.1587"
"12/19/1904","50.166"
"12/20/1904","50.6129"
"12/21/1904","50.0928"
"12/22/1904","49.7191"
"12/23/1904","50.1587"
"12/27/1904","50.6422"
"12/28/1904","51.426"
"12/29/1904","52.0634"
"12/30/1904","51.3161"
"12/31/1904","50.9938"
"1/3/1905","51.5652"
"1/4/1905","51.4407"
"1/5/1905","51.448"
"1/6/1905","50.8839"
"1/7/1905","50.7154"
"1/9/1905","50.9279"
"1/10/1905","51.3528"
"1/11/1905","51.3015"
"1/12/1905","50.9938"
"1/13/1905","51.5066"
"1/14/1905","51.7923"
"1/16/1905","51.9681"
"1/17/1905","51.7703"
"1/18/1905","51.9974"
"1/19/1905","51.7703"
"1/20/1905","51.741"
"1/21/1905","51.3821"
"1/23/1905","50.8766"
"1/24/1905","50.8326"
"1/25/1905","50.3711"
"1/26/1905","51.3308"
"1/27/1905","51.5945"
"1/28/1905","51.8802"
"1/30/1905","51.8436"
"1/31/1905","52.2538"
"2/1/1905","51.9461"
"2/2/1905","52.1513"
"2/3/1905","52.3564"
"2/4/1905","52.4003"
"2/6/1905","52.5981"
"2/7/1905","53.2062"
"2/8/1905","53.1402"
"2/9/1905","52.9351"
"2/10/1905","53.675"
"2/11/1905","53.7263"
"2/14/1905","53.8288"
"2/15/1905","53.8948"
"2/16/1905","53.9387"
"2/17/1905","54.1512"
"2/18/1905","54.3783"
"2/20/1905","54.8984"
"2/21/1905","55.3159"
"2/23/1905","55.1914"
"2/24/1905","55.7555"
"2/25/1905","55.7921"
"2/27/1905","55.4918"
"2/28/1905","55.0522"
"3/1/1905","55.7188"
"3/2/1905","56.2683"
"3/3/1905","55.6163"
"3/4/1905","55.7775"
"3/6/1905","55.9166"
"3/7/1905","55.6895"
"3/8/1905","55.8873"
"3/9/1905","56.6712"
"3/10/1905","57.0521"
"3/11/1905","56.9349"
"3/13/1905","57.3012"
"3/14/1905","57.2646"
"3/15/1905","57.0594"
"3/16/1905","57.0008"
"3/17/1905","56.5393"
"3/18/1905","56.6052"
"3/20/1905","57.1547"
"3/21/1905","56.7811"
"3/22/1905","55.9972"
"3/23/1905","56.7151"
"3/24/1905","58.0704"
"3/25/1905","57.792"
"3/27/1905","57.5649"
"3/28/1905","57.2353"
"3/29/1905","57.6528"
"3/30/1905","58.0411"
"3/31/1905","58.6198"
"4/1/1905","59.096"
"4/3/1905","59.4329"
"4/4/1905","59.5648"
"4/5/1905","60.1948"
"4/6/1905","60.627"
"4/7/1905","60.8908"
"4/8/1905","60.3999"
"4/10/1905","60.2168"
"4/11/1905","60.019"
"4/12/1905","60.5391"
"4/13/1905","60.9713"
"4/14/1905","61.3523"
"4/15/1905","60.8908"
"4/17/1905","61.1032"
"4/18/1905","60.5098"
"4/19/1905","61.1252"
"4/20/1905","59.3011"
"4/24/1905","58.5832"
"4/25/1905","59.2278"
"4/26/1905","59.5282"
"4/27/1905","57.5283"
"4/28/1905","57.0448"
"4/29/1905","55.7335"
"5/1/1905","56.3342"
"5/2/1905","56.9715"
"5/3/1905","56.0485"
"5/4/1905","54.7079"
"5/5/1905","56.2756"
"5/6/1905","55.7994"
"5/8/1905","54.5907"
"5/9/1905","55.5137"
"5/10/1905","55.924"
"5/11/1905","56.5173"
"5/12/1905","57.1766"
"5/13/1905","56.7371"
"5/15/1905","56.7444"
"5/16/1905","56.3269"
"5/17/1905","56.1511"
"5/18/1905","54.6713"
"5/19/1905","54.1145"
"5/20/1905","53.6384"
"5/22/1905","52.2831"
"5/23/1905","52.4296"
"5/24/1905","54.0266"
"5/25/1905","53.4113"
"5/26/1905","53.4845"
"5/27/1905","53.4113"
"5/29/1905","54.2977"
"5/31/1905","54.4442"
"6/1/1905","53.6017"
"6/2/1905","53.7043"
"6/3/1905","53.7922"
"6/5/1905","53.8508"
"6/6/1905","53.1329"
"6/7/1905","53.4332"
"6/8/1905","53.5138"
"6/9/1905","53.675"
"6/10/1905","54.7079"
"6/12/1905","54.6566"
"6/13/1905","54.1731"
"6/14/1905","54.2903"
"6/15/1905","54.0339"
"6/16/1905","54.1805"
"6/17/1905","53.7409"
"6/19/1905","53.9753"
"6/20/1905","54.5248"
"6/21/1905","55.0815"
"6/22/1905","55.4551"
"6/23/1905","55.5137"
"6/24/1905","55.4478"
"6/26/1905","56.7371"
"6/27/1905","56.7371"
"6/28/1905","56.9789"
"6/29/1905","56.5466"
"6/30/1905","56.3122"
"7/1/1905","56.7591"
"7/3/1905","57.6528"
"7/5/1905","57.6162"
"7/6/1905","58.1143"
"7/7/1905","58.2682"
"7/8/1905","58.2169"
"7/10/1905","58.2169"
"7/11/1905","57.1547"
"7/12/1905","57.9385"
"7/13/1905","57.8213"
"7/14/1905","57.5503"
"7/15/1905","57.6382"
"7/17/1905","57.9458"
"7/18/1905","57.9458"
"7/19/1905","58.0631"
"7/20/1905","58.3121"
"7/21/1905","58.0924"
"7/22/1905","57.1766"
"7/24/1905","57.6455"
"7/25/1905","57.4037"
"7/26/1905","57.6235"
"7/27/1905","58.0704"
"7/28/1905","58.9421"
"7/29/1905","59.074"
"7/31/1905","59.8505"
"8/1/1905","59.5941"
"8/2/1905","59.5648"
"8/3/1905","59.7992"
"8/4/1905","59.997"
"8/5/1905","59.8871"
"8/7/1905","60.2168"
"8/8/1905","59.997"
"8/9/1905","59.9457"
"8/10/1905","60.0923"
"8/11/1905","60.2168"
"8/12/1905","60.0776"
"8/14/1905","60.1582"
"8/15/1905","60.3267"
"8/16/1905","60.3999"
"8/17/1905","60.6051"
"8/18/1905","60.0923"
"8/19/1905","60.1728"
"8/21/1905","60.2607"
"8/22/1905","60.1435"
"8/23/1905","60.671"
"8/24/1905","60.5171"
"8/25/1905","60.3413"
"8/26/1905","60.5171"
"8/28/1905","60.2314"
"8/29/1905","60.649"
"8/30/1905","60.1069"
"8/31/1905","59.0667"
"9/1/1905","58.3561"
"9/2/1905","58.3927"
"9/5/1905","59.1399"
"9/6/1905","57.814"
"9/7/1905","57.5796"
"9/8/1905","58.444"
"9/9/1905","57.8872"
"9/11/1905","57.9165"
"9/12/1905","58.7004"
"9/13/1905","58.1876"
"9/14/1905","58.6857"
"9/15/1905","58.9861"
"9/16/1905","59.4183"
"9/18/1905","59.6161"
"9/19/1905","59.1692"
"9/20/1905","59.6674"
"9/21/1905","59.9018"
"9/22/1905","60.0043"
"9/23/1905","59.9091"
"9/25/1905","59.3743"
"9/26/1905","59.5575"
"9/27/1905","59.4329"
"9/28/1905","59.2791"
"9/29/1905","59.6234"
"9/30/1905","59.997"
"10/2/1905","60.1948"
"10/3/1905","60.5245"
"10/4/1905","60.3487"
"10/5/1905","60.6417"
"10/6/1905","60.4732"
"10/7/1905","60.0849"
"10/9/1905","59.8139"
"10/10/1905","60.0849"
"10/11/1905","59.2132"
"10/12/1905","59.3084"
"10/13/1905","59.7333"
"10/14/1905","59.682"
"10/16/1905","59.6893"
"10/17/1905","59.6527"
"10/18/1905","59.3084"
"10/19/1905","59.6381"
"10/20/1905","60.2681"
"10/21/1905","60.6783"
"10/23/1905","60.7003"
"10/24/1905","60.6856"
"10/25/1905","60.5538"
"10/26/1905","60.1289"
"10/27/1905","60.0483"
"10/28/1905","59.7113"
"10/30/1905","60.312"
"10/31/1905","61.3669"
"11/1/1905","61.638"
"11/2/1905","61.4768"
"11/3/1905","61.3742"
"11/4/1905","60.7516"
"11/6/1905","61.0373"
"11/8/1905","60.1948"
"11/9/1905","59.748"
"11/10/1905","60.4878"
"11/11/1905","60.2534"
"11/13/1905","59.2132"
"11/14/1905","59.8285"
"11/15/1905","60.6344"
"11/16/1905","60.4146"
"11/17/1905","61.6746"
"11/18/1905","61.9237"
"11/20/1905","62.4291"
"11/21/1905","62.8833"
"11/22/1905","63.0811"
"11/23/1905","62.9493"
"11/24/1905","62.8613"
"11/25/1905","63.6891"
"11/27/1905","65.5132"
"11/28/1905","65.7623"
"11/29/1905","65.8502"
"12/1/1905","65.6524"
"12/2/1905","65.5645"
"12/4/1905","65.6085"
"12/5/1905","66.5315"
"12/6/1905","66.5974"
"12/7/1905","67.667"
"12/8/1905","68.275"
"12/9/1905","68.0113"
"12/11/1905","68.5607"
"12/12/1905","69.6888"
"12/13/1905","70.0918"
"12/14/1905","69.9379"
"12/15/1905","70.3628"
"12/16/1905","70.3921"
"12/18/1905","70.1137"
"12/19/1905","70.0625"
"12/20/1905","69.3079"
"12/21/1905","69.0076"
"12/22/1905","69.1761"
"12/23/1905","69.6302"
"12/26/1905","70.209"
"12/27/1905","68.8904"
"12/28/1905","69.8647"
"12/29/1905","70.7364"
"12/30/1905","70.4727"
"1/2/1906","69.5936"
"1/3/1906","70.0551"
"1/4/1906","69.1834"
"1/5/1906","70.3921"
"1/6/1906","71.1247"
"1/8/1906","71.8133"
"1/9/1906","71.6814"
"1/10/1906","71.8572"
"1/11/1906","72.5678"
"1/12/1906","73.4396"
"1/13/1906","73.1026"
"1/15/1906","73.8425"
"1/16/1906","73.8498"
"1/17/1906","74.4798"
"1/18/1906","74.912"
"1/19/1906","75.4541"
"1/20/1906","75.249"
"1/22/1906","74.9926"
"1/23/1906","75.0878"
"1/24/1906","75.1098"
"1/25/1906","75.2051"
"1/26/1906","75.3809"
"1/27/1906","74.619"
"1/29/1906","72.7583"
"1/30/1906","72.0184"
"1/31/1906","73.7619"
"2/1/1906","74.3919"
"2/2/1906","74.5091"
"2/3/1906","73.0879"
"2/5/1906","73.2931"
"2/6/1906","73.5421"
"2/7/1906","72.9634"
"2/8/1906","72.8902"
"2/9/1906","73.2052"
"2/10/1906","73.0806"
"2/13/1906","73.315"
"2/14/1906","72.7217"
"2/15/1906","71.7034"
"2/16/1906","71.2858"
"2/17/1906","70.6998"
"2/19/1906","71.2858"
"2/20/1906","71.11"
"2/21/1906","70.5093"
"2/23/1906","70.8829"
"2/24/1906","70.9635"
"2/26/1906","71.3371"
"2/27/1906","70.6485"
"2/28/1906","68.8171"
"3/1/1906","68.7365"
"3/2/1906","68.7585"
"3/3/1906","68.7512"
"3/5/1906","68.0552"
"3/6/1906","68.8611"
"3/7/1906","68.927"
"3/8/1906","69.3665"
"3/9/1906","70.6412"
"3/10/1906","70.5679"
"3/12/1906","70.6192"
"3/13/1906","71.0294"
"3/14/1906","70.6485"
"3/15/1906","70.1723"
"3/16/1906","69.8354"
"3/17/1906","69.6669"
"3/19/1906","68.1651"
"3/20/1906","69.1174"
"3/21/1906","69.1394"
"3/22/1906","69.5643"
"3/23/1906","69.6376"
"3/24/1906","69.4251"
"3/26/1906","70.5093"
"3/27/1906","70.1943"
"3/28/1906","70.795"
"3/29/1906","70.6412"
"3/30/1906","70.7657"
"3/31/1906","71.0221"
"4/2/1906","71.6741"
"4/3/1906","71.9305"
"4/4/1906","71.4104"
"4/5/1906","71.0587"
"4/6/1906","71.1247"
"4/7/1906","70.7364"
"4/9/1906","70.2749"
"4/10/1906","69.6302"
"4/11/1906","70.6485"
"4/12/1906","70.3408"
"4/13/1906","70.6998"
"4/14/1906","71.0734"
"4/16/1906","71.0661"
"4/17/1906","70.9415"
"4/18/1906","70.0844"
"4/19/1906","69.0295"
"4/20/1906","69.8061"
"4/21/1906","69.7768"
"4/23/1906","68.4655"
"4/24/1906","68.568"
"4/25/1906","68.1431"
"4/26/1906","67.7183"
"4/27/1906","65.8722"
"4/28/1906","64.9785"
"4/30/1906","66.3191"
"5/1/1906","64.4876"
"5/2/1906","63.8503"
"5/3/1906","63.3302"
"5/4/1906","65.2568"
"5/5/1906","65.7477"
"5/7/1906","66.5022"
"5/8/1906","67.4545"
"5/9/1906","68.0259"
"5/10/1906","68.2823"
"5/11/1906","68.4288"
"5/12/1906","68.2237"
"5/14/1906","67.982"
"5/15/1906","68.1724"
"5/16/1906","68.6926"
"5/17/1906","68.1651"
"5/18/1906","67.9453"
"5/19/1906","67.8941"
"5/21/1906","67.5424"
"5/22/1906","67.5058"
"5/23/1906","67.5131"
"5/24/1906","67.9527"
"5/25/1906","68.4362"
"5/26/1906","68.2384"
"5/28/1906","68.3409"
"5/29/1906","68.634"
"5/31/1906","68.6779"
"6/1/1906","68.8684"
"6/2/1906","69.1394"
"6/4/1906","69.7328"
"6/5/1906","69.6229"
"6/6/1906","69.7475"
"6/7/1906","69.6815"
"6/8/1906","69.2273"
"6/9/1906","68.8537"
"6/11/1906","69.1394"
"6/12/1906","68.9343"
"6/13/1906","68.59"
"6/14/1906","68.0626"
"6/15/1906","67.5791"
"6/16/1906","66.678"
"6/18/1906","66.4143"
"6/19/1906","66.9784"
"6/20/1906","67.3959"
"6/21/1906","66.3337"
"6/22/1906","66.6267"
"6/23/1906","65.8209"
"6/25/1906","65.2129"
"6/26/1906","65.4766"
"6/27/1906","64.2532"
"6/28/1906","64.9785"
"6/29/1906","63.9455"
"6/30/1906","63.7404"
"7/2/1906","63.0884"
"7/3/1906","63.4694"
"7/5/1906","63.4254"
"7/6/1906","64.3118"
"7/7/1906","64.4437"
"7/9/1906","64.3704"
"7/10/1906","63.9236"
"7/11/1906","63.2716"
"7/12/1906","62.7808"
"7/13/1906","62.3998"
"7/14/1906","62.561"
"7/16/1906","63.3302"
"7/17/1906","63.6672"
"7/18/1906","63.3961"
"7/19/1906","63.8869"
"7/20/1906","64.5536"
"7/21/1906","64.8393"
"7/23/1906","64.8979"
"7/24/1906","64.5536"
"7/25/1906","65.6304"
"7/26/1906","65.9528"
"7/27/1906","66.9637"
"7/28/1906","67.2494"
"7/30/1906","67.1908"
"7/31/1906","67.6963"
"8/1/1906","68.6559"
"8/2/1906","68.3995"
"8/3/1906","67.7183"
"8/4/1906","67.1542"
"8/6/1906","68.0186"
"8/7/1906","68.1065"
"8/8/1906","67.4692"
"8/9/1906","67.1762"
"8/10/1906","67.3373"
"8/11/1906","67.4179"
"8/13/1906","67.7842"
"8/14/1906","67.9087"
"8/15/1906","68.0845"
"8/16/1906","67.8281"
"8/17/1906","68.4069"
"8/18/1906","69.8427"
"8/20/1906","70.2969"
"8/21/1906","70.0332"
"8/22/1906","69.6595"
"8/23/1906","69.8573"
"8/24/1906","70.3775"
"8/25/1906","70.3848"
"8/27/1906","69.7328"
"8/28/1906","68.8684"
"8/29/1906","69.513"
"8/30/1906","69.0881"
"8/31/1906","68.8684"
"9/1/1906","69.1687"
"9/4/1906","68.3556"
"9/5/1906","68.6926"
"9/6/1906","69.3226"
"9/7/1906","69.0222"
"9/8/1906","69.2273"
"9/10/1906","69.264"
"9/11/1906","68.5167"
"9/12/1906","69.872"
"9/13/1906","69.7914"
"9/14/1906","70.2456"
"9/15/1906","69.9819"
"9/17/1906","70.0551"
"9/18/1906","70.209"
"9/19/1906","69.9379"
"9/20/1906","70.3775"
"9/21/1906","70.3262"
"9/22/1906","69.9599"
"9/24/1906","70.2676"
"9/25/1906","69.3592"
"9/26/1906","69.4618"
"9/27/1906","69.4251"
"9/28/1906","69.579"
"9/29/1906","69.4764"
"10/1/1906","70.1577"
"10/2/1906","69.9013"
"10/3/1906","69.7548"
"10/4/1906","69.3445"
"10/5/1906","69.9452"
"10/6/1906","70.2383"
"10/8/1906","70.7144"
"10/9/1906","70.8756"
"10/10/1906","70.6998"
"10/11/1906","70.8023"
"10/12/1906","70.7511"
"10/13/1906","70.3555"
"10/15/1906","70.165"
"10/16/1906","70.4287"
"10/17/1906","70.165"
"10/18/1906","70.0698"
"10/19/1906","69.4251"
"10/20/1906","67.9527"
"10/22/1906","69.2859"
"10/23/1906","69.2054"
"10/24/1906","68.7512"
"10/25/1906","68.2164"
"10/26/1906","68.2457"
"10/27/1906","68.4728"
"10/29/1906","68.7512"
"10/30/1906","68.6266"
"10/31/1906","68.0626"
"11/1/1906","68.7145"
"11/2/1906","69.0662"
"11/3/1906","68.9856"
"11/5/1906","69.3006"
"11/7/1906","68.8098"
"11/8/1906","68.5534"
"11/9/1906","68.3995"
"11/10/1906","68.3629"
"11/12/1906","67.6743"
"11/13/1906","68.1724"
"11/14/1906","68.8684"
"11/15/1906","69.0442"
"11/16/1906","69.4178"
"11/17/1906","69.7401"
"11/19/1906","69.535"
"11/20/1906","69.6229"
"11/21/1906","69.828"
"11/22/1906","69.7768"
"11/23/1906","69.8354"
"11/24/1906","69.2786"
"11/26/1906","69.4251"
"11/27/1906","69.6302"
"11/28/1906","69.7914"
"11/30/1906","69.6815"
"12/1/1906","69.7108"
"12/3/1906","69.85"
"12/4/1906","69.7621"
"12/5/1906","69.7914"
"12/6/1906","69.4618"
"12/7/1906","69.8134"
"12/8/1906","69.7328"
"12/10/1906","70.0185"
"12/11/1906","70.2456"
"12/12/1906","69.8573"
"12/13/1906","68.9343"
"12/14/1906","69.4618"
"12/15/1906","69.9306"
"12/17/1906","69.2273"
"12/18/1906","68.5241"
"12/19/1906","68.2091"
"12/20/1906","68.7219"
"12/21/1906","69.2933"
"12/22/1906","68.4581"
"12/24/1906","68.0845"
"12/26/1906","68.2237"
"12/27/1906","69.1101"
"12/28/1906","69.0662"
"12/29/1906","68.59"
"12/31/1906","69.1174"
"1/2/1907","69.0442"
"1/3/1907","69.1174"
"1/4/1907","70.3115"
"1/5/1907","70.4507"
"1/7/1907","70.5972"
"1/8/1907","70.0698"
"1/9/1907","70.3775"
"1/10/1907","70.2456"
"1/11/1907","69.9819"
"1/12/1907","70.165"
"1/14/1907","70.0185"
"1/15/1907","69.8573"
"1/16/1907","69.1614"
"1/17/1907","69.1101"
"1/18/1907","67.8501"
"1/19/1907","67.8208"
"1/21/1907","68.3336"
"1/22/1907","68.612"
"1/23/1907","68.7878"
"1/24/1907","68.883"
"1/25/1907","68.1285"
"1/26/1907","67.9234"
"1/28/1907","67.3153"
"1/29/1907","67.2201"
"1/30/1907","66.4949"
"1/31/1907","67.1762"
"2/1/1907","66.363"
"2/2/1907","66.2824"
"2/4/1907","66.2971"
"2/5/1907","67.1029"
"2/6/1907","66.993"
"2/7/1907","67.6523"
"2/8/1907","67.7329"
"2/9/1907","67.4912"
"2/11/1907","68.0845"
"2/13/1907","68.4142"
"2/14/1907","67.9307"
"2/15/1907","68.1798"
"2/16/1907","68.2677"
"2/18/1907","67.9893"
"2/19/1907","67.601"
"2/20/1907","67.4765"
"2/21/1907","67.3007"
"2/25/1907","66.1725"
"2/26/1907","66.3777"
"2/27/1907","65.7477"
"2/28/1907","66.3264"
"3/1/1907","66.0187"
"3/2/1907","65.6524"
"3/4/1907","64.4657"
"3/5/1907","63.3229"
"3/6/1907","63.9382"
"3/7/1907","63.3815"
"3/8/1907","62.4218"
"3/9/1907","62.1874"
"3/11/1907","62.7808"
"3/12/1907","63.3888"
"3/13/1907","60.8908"
"3/14/1907","55.8434"
"3/15/1907","59.5795"
"3/16/1907","61.3083"
"3/18/1907","60.1655"
"3/19/1907","59.7406"
"3/20/1907","59.2938"
"3/21/1907","60.0483"
"3/22/1907","58.8982"
"3/23/1907","57.6968"
"3/25/1907","55.228"
"3/26/1907","56.9789"
"3/27/1907","56.6932"
"3/28/1907","57.2939"
"3/29/1907","58.715"
"4/1/1907","60.29"
"4/2/1907","59.9531"
"4/3/1907","60.0263"
"4/4/1907","60.8981"
"4/5/1907","61.5061"
"4/6/1907","61.6966"
"4/8/1907","61.7991"
"4/9/1907","62.0482"
"4/10/1907","62.1068"
"4/11/1907","61.6746"
"4/12/1907","61.4255"
"4/13/1907","60.2388"
"4/15/1907","59.6307"
"4/16/1907","60.6856"
"4/17/1907","60.7223"
"4/18/1907","60.8541"
"4/19/1907","60.8834"
"4/20/1907","60.8761"
"4/22/1907","62.1215"
"4/23/1907","61.9969"
"4/24/1907","61.4915"
"4/25/1907","61.4475"
"4/26/1907","61.1765"
"4/27/1907","61.4988"
"4/29/1907","61.8065"
"4/30/1907","61.7552"
"5/1/1907","61.4402"
"5/2/1907","61.953"
"5/3/1907","62.2826"
"5/4/1907","61.9017"
"5/6/1907","61.7625"
"5/7/1907","61.1984"
"5/8/1907","61.1545"
"5/9/1907","61.008"
"5/10/1907","60.8468"
"5/11/1907","60.693"
"5/13/1907","61.2131"
"5/14/1907","61.1105"
"5/15/1907","61.4182"
"5/16/1907","61.1105"
"5/17/1907","60.8761"
"5/18/1907","60.5904"
"5/20/1907","59.1839"
"5/21/1907","57.7041"
"5/22/1907","58.1143"
"5/23/1907","57.9019"
"5/24/1907","58.2022"
"5/25/1907","57.8726"
"5/27/1907","56.6272"
"5/28/1907","56.6419"
"5/29/1907","57.3378"
"5/31/1907","57.2133"
"6/1/1907","57.0887"
"6/3/1907","56.7005"
"6/4/1907","57.9532"
"6/5/1907","57.5942"
"6/6/1907","57.748"
"6/7/1907","58.129"
"6/8/1907","58.5465"
"6/10/1907","58.5685"
"6/11/1907","57.9825"
"6/12/1907","57.9239"
"6/13/1907","57.5942"
"6/14/1907","57.1473"
"6/15/1907","56.8909"
"6/17/1907","57.0668"
"6/18/1907","57.2206"
"6/19/1907","57.206"
"6/20/1907","57.0375"
"6/21/1907","56.7225"
"6/22/1907","56.7298"
"6/24/1907","57.0887"
"6/25/1907","58.2608"
"6/26/1907","58.1949"
"6/27/1907","58.7663"
"6/28/1907","58.6052"
"6/29/1907","58.8689"
"7/1/1907","59.5355"
"7/2/1907","59.2645"
"7/3/1907","59.6161"
"7/5/1907","59.9604"
"7/6/1907","60.4512"
"7/8/1907","60.4512"
"7/9/1907","59.7553"
"7/10/1907","59.074"
"7/11/1907","59.052"
"7/12/1907","59.1253"
"7/13/1907","59.6747"
"7/15/1907","59.4842"
"7/16/1907","59.7113"
"7/17/1907","58.8982"
"7/18/1907","59.1692"
"7/19/1907","59.4549"
"7/20/1907","59.5795"
"7/22/1907","59.4183"
"7/23/1907","59.3231"
"7/24/1907","59.5721"
"7/25/1907","59.4183"
"7/26/1907","59.5209"
"7/27/1907","59.4916"
"7/29/1907","58.6784"
"7/30/1907","58.5026"
"7/31/1907","57.7774"
"8/1/1907","57.4037"
"8/2/1907","57.7774"
"8/3/1907","57.4917"
"8/5/1907","56.7078"
"8/6/1907","56.0778"
"8/7/1907","54.8764"
"8/8/1907","55.1548"
"8/9/1907","54.7372"
"8/10/1907","53.7043"
"8/12/1907","52.1439"
"8/13/1907","53.0157"
"8/14/1907","51.0085"
"8/15/1907","51.5139"
"8/16/1907","50.7594"
"8/17/1907","50.8107"
"8/19/1907","50.9132"
"8/20/1907","51.2868"
"8/21/1907","50.7301"
"8/22/1907","51.5506"
"8/23/1907","50.7447"
"8/24/1907","50.7301"
"8/26/1907","51.5945"
"8/27/1907","51.4773"
"8/28/1907","51.9901"
"8/29/1907","52.1439"
"8/30/1907","52.9498"
"9/3/1907","53.8508"
"9/4/1907","53.2867"
"9/5/1907","53.9094"
"9/6/1907","54.1292"
"9/7/1907","53.8874"
"9/9/1907","53.7995"
"9/10/1907","52.5102"
"9/11/1907","51.9828"
"9/12/1907","51.1769"
"9/13/1907","51.0524"
"9/14/1907","50.0341"
"9/16/1907","49.9169"
"9/17/1907","50.6715"
"9/18/1907","50.5836"
"9/19/1907","51.133"
"9/20/1907","51.3528"
"9/21/1907","51.6092"
"9/23/1907","50.9352"
"9/24/1907","51.1476"
"9/25/1907","50.8619"
"9/26/1907","50.5543"
"9/27/1907","49.6093"
"9/28/1907","49.199"
"9/30/1907","49.6093"
"10/1/1907","49.7777"
"10/2/1907","49.536"
"10/3/1907","49.7704"
"10/4/1907","49.6386"
"10/5/1907","49.3089"
"10/7/1907","49.492"
"10/8/1907","49.1184"
"10/9/1907","47.9903"
"10/10/1907","47.983"
"10/11/1907","46.5252"
"10/12/1907","45.6681"
"10/14/1907","45.5216"
"10/15/1907","45.4849"
"10/16/1907","44.2908"
"10/17/1907","44.3421"
"10/18/1907","43.3165"
"10/19/1907","42.9649"
"10/21/1907","44.5472"
"10/22/1907","43.3019"
"10/23/1907","42.6426"
"10/24/1907","42.6206"
"10/25/1907","42.7085"
"10/26/1907","42.7158"
"10/28/1907","42.584"
"10/29/1907","41.9247"
"10/30/1907","42.7964"
"10/31/1907","42.269"
"11/1/1907","42.1664"
"11/2/1907","42.0419"
"11/4/1907","42.8404"
"11/6/1907","42.3056"
"11/7/1907","41.3093"
"11/8/1907","41.5217"
"11/9/1907","41.3752"
"11/11/1907","41.6683"
"11/12/1907","40.9284"
"11/13/1907","40.5621"
"11/14/1907","39.8222"
"11/15/1907","38.8259"
"11/16/1907","39.4779"
"11/18/1907","40.3277"
"11/19/1907","39.1556"
"11/20/1907","38.9578"
"11/21/1907","39.0237"
"11/22/1907","38.8845"
"11/23/1907","40.3057"
"11/25/1907","39.2874"
"11/26/1907","40.3277"
"11/27/1907","40.694"
"11/29/1907","42.1298"
"11/30/1907","42.7891"
"12/2/1907","44.0564"
"12/3/1907","43.5656"
"12/4/1907","44.0344"
"12/5/1907","44.8036"
"12/6/1907","45.2505"
"12/7/1907","44.6938"
"12/9/1907","43.7487"
"12/10/1907","42.8623"
"12/11/1907","42.6499"
"12/12/1907","42.6133"
"12/13/1907","41.9686"
"12/14/1907","41.9979"
"12/16/1907","41.7781"
"12/17/1907","41.6463"
"12/18/1907","42.2763"
"12/19/1907","42.5473"
"12/20/1907","43.2066"
"12/21/1907","43.5583"
"12/23/1907","42.6426"
"12/24/1907","42.4887"
"12/26/1907","42.1957"
"12/27/1907","42.9649"
"12/28/1907","43.0968"
"12/30/1907","43.5656"
"12/31/1907","43.0382"
"1/2/1908","43.6682"
"1/3/1908","44.4081"
"1/4/1908","44.5912"
"1/6/1908","45.2359"
"1/7/1908","44.9941"
"1/8/1908","45.2359"
"1/9/1908","46.5178"
"1/10/1908","46.1589"
"1/11/1908","47.0819"
"1/13/1908","47.602"
"1/14/1908","48.232"
"1/15/1908","47.939"
"1/16/1908","47.0233"
"1/17/1908","47.2724"
"1/18/1908","47.2138"
"1/20/1908","46.2907"
"1/21/1908","46.3054"
"1/22/1908","45.4922"
"1/23/1908","45.0088"
"1/24/1908","44.9135"
"1/25/1908","45.2432"
"1/27/1908","45.4629"
"1/28/1908","45.8073"
"1/29/1908","45.4776"
"1/30/1908","45.6534"
"1/31/1908","45.9318"
"2/1/1908","45.2945"
"2/3/1908","45.2871"
"2/4/1908","45.5216"
"2/5/1908","44.7011"
"2/6/1908","44.7963"
"2/7/1908","44.5179"
"2/8/1908","43.8806"
"2/10/1908","43.0748"
"2/11/1908","43.3019"
"2/13/1908","42.9429"
"2/14/1908","43.7561"
"2/15/1908","43.3458"
"2/17/1908","43.1334"
"2/18/1908","43.1041"
"2/19/1908","43.2799"
"2/20/1908","43.7194"
"2/21/1908","44.1004"
"2/24/1908","43.9539"
"2/25/1908","43.8953"
"2/26/1908","43.9392"
"2/27/1908","44.0711"
"2/28/1908","44.7377"
"2/29/1908","44.3494"
"3/2/1908","44.7524"
"3/3/1908","44.6645"
"3/4/1908","44.8256"
"3/5/1908","44.8989"
"3/6/1908","45.1846"
"3/7/1908","46.32"
"3/9/1908","46.635"
"3/10/1908","46.5178"
"3/11/1908","46.7889"
"3/12/1908","46.9794"
"3/13/1908","47.7266"
"3/14/1908","48.4298"
"3/16/1908","47.7852"
"3/17/1908","48.1881"
"3/18/1908","47.668"
"3/19/1908","48.1808"
"3/20/1908","48.6496"
"3/21/1908","49.2723"
"3/23/1908","50.0488"
"3/24/1908","50.6055"
"3/25/1908","51.2209"
"3/26/1908","50.8619"
"3/27/1908","51.1183"
"3/28/1908","50.3198"
"3/30/1908","50.2832"
"3/31/1908","49.4554"
"4/1/1908","49.6972"
"4/2/1908","49.6825"
"4/3/1908","49.243"
"4/4/1908","49.1917"
"4/6/1908","49.1111"
"4/7/1908","49.4334"
"4/8/1908","49.6752"
"4/9/1908","50.2832"
"4/10/1908","50.3711"
"4/11/1908","50.1587"
"4/13/1908","49.9389"
"4/14/1908","50.1953"
"4/15/1908","49.8217"
"4/16/1908","50.1367"
"4/20/1908","49.7704"
"4/21/1908","50.0488"
"4/22/1908","50.0928"
"4/23/1908","50.6202"
"4/24/1908","51.2868"
"4/25/1908","51.2282"
"4/27/1908","51.133"
"4/28/1908","51.448"
"4/29/1908","51.492"
"4/30/1908","50.9499"
"5/1/1908","51.2209"
"5/2/1908","51.3161"
"5/4/1908","51.1183"
"5/5/1908","51.7337"
"5/6/1908","52.078"
"5/7/1908","51.9461"
"5/8/1908","52.2025"
"5/9/1908","52.5835"
"5/11/1908","53.0889"
"5/12/1908","52.9644"
"5/13/1908","53.5431"
"5/14/1908","54.1731"
"5/15/1908","54.4881"
"5/16/1908","54.62"
"5/18/1908","55.0302"
"5/19/1908","54.0486"
"5/20/1908","54.0852"
"5/21/1908","54.3636"
"5/22/1908","54.012"
"5/23/1908","53.0596"
"5/25/1908","53.5065"
"5/26/1908","53.0377"
"5/27/1908","53.2135"
"5/28/1908","52.8545"
"5/29/1908","53.3014"
"6/1/1908","54.4881"
"6/2/1908","54.2317"
"6/3/1908","54.1292"
"6/4/1908","53.2281"
"6/5/1908","53.5944"
"6/6/1908","53.968"
"6/8/1908","53.7556"
"6/9/1908","53.4113"
"6/10/1908","53.7702"
"6/11/1908","53.7849"
"6/12/1908","53.3453"
"6/13/1908","53.4039"
"6/15/1908","53.4259"
"6/16/1908","53.8288"
"6/17/1908","53.5651"
"6/18/1908","53.8801"
"6/19/1908","53.2208"
"6/20/1908","53.2648"
"6/22/1908","52.5322"
"6/23/1908","52.5249"
"6/24/1908","52.6714"
"6/25/1908","52.9864"
"6/26/1908","52.9937"
"6/27/1908","52.9058"
"6/29/1908","53.4113"
"6/30/1908","53.1768"
"7/1/1908","53.3014"
"7/2/1908","53.382"
"7/3/1908","53.5651"
"7/6/1908","54.576"
"7/7/1908","54.8251"
"7/8/1908","55.5504"
"7/9/1908","55.9459"
"7/10/1908","55.4038"
"7/11/1908","55.1914"
"7/13/1908","55.7188"
"7/14/1908","56.3122"
"7/15/1908","56.2023"
"7/16/1908","56.2683"
"7/17/1908","56.4661"
"7/18/1908","57.3451"
"7/20/1908","57.6894"
"7/21/1908","57.5942"
"7/22/1908","57.9678"
"7/23/1908","58.2828"
"7/24/1908","57.5429"
"7/25/1908","58.3414"
"7/27/1908","57.9458"
"7/28/1908","58.1363"
"7/29/1908","58.2096"
"7/30/1908","58.3195"
"7/31/1908","58.8542"
"8/1/1908","59.0227"
"8/3/1908","59.389"
"8/4/1908","60.1655"
"8/5/1908","60.1216"
"8/6/1908","61.3889"
"8/7/1908","61.8724"
"8/8/1908","62.1874"
"8/10/1908","62.561"
"8/11/1908","61.8504"
"8/12/1908","62.0409"
"8/13/1908","61.323"
"8/14/1908","60.1289"
"8/15/1908","59.7846"
"8/17/1908","60.5171"
"8/18/1908","60.8028"
"8/19/1908","60.4439"
"8/20/1908","60.4878"
"8/21/1908","60.1802"
"8/22/1908","60.2827"
"8/24/1908","60.0043"
"8/25/1908","60.0923"
"8/26/1908","60.5464"
"8/27/1908","61.4182"
"8/28/1908","61.6087"
"8/29/1908","61.9456"
"8/31/1908","62.0189"
"9/1/1908","61.9383"
"9/2/1908","61.3596"
"9/3/1908","60.4878"
"9/4/1908","61.2058"
"9/8/1908","61.2937"
"9/9/1908","61.2497"
"9/10/1908","60.7662"
"9/11/1908","60.0703"
"9/12/1908","60.3853"
"9/14/1908","60.4219"
"9/15/1908","59.6454"
"9/16/1908","58.759"
"9/17/1908","57.8726"
"9/18/1908","58.4953"
"9/19/1908","57.6235"
"9/21/1908","56.9056"
"9/22/1908","56.4587"
"9/23/1908","57.7774"
"9/24/1908","58.3048"
"9/25/1908","58.7443"
"9/26/1908","58.0557"
"9/28/1908","58.2975"
"9/29/1908","58.0411"
"9/30/1908","58.5539"
"10/1/1908","58.2389"
"10/2/1908","58.9934"
"10/3/1908","59.4842"
"10/5/1908","59.0154"
"10/6/1908","59.2864"
"10/7/1908","59.5795"
"10/8/1908","59.1033"
"10/9/1908","59.074"
"10/10/1908","59.1546"
"10/12/1908","59.6967"
"10/13/1908","59.4916"
"10/14/1908","59.7333"
"10/15/1908","59.8139"
"10/16/1908","59.9311"
"10/17/1908","59.5941"
"10/19/1908","59.5282"
"10/20/1908","60.2241"
"10/21/1908","60.671"
"10/22/1908","60.6783"
"10/23/1908","60.3926"
"10/24/1908","60.4219"
"10/26/1908","60.2314"
"10/27/1908","61.2058"
"10/28/1908","60.5977"
"10/29/1908","60.9127"
"10/30/1908","60.7442"
"10/31/1908","60.4585"
"11/2/1908","60.7296"
"11/4/1908","62.1727"
"11/5/1908","62.8613"
"11/6/1908","63.9382"
"11/7/1908","64.2972"
"11/9/1908","64.0774"
"11/10/1908","64.1287"
"11/11/1908","63.799"
"11/12/1908","64.1873"
"11/13/1908","64.744"
"11/14/1908","64.5316"
"11/16/1908","64.2312"
"11/17/1908","64.2386"
"11/18/1908","63.6379"
"11/19/1908","63.5133"
"11/20/1908","63.506"
"11/21/1908","63.1397"
"11/23/1908","63.1251"
"11/24/1908","64.18"
"11/25/1908","63.843"
"11/27/1908","64.18"
"11/28/1908","64.1946"
"11/30/1908","63.9529"
"12/1/1908","64.1946"
"12/2/1908","64.2239"
"12/3/1908","63.4254"
"12/4/1908","63.9236"
"12/5/1908","63.4987"
"12/7/1908","63.2789"
"12/8/1908","63.7478"
"12/9/1908","64.0408"
"12/10/1908","63.9895"
"12/11/1908","63.4474"
"12/12/1908","63.3448"
"12/14/1908","62.4951"
"12/15/1908","62.3779"
"12/16/1908","62.9126"
"12/17/1908","61.5281"
"12/18/1908","61.4695"
"12/19/1908","61.323"
"12/21/1908","61.1398"
"12/22/1908","61.953"
"12/23/1908","62.6196"
"12/24/1908","62.7661"
"12/28/1908","63.7111"
"12/29/1908","63.1617"
"12/30/1908","62.9346"
"12/31/1908","63.1104"
"1/2/1909","63.1983"
"1/4/1909","62.4584"
"1/5/1909","62.1581"
"1/6/1909","62.3705"
"1/7/1909","63.6965"
"1/8/1909","63.1617"
"1/9/1909","62.5317"
"1/11/1909","62.4731"
"1/12/1909","62.3046"
"1/13/1909","61.9749"
"1/14/1909","62.0995"
"1/15/1909","61.887"
"1/16/1909","62.4951"
"1/18/1909","62.1141"
"1/19/1909","62.3486"
"1/20/1909","62.0922"
"1/21/1909","62.7954"
"1/22/1909","62.7954"
"1/23/1909","62.876"
"1/25/1909","62.898"
"1/26/1909","62.7734"
"1/27/1909","62.832"
"1/28/1909","62.3412"
"1/29/1909","61.9896"
"1/30/1909","61.6013"
"2/1/1909","61.8577"
"2/2/1909","62.2899"
"2/3/1909","62.0262"
"2/4/1909","62.0409"
"2/5/1909","62.1654"
"2/6/1909","62.0042"
"2/8/1909","62.7148"
"2/9/1909","62.7075"
"2/10/1909","62.8247"
"2/11/1909","63.1617"
"2/15/1909","63.528"
"2/16/1909","63.3082"
"2/17/1909","62.9493"
"2/18/1909","62.0922"
"2/19/1909","61.7772"
"2/20/1909","60.671"
"2/23/1909","58.5392"
"2/24/1909","59.66"
"2/25/1909","59.0227"
"2/26/1909","59.5868"
"2/27/1909","59.9604"
"3/1/1909","60.5977"
"3/2/1909","61.008"
"3/3/1909","60.4952"
"3/4/1909","59.9164"
"3/5/1909","60.1435"
"3/6/1909","60.2241"
"3/8/1909","60.2168"
"3/9/1909","59.8066"
"3/10/1909","59.9091"
"3/11/1909","59.997"
"3/12/1909","60.0923"
"3/13/1909","60.0923"
"3/15/1909","59.9824"
"3/16/1909","60.5464"
"3/17/1909","60.8468"
"3/18/1909","60.6637"
"3/19/1909","60.3633"
"3/20/1909","60.312"
"3/22/1909","61.008"
"3/23/1909","60.7589"
"3/24/1909","61.0373"
"3/25/1909","60.964"
"3/26/1909","61.2424"
"3/27/1909","62.0702"
"3/29/1909","62.4951"
"3/30/1909","62.4804"
"3/31/1909","63.0884"
"4/1/1909","62.539"
"4/2/1909","62.539"
"4/3/1909","62.9566"
"4/5/1909","63.6745"
"4/6/1909","63.5939"
"4/7/1909","63.6598"
"4/8/1909","64.3045"
"4/12/1909","64.5462"
"4/13/1909","64.1433"
"4/14/1909","64.0481"
"4/15/1909","63.8503"
"4/16/1909","63.4108"
"4/17/1909","64.2093"
"4/19/1909","64.3265"
"4/20/1909","64.3631"
"4/21/1909","64.2093"
"4/22/1909","64.5389"
"4/23/1909","64.2166"
"4/24/1909","64.5536"
"4/26/1909","64.1946"
"4/27/1909","64.0554"
"4/28/1909","64.5609"
"4/29/1909","64.4876"
"4/30/1909","64.6781"
"5/1/1909","64.7001"
"5/3/1909","65.0224"
"5/4/1909","65.3594"
"5/5/1909","65.4327"
"5/6/1909","66.026"
"5/7/1909","66.9564"
"5/8/1909","67.0736"
"5/10/1909","66.6194"
"5/11/1909","66.8465"
"5/12/1909","66.7293"
"5/13/1909","66.5095"
"5/14/1909","66.6121"
"5/15/1909","66.5315"
"5/17/1909","66.5461"
"5/18/1909","66.9271"
"5/19/1909","66.9637"
"5/20/1909","66.5755"
"5/21/1909","66.7732"
"5/22/1909","67.037"
"5/24/1909","67.2201"
"5/25/1909","67.0882"
"5/26/1909","66.7952"
"5/27/1909","67.1395"
"5/28/1909","67.5278"
"6/1/1909","67.6743"
"6/2/1909","67.8648"
"6/3/1909","68.905"
"6/4/1909","68.9783"
"6/5/1909","69.198"
"6/7/1909","68.8391"
"6/8/1909","68.8464"
"6/9/1909","68.6999"
"6/10/1909","68.7512"
"6/11/1909","68.8464"
"6/12/1909","68.8977"
"6/14/1909","69.0002"
"6/15/1909","67.8501"
"6/16/1909","67.6303"
"6/17/1909","66.7806"
"6/18/1909","66.9124"
"6/19/1909","66.7952"
"6/21/1909","65.6817"
"6/22/1909","65.9528"
"6/23/1909","66.8758"
"6/24/1909","67.2934"
"6/25/1909","67.037"
"6/26/1909","66.9417"
"6/28/1909","67.0956"
"6/29/1909","67.9966"
"6/30/1909","67.601"
"7/1/1909","68.0919"
"7/2/1909","68.231"
"7/6/1909","68.2237"
"7/7/1909","68.2457"
"7/8/1909","68.1578"
"7/9/1909","68.0552"
"7/10/1909","68.1138"
"7/12/1909","68.4215"
"7/13/1909","67.9966"
"7/14/1909","68.1724"
"7/15/1909","68.4581"
"7/16/1909","68.927"
"7/17/1909","69.0002"
"7/19/1909","69.1028"
"7/20/1909","69.3592"
"7/21/1909","68.883"
"7/22/1909","69.0002"
"7/23/1909","68.4142"
"7/24/1909","69.0955"
"7/26/1909","68.8757"
"7/27/1909","69.2347"
"7/28/1909","69.5204"
"7/29/1909","69.8207"
"7/30/1909","70.4507"
"7/31/1909","70.9049"
"8/2/1909","71.4397"
"8/3/1909","71.8939"
"8/4/1909","71.7913"
"8/5/1909","71.11"
"8/6/1909","72.0111"
"8/7/1909","72.1429"
"8/9/1909","72.0624"
"8/10/1909","72.0624"
"8/11/1909","72.5385"
"8/12/1909","72.6045"
"8/13/1909","72.414"
"8/14/1909","72.7143"
"8/16/1909","72.0477"
"8/17/1909","72.4579"
"8/18/1909","71.8939"
"8/19/1909","71.5789"
"8/20/1909","71.425"
"8/21/1909","71.9598"
"8/23/1909","72.4433"
"8/24/1909","72.5678"
"8/25/1909","72.1649"
"8/26/1909","70.5459"
"8/27/1909","71.1906"
"8/28/1909","70.8976"
"8/30/1909","72.0257"
"8/31/1909","71.7181"
"9/1/1909","71.425"
"9/2/1909","71.8792"
"9/3/1909","72.1356"
"9/7/1909","71.3591"
"9/8/1909","71.0954"
"9/9/1909","70.2236"
"9/10/1909","71.2199"
"9/11/1909","70.4654"
"9/13/1909","70.4507"
"9/14/1909","71.0075"
"9/15/1909","72.0038"
"9/16/1909","72.5678"
"9/17/1909","72.6411"
"9/18/1909","72.5825"
"9/20/1909","73.0586"
"9/21/1909","73.1978"
"9/22/1909","72.6191"
"9/23/1909","72.5825"
"9/24/1909","72.6484"
"9/27/1909","72.7583"
"9/28/1909","73.3443"
"9/29/1909","73.2125"
"9/30/1909","72.9268"
"10/1/1909","73.5202"
"10/2/1909","73.6227"
"10/4/1909","73.3956"
"10/5/1909","72.5385"
"10/6/1909","72.3261"
"10/7/1909","73.1685"
"10/8/1909","71.8426"
"10/9/1909","71.7913"
"10/11/1909","71.0221"
"10/13/1909","70.9049"
"10/14/1909","71.8353"
"10/15/1909","72.2089"
"10/16/1909","72.2602"
"10/18/1909","72.3627"
"10/19/1909","71.9012"
"10/20/1909","71.806"
"10/21/1909","71.8719"
"10/22/1909","70.9269"
"10/23/1909","70.1064"
"10/25/1909","70.9342"
"10/26/1909","70.48"
"10/27/1909","71.088"
"10/28/1909","71.8133"
"10/29/1909","72.5019"
"10/30/1909","72.5752"
"11/1/1909","72.8462"
"11/3/1909","73.4249"
"11/4/1909","73.5788"
"11/5/1909","73.1099"
"11/6/1909","72.7656"
"11/8/1909","72.8242"
"11/9/1909","72.2821"
"11/10/1909","72.3627"
"11/11/1909","72.3554"
"11/12/1909","72.3554"
"11/13/1909","72.6411"
"11/15/1909","72.751"
"11/16/1909","72.6777"
"11/17/1909","72.9121"
"11/18/1909","73.5055"
"11/19/1909","73.6447"
"11/20/1909","73.2711"
"11/22/1909","72.5092"
"11/23/1909","72.0477"
"11/24/1909","71.8133"
"11/26/1909","72.3261"
"11/27/1909","71.6521"
"11/29/1909","70.2456"
"11/30/1909","70.3408"
"12/1/1909","70.9708"
"12/2/1909","70.8097"
"12/3/1909","71.3957"
"12/4/1909","71.8499"
"12/6/1909","71.4397"
"12/7/1909","71.9964"
"12/8/1909","71.8865"
"12/9/1909","72.2968"
"12/10/1909","72.0917"
"12/11/1909","72.1356"
"12/13/1909","72.5239"
"12/14/1909","72.2162"
"12/15/1909","72.2821"
"12/16/1909","72.2382"
"12/17/1909","72.4213"
"12/18/1909","72.5532"
"12/20/1909","72.4067"
"12/21/1909","72.4286"
"12/22/1909","72.414"
"12/23/1909","72.2015"
"12/24/1909","72.2382"
"12/27/1909","71.9964"
"12/28/1909","72.2528"
"12/29/1909","72.729"
"12/30/1909","72.6557"
"12/31/1909","72.5605"
"1/3/1910","72.0404"
"1/4/1910","72.0111"
"1/5/1910","71.1027"
"1/6/1910","71.5129"
"1/7/1910","71.5496"
"1/8/1910","71.6961"
"1/10/1910","71.132"
"1/11/1910","70.795"
"1/12/1910","70.2163"
"1/13/1910","70.4434"
"1/14/1910","68.634"
"1/15/1910","69.1907"
"1/17/1910","68.6779"
"1/18/1910","68.8024"
"1/19/1910","67.6523"
"1/20/1910","68.3409"
"1/21/1910","69.1614"
"1/22/1910","69.242"
"1/24/1910","68.1871"
"1/25/1910","66.4143"
"1/26/1910","67.9014"
"1/27/1910","67.1175"
"1/28/1910","67.33"
"1/29/1910","67.7036"
"1/31/1910","67.33"
"2/1/1910","66.9051"
"2/2/1910","66.2238"
"2/3/1910","64.0994"
"2/4/1910","64.2972"
"2/5/1910","64.7514"
"2/7/1910","62.5244"
"2/8/1910","62.2899"
"2/9/1910","63.9675"
"2/10/1910","64.3558"
"2/11/1910","65.2495"
"2/14/1910","65.6744"
"2/15/1910","65.3667"
"2/16/1910","65.9967"
"2/17/1910","66.407"
"2/18/1910","66.6048"
"2/19/1910","66.7659"
"2/21/1910","66.4436"
"2/23/1910","66.385"
"2/24/1910","66.8245"
"2/25/1910","66.8905"
"2/26/1910","66.3996"
"2/28/1910","66.9124"
"3/1/1910","67.2274"
"3/2/1910","67.8501"
"3/3/1910","67.8428"
"3/4/1910","68.004"
"3/5/1910","68.1138"
"3/7/1910","69.1174"
"3/8/1910","69.2713"
"3/9/1910","69.0808"
"3/10/1910","68.8024"
"3/11/1910","67.8574"
"3/12/1910","67.9673"
"3/14/1910","68.2017"
"3/15/1910","67.3373"
"3/16/1910","66.9198"
"3/17/1910","67.4985"
"3/18/1910","67.916"
"3/19/1910","67.4985"
"3/21/1910","67.6377"
"3/22/1910","67.6596"
"3/23/1910","66.8831"
"3/24/1910","66.8905"
"3/28/1910","65.7257"
"3/29/1910","66.0846"
"3/30/1910","65.5425"
"3/31/1910","65.7184"
"4/1/1910","65.7184"
"4/2/1910","65.7184"
"4/4/1910","65.7477"
"4/5/1910","66.6341"
"4/6/1910","66.7806"
"4/7/1910","66.5828"
"4/8/1910","65.5865"
"4/9/1910","65.462"
"4/11/1910","66.7366"
"4/12/1910","66.6048"
"4/13/1910","67.4692"
"4/14/1910","67.6596"
"4/15/1910","67.4252"
"4/16/1910","67.8501"
"4/18/1910","67.1542"
"4/19/1910","67.2348"
"4/20/1910","66.2018"
"4/21/1910","66.3117"
"4/22/1910","65.9088"
"4/23/1910","65.9967"
"4/25/1910","65.0004"
"4/26/1910","65.0737"
"4/27/1910","64.5975"
"4/28/1910","63.213"
"4/29/1910","63.8576"
"4/30/1910","63.147"
"5/2/1910","62.6416"
"5/3/1910","62.0629"
"5/4/1910","63.3009"
"5/5/1910","63.9675"
"5/6/1910","63.3741"
"5/7/1910","63.528"
"5/9/1910","64.4876"
"5/10/1910","64.9272"
"5/11/1910","65.0004"
"5/12/1910","64.8466"
"5/13/1910","64.9931"
"5/14/1910","65.2935"
"5/16/1910","65.0371"
"5/17/1910","64.9199"
"5/18/1910","64.6561"
"5/19/1910","64.9858"
"5/20/1910","65.4473"
"5/21/1910","65.6817"
"5/23/1910","65.0297"
"5/24/1910","65.2422"
"5/25/1910","64.9565"
"5/26/1910","64.5682"
"5/27/1910","64.3631"
"5/31/1910","63.235"
"6/1/1910","62.7734"
"6/2/1910","62.4511"
"6/3/1910","60.5831"
"6/4/1910","60.8468"
"6/6/1910","60.1069"
"6/7/1910","61.9017"
"6/8/1910","61.9383"
"6/9/1910","62.1874"
"6/10/1910","61.1398"
"6/11/1910","61.0885"
"6/13/1910","61.4475"
"6/14/1910","61.7405"
"6/15/1910","61.4182"
"6/16/1910","61.6233"
"6/17/1910","61.7259"
"6/18/1910","61.8504"
"6/20/1910","62.3266"
"6/21/1910","62.4804"
"6/22/1910","63.2057"
"6/23/1910","63.0079"
"6/24/1910","62.2167"
"6/25/1910","62.4511"
"6/27/1910","60.9054"
"6/28/1910","60.9054"
"6/29/1910","59.7773"
"6/30/1910","59.4696"
"7/1/1910","59.8066"
"7/5/1910","58.7736"
"7/6/1910","58.8029"
"7/7/1910","59.0886"
"7/8/1910","59.2132"
"7/9/1910","59.4769"
"7/11/1910","59.389"
"7/12/1910","58.7077"
"7/13/1910","59.1839"
"7/14/1910","59.6381"
"7/15/1910","59.5502"
"7/16/1910","59.3963"
"7/18/1910","59.2571"
"7/19/1910","59.4989"
"7/20/1910","59.726"
"7/21/1910","58.0264"
"7/22/1910","56.9789"
"7/23/1910","56.5247"
"7/25/1910","55.5797"
"7/26/1910","53.9314"
"7/27/1910","55.5357"
"7/28/1910","57.206"
"7/29/1910","56.825"
"7/30/1910","56.0265"
"8/1/1910","55.7775"
"8/2/1910","56.9129"
"8/3/1910","56.51"
"8/4/1910","56.4368"
"8/5/1910","56.8323"
"8/6/1910","57.2792"
"8/8/1910","57.2353"
"8/9/1910","58.0924"
"8/10/1910","58.0191"
"8/11/1910","57.7114"
"8/12/1910","58.3488"
"8/13/1910","58.6418"
"8/15/1910","58.4367"
"8/16/1910","59.367"
"8/17/1910","59.6381"
"8/18/1910","59.2278"
"8/19/1910","58.8322"
"8/20/1910","58.9275"
"8/22/1910","58.2169"
"8/23/1910","58.3707"
"8/24/1910","57.8433"
"8/25/1910","57.5722"
"8/26/1910","58.0777"
"8/27/1910","58.0118"
"8/29/1910","58.3634"
"8/30/1910","58.3048"
"8/31/1910","58.3707"
"9/1/1910","57.5649"
"9/2/1910","57.6382"
"9/6/1910","57.3964"
"9/7/1910","57.455"
"9/8/1910","57.4257"
"9/9/1910","57.4623"
"9/10/1910","57.5576"
"9/12/1910","57.9678"
"9/13/1910","58.3927"
"9/14/1910","58.1656"
"9/15/1910","57.4184"
"9/16/1910","57.5429"
"9/17/1910","57.6162"
"9/19/1910","57.4917"
"9/20/1910","57.4111"
"9/21/1910","57.9971"
"9/22/1910","57.9312"
"9/23/1910","57.6162"
"9/24/1910","57.5136"
"9/26/1910","58.0118"
"9/27/1910","57.8799"
"9/28/1910","57.8433"
"9/29/1910","57.9239"
"9/30/1910","58.4"
"10/1/1910","58.5685"
"10/3/1910","59.1033"
"10/4/1910","59.5868"
"10/5/1910","59.1619"
"10/6/1910","59.6747"
"10/7/1910","59.6893"
"10/8/1910","59.7113"
"10/10/1910","60.0043"
"10/11/1910","60.3487"
"10/13/1910","61.5794"
"10/14/1910","61.9969"
"10/15/1910","62.4658"
"10/17/1910","62.7295"
"10/18/1910","63.0152"
"10/19/1910","62.3486"
"10/20/1910","63.0005"
"10/21/1910","62.5244"
"10/22/1910","62.9566"
"10/24/1910","62.2753"
"10/25/1910","61.9823"
"10/26/1910","61.9676"
"10/27/1910","62.6416"
"10/28/1910","62.5976"
"10/29/1910","62.2387"
"10/31/1910","62.0995"
"11/1/1910","62.3412"
"11/2/1910","62.5976"
"11/3/1910","62.8907"
"11/4/1910","62.7368"
"11/5/1910","62.8687"
"11/7/1910","62.7808"
"11/9/1910","61.7479"
"11/10/1910","61.1691"
"11/11/1910","61.1911"
"11/12/1910","61.2058"
"11/14/1910","61.8284"
"11/15/1910","62.1801"
"11/16/1910","62.4218"
"11/17/1910","61.953"
"11/18/1910","62.3559"
"11/19/1910","62.561"
"11/21/1910","62.1947"
"11/22/1910","62.1508"
"11/23/1910","62.3046"
"11/25/1910","62.5024"
"11/26/1910","62.4877"
"11/28/1910","61.008"
"11/29/1910","61.257"
"11/30/1910","60.4512"
"12/1/1910","59.6527"
"12/2/1910","59.0447"
"12/3/1910","59.1692"
"12/5/1910","59.3377"
"12/6/1910","58.3707"
"12/7/1910","58.9421"
"12/8/1910","58.9714"
"12/9/1910","59.3377"
"12/10/1910","59.7333"
"12/12/1910","59.3084"
"12/13/1910","59.1692"
"12/14/1910","59.682"
"12/15/1910","59.5428"
"12/16/1910","59.4842"
"12/17/1910","59.6527"
"12/19/1910","60.1875"
"12/20/1910","59.9238"
"12/21/1910","60.0263"
"12/22/1910","59.6454"
"12/23/1910","59.5795"
"12/27/1910","58.9348"
"12/28/1910","59.0813"
"12/29/1910","59.8945"
"12/30/1910","59.6381"
"12/31/1910","59.6014"
"1/3/1911","60.1509"
"1/4/1911","60.2607"
"1/5/1911","60.1362"
"1/6/1911","60.3926"
"1/7/1911","60.6197"
"1/9/1911","60.4439"
"1/10/1911","59.9824"
"1/11/1911","59.8505"
"1/12/1911","60.1069"
"1/13/1911","60.7735"
"1/14/1911","60.8541"
"1/16/1911","60.4073"
"1/17/1911","61.0812"
"1/18/1911","61.0373"
"1/19/1911","61.1838"
"1/20/1911","61.3889"
"1/21/1911","61.1911"
"1/23/1911","61.0739"
"1/24/1911","61.3742"
"1/25/1911","61.1252"
"1/26/1911","61.2937"
"1/27/1911","61.5501"
"1/28/1911","61.4548"
"1/30/1911","62.2167"
"1/31/1911","62.2167"
"2/1/1911","62.5097"
"2/2/1911","62.9786"
"2/3/1911","62.7075"
"2/4/1911","63.0152"
"2/6/1911","62.8833"
"2/7/1911","62.9053"
"2/8/1911","62.6196"
"2/9/1911","62.7588"
"2/10/1911","62.5756"
"2/11/1911","62.6855"
"2/14/1911","62.6123"
"2/15/1911","62.5683"
"2/16/1911","61.909"
"2/17/1911","62.3339"
"2/18/1911","62.4877"
"2/20/1911","62.7002"
"2/21/1911","62.6929"
"2/23/1911","62.7808"
"2/24/1911","61.7772"
"2/25/1911","61.7772"
"2/27/1911","61.909"
"2/28/1911","62.2826"
"3/1/1911","61.9237"
"3/2/1911","60.5538"
"3/3/1911","60.3047"
"3/4/1911","59.9238"
"3/6/1911","60.4146"
"3/7/1911","60.6637"
"3/8/1911","60.4073"
"3/9/1911","60.3413"
"3/10/1911","60.4659"
"3/11/1911","60.356"
"3/13/1911","60.8028"
"3/14/1911","61.5208"
"3/15/1911","61.6013"
"3/16/1911","61.3376"
"3/17/1911","60.9127"
"3/18/1911","61.0592"
"3/20/1911","61.6306"
"3/21/1911","61.5574"
"3/22/1911","61.3303"
"3/23/1911","61.323"
"3/24/1911","61.0959"
"3/25/1911","61.1178"
"3/27/1911","61.3083"
"3/28/1911","61.5354"
"3/29/1911","61.2277"
"3/30/1911","61.4328"
"3/31/1911","61.0006"
"4/1/1911","61.0959"
"4/3/1911","61.0446"
"4/4/1911","61.0373"
"4/5/1911","60.8175"
"4/6/1911","60.7516"
"4/7/1911","60.7223"
"4/8/1911","60.8468"
"4/10/1911","60.8614"
"4/11/1911","60.671"
"4/12/1911","60.7223"
"4/13/1911","60.6637"
"4/17/1911","60.4805"
"4/18/1911","59.748"
"4/19/1911","60.0043"
"4/20/1911","59.9677"
"4/21/1911","59.9531"
"4/22/1911","59.5721"
"4/24/1911","60.1582"
"4/25/1911","60.2168"
"4/26/1911","60.3047"
"4/27/1911","60.3999"
"4/28/1911","61.0299"
"4/29/1911","61.279"
"5/1/1911","61.638"
"5/2/1911","61.3083"
"5/3/1911","61.4402"
"5/4/1911","60.9201"
"5/5/1911","60.9127"
"5/6/1911","60.8321"
"5/8/1911","60.7149"
"5/9/1911","60.693"
"5/10/1911","60.5098"
"5/11/1911","60.8321"
"5/12/1911","60.7442"
"5/13/1911","60.5684"
"5/15/1911","60.5904"
"5/16/1911","61.9969"
"5/17/1911","62.5683"
"5/18/1911","63.1251"
"5/19/1911","62.8394"
"5/20/1911","63.0591"
"5/22/1911","63.235"
"5/23/1911","63.1837"
"5/24/1911","62.8394"
"5/25/1911","62.7222"
"5/26/1911","62.9566"
"5/27/1911","63.0079"
"5/29/1911","63.2936"
"5/31/1911","62.6709"
"6/1/1911","62.8467"
"6/2/1911","63.1251"
"6/3/1911","63.1324"
"6/5/1911","63.2569"
"6/6/1911","63.1837"
"6/7/1911","63.3668"
"6/8/1911","63.2276"
"6/9/1911","63.0152"
"6/10/1911","63.2569"
"6/12/1911","63.5133"
"6/13/1911","63.6891"
"6/14/1911","63.7478"
"6/15/1911","63.4621"
"6/16/1911","63.4474"
"6/17/1911","63.4987"
"6/19/1911","63.7771"
"6/20/1911","63.4547"
"6/21/1911","63.4474"
"6/22/1911","63.1031"
"6/23/1911","63.2423"
"6/24/1911","63.5573"
"6/26/1911","63.2789"
"6/27/1911","63.2643"
"6/28/1911","63.0445"
"6/29/1911","63.235"
"6/30/1911","62.9859"
"7/1/1911","62.9493"
"7/3/1911","62.7368"
"7/5/1911","62.4731"
"7/6/1911","62.854"
"7/7/1911","63.1617"
"7/8/1911","63.191"
"7/10/1911","63.2057"
"7/11/1911","63.2789"
"7/12/1911","63.1251"
"7/13/1911","63.1617"
"7/14/1911","62.9859"
"7/15/1911","63.0225"
"7/17/1911","62.7954"
"7/18/1911","63.2716"
"7/19/1911","63.3229"
"7/20/1911","63.2423"
"7/21/1911","63.3448"
"7/22/1911","63.3302"
"7/24/1911","63.1617"
"7/25/1911","62.4072"
"7/26/1911","63.191"
"7/27/1911","62.9419"
"7/28/1911","62.8027"
"7/29/1911","62.9273"
"7/31/1911","63.0152"
"8/1/1911","62.6123"
"8/2/1911","62.1215"
"8/3/1911","61.8284"
"8/4/1911","60.7662"
"8/5/1911","60.5464"
"8/7/1911","60.9127"
"8/8/1911","60.4585"
"8/9/1911","59.9604"
"8/10/1911","59.6527"
"8/11/1911","59.1253"
"8/12/1911","58.8982"
"8/14/1911","59.5648"
"8/15/1911","59.5428"
"8/16/1911","58.737"
"8/17/1911","58.6418"
"8/18/1911","59.2352"
"8/19/1911","59.6161"
"8/21/1911","58.9788"
"8/22/1911","59.074"
"8/23/1911","59.0081"
"8/24/1911","58.4074"
"8/25/1911","57.9678"
"8/26/1911","57.8213"
"8/28/1911","58.0997"
"8/29/1911","57.9678"
"8/30/1911","57.8726"
"8/31/1911","58.0557"
"9/1/1911","57.9971"
"9/5/1911","58.4367"
"9/6/1911","58.8103"
"9/7/1911","58.3341"
"9/8/1911","57.9385"
"9/9/1911","57.6308"
"9/11/1911","57.7187"
"9/12/1911","57.9239"
"9/13/1911","57.2939"
"9/14/1911","57.2353"
"9/15/1911","57.0521"
"9/16/1911","57.7774"
"9/18/1911","57.6235"
"9/19/1911","56.9569"
"9/20/1911","56.4148"
"9/21/1911","55.3306"
"9/22/1911","54.3196"
"9/23/1911","53.9314"
"9/25/1911","53.4332"
"9/26/1911","53.7189"
"9/27/1911","53.8508"
"9/28/1911","54.979"
"9/29/1911","55.0522"
"9/30/1911","55.902"
"10/2/1911","56.2243"
"10/3/1911","56.0558"
"10/4/1911","55.7848"
"10/5/1911","56.1877"
"10/6/1911","56.0412"
"10/7/1911","56.0632"
"10/9/1911","56.0558"
"10/10/1911","56.2976"
"10/11/1911","56.5173"
"10/13/1911","57.0961"
"10/14/1911","57.6235"
"10/16/1911","57.3891"
"10/17/1911","57.2206"
"10/18/1911","56.9715"
"10/19/1911","56.8763"
"10/20/1911","57.2206"
"10/21/1911","56.9569"
"10/23/1911","56.9715"
"10/24/1911","56.9056"
"10/25/1911","56.9349"
"10/26/1911","56.51"
"10/27/1911","54.8105"
"10/28/1911","55.2061"
"10/30/1911","54.9863"
"10/31/1911","55.5211"
"11/1/1911","56.9129"
"11/2/1911","57.1913"
"11/3/1911","57.2792"
"11/4/1911","57.4184"
"11/6/1911","57.8726"
"11/8/1911","57.2426"
"11/9/1911","58.9128"
"11/10/1911","59.345"
"11/11/1911","59.0081"
"11/13/1911","58.5905"
"11/14/1911","58.5465"
"11/15/1911","58.3927"
"11/16/1911","58.5392"
"11/17/1911","59.3963"
"11/18/1911","59.4256"
"11/20/1911","59.0374"
"11/21/1911","59.748"
"11/22/1911","59.682"
"11/23/1911","59.9677"
"11/24/1911","59.682"
"11/25/1911","59.726"
"11/27/1911","59.5941"
"11/28/1911","59.704"
"11/29/1911","59.3157"
"12/1/1911","58.8322"
"12/2/1911","59.1033"
"12/4/1911","59.0007"
"12/5/1911","58.8322"
"12/6/1911","58.4733"
"12/7/1911","58.1217"
"12/8/1911","58.0118"
"12/9/1911","58.1729"
"12/11/1911","58.8469"
"12/12/1911","58.9202"
"12/13/1911","59.7113"
"12/14/1911","59.7846"
"12/15/1911","60.0483"
"12/16/1911","60.4219"
"12/18/1911","59.9897"
"12/19/1911","60.2681"
"12/20/1911","60.29"
"12/21/1911","60.2314"
"12/22/1911","60.1509"
"12/26/1911","60.1289"
"12/27/1911","59.9531"
"12/28/1911","59.5575"
"12/29/1911","59.7626"
"12/30/1911","59.8359"
"1/2/1912","60.334"
"1/3/1912","60.0849"
"1/4/1912","60.0996"
"1/5/1912","60.0337"
"1/6/1912","60.1728"
"1/8/1912","60.1582"
"1/9/1912","59.5428"
"1/10/1912","59.9824"
"1/11/1912","59.8066"
"1/12/1912","60.0703"
"1/13/1912","59.8945"
"1/15/1912","59.6893"
"1/16/1912","59.7992"
"1/17/1912","59.8359"
"1/18/1912","59.7699"
"1/19/1912","60.041"
"1/20/1912","60.3047"
"1/22/1912","60.0556"
"1/23/1912","59.9824"
"1/24/1912","59.8725"
"1/25/1912","59.9531"
"1/26/1912","59.9238"
"1/27/1912","59.5355"
"1/29/1912","59.5355"
"1/30/1912","59.5355"
"1/31/1912","58.7443"
"2/1/1912","58.9714"
"2/2/1912","58.9788"
"2/3/1912","58.8982"
"2/5/1912","58.8469"
"2/6/1912","58.9421"
"2/7/1912","59.0593"
"2/8/1912","59.1912"
"2/9/1912","59.096"
"2/10/1912","58.715"
"2/13/1912","59.074"
"2/14/1912","59.2132"
"2/15/1912","59.3817"
"2/16/1912","59.1546"
"2/17/1912","59.2278"
"2/19/1912","59.3743"
"2/20/1912","59.4476"
"2/21/1912","59.1766"
"2/23/1912","59.5355"
"2/24/1912","59.4623"
"2/26/1912","59.3231"
"2/27/1912","59.367"
"2/28/1912","59.7553"
"2/29/1912","59.6307"
"3/1/1912","60.1216"
"3/2/1912","60.041"
"3/4/1912","60.5098"
"3/5/1912","60.6783"
"3/6/1912","60.5464"
"3/7/1912","61.0812"
"3/8/1912","61.1691"
"3/9/1912","61.1252"
"3/11/1912","60.8981"
"3/12/1912","61.1471"
"3/13/1912","61.5061"
"3/14/1912","62.3559"
"3/15/1912","62.3779"
"3/16/1912","61.909"
"3/18/1912","62.5244"
"3/19/1912","62.6489"
"3/20/1912","63.4181"
"3/21/1912","63.6745"
"3/22/1912","64.1726"
"3/23/1912","64.7514"
"3/25/1912","64.8612"
"3/26/1912","64.9199"
"3/27/1912","64.8173"
"3/28/1912","64.5316"
"3/29/1912","64.6342"
"3/30/1912","64.6635"
"4/1/1912","65.2349"
"4/2/1912","65.0664"
"4/3/1912","65.0371"
"4/4/1912","65.5792"
"4/6/1912","65.9381"
"4/8/1912","66.0846"
"4/9/1912","66.4436"
"4/10/1912","66.1286"
"4/11/1912","65.8575"
"4/12/1912","65.3301"
"4/13/1912","65.2861"
"4/15/1912","65.7184"
"4/16/1912","65.3594"
"4/17/1912","65.4253"
"4/18/1912","65.3594"
"4/19/1912","65.3154"
"4/20/1912","65.3374"
"4/22/1912","64.9931"
"4/23/1912","65.6231"
"4/24/1912","65.4693"
"4/25/1912","66.2458"
"4/26/1912","66.6121"
"4/27/1912","66.5242"
"4/29/1912","66.2678"
"4/30/1912","66.1506"
"5/1/1912","66.1725"
"5/2/1912","66.2238"
"5/3/1912","65.1689"
"5/4/1912","65.0297"
"5/6/1912","64.1653"
"5/7/1912","64.2312"
"5/8/1912","64.3631"
"5/9/1912","64.766"
"5/10/1912","65.1763"
"5/11/1912","65.6231"
"5/13/1912","65.5865"
"5/14/1912","65.8063"
"5/15/1912","65.6231"
"5/16/1912","65.3667"
"5/17/1912","65.4546"
"5/18/1912","66.1652"
"5/20/1912","66.1799"
"5/21/1912","66.2824"
"5/22/1912","65.9088"
"5/23/1912","65.7623"
"5/24/1912","66.1139"
"5/25/1912","66.2018"
"5/27/1912","65.9381"
"5/28/1912","66.0407"
"5/29/1912","65.5865"
"5/31/1912","64.473"
"6/1/1912","64.7001"
"6/3/1912","64.8979"
"6/4/1912","65.4107"
"6/5/1912","66.2385"
"6/6/1912","66.4216"
"6/7/1912","66.2018"
"6/8/1912","66.2604"
"6/10/1912","66.3337"
"6/11/1912","65.8209"
"6/12/1912","65.8868"
"6/13/1912","65.8942"
"6/14/1912","65.4913"
"6/15/1912","65.5865"
"6/17/1912","65.777"
"6/18/1912","65.711"
"6/19/1912","65.9821"
"6/20/1912","66.5681"
"6/21/1912","66.4875"
"6/22/1912","66.407"
"6/24/1912","65.9747"
"6/25/1912","65.8282"
"6/26/1912","66.6634"
"6/27/1912","66.4216"
"6/28/1912","66.7293"
"6/29/1912","66.6048"
"7/1/1912","66.9198"
"7/2/1912","67.1688"
"7/3/1912","67.1102"
"7/5/1912","65.6378"
"7/6/1912","66.1725"
"7/8/1912","65.3008"
"7/9/1912","65.2495"
"7/10/1912","64.5975"
"7/11/1912","64.5096"
"7/12/1912","64.4437"
"7/13/1912","64.5096"
"7/15/1912","64.6781"
"7/16/1912","64.9858"
"7/17/1912","65.3301"
"7/18/1912","65.5279"
"7/19/1912","65.7623"
"7/20/1912","65.711"
"7/22/1912","65.7477"
"7/23/1912","65.4766"
"7/24/1912","65.5279"
"7/25/1912","65.9308"
"7/26/1912","65.5645"
"7/27/1912","65.5279"
"7/29/1912","65.1763"
"7/30/1912","65.3301"
"7/31/1912","65.7184"
"8/1/1912","66.2751"
"8/2/1912","66.048"
"8/3/1912","65.8795"
"8/5/1912","65.9528"
"8/6/1912","65.8136"
"8/7/1912","66.0187"
"8/8/1912","65.9308"
"8/9/1912","66.07"
"8/10/1912","66.3191"
"8/12/1912","66.4582"
"8/13/1912","66.9051"
"8/14/1912","67.2348"
"8/15/1912","66.8831"
"8/16/1912","66.9564"
"8/17/1912","66.8025"
"8/19/1912","66.8318"
"8/20/1912","67.1762"
"8/21/1912","67.1175"
"8/22/1912","66.7439"
"8/23/1912","66.9124"
"8/24/1912","66.9564"
"8/26/1912","67.0589"
"8/27/1912","67.4399"
"8/28/1912","67.1469"
"8/29/1912","67.1249"
"8/30/1912","67.0809"
"9/3/1912","66.385"
"9/4/1912","66.4875"
"9/5/1912","66.9051"
"9/6/1912","66.7952"
"9/7/1912","66.993"
"9/9/1912","66.8172"
"9/10/1912","66.7586"
"9/11/1912","66.2092"
"9/12/1912","66.3191"
"9/13/1912","66.3117"
"9/14/1912","66.385"
"9/16/1912","66.4216"
"9/17/1912","67.0663"
"9/18/1912","67.1395"
"9/19/1912","67.1469"
"9/20/1912","67.5937"
"9/21/1912","67.9746"
"9/23/1912","68.1871"
"9/24/1912","68.4435"
"9/25/1912","68.4069"
"9/26/1912","68.4362"
"9/27/1912","68.5754"
"9/28/1912","68.8611"
"9/30/1912","68.9709"
"10/1/1912","68.7878"
"10/2/1912","68.4948"
"10/3/1912","68.949"
"10/4/1912","68.6413"
"10/5/1912","68.8171"
"10/7/1912","68.8098"
"10/8/1912","68.949"
"10/9/1912","68.6266"
"10/10/1912","68.8171"
"10/11/1912","67.8501"
"10/14/1912","67.6889"
"10/15/1912","67.9307"
"10/16/1912","68.6413"
"10/17/1912","68.5094"
"10/18/1912","68.5754"
"10/19/1912","68.4655"
"10/21/1912","67.623"
"10/22/1912","67.6963"
"10/23/1912","67.1029"
"10/24/1912","67.0882"
"10/25/1912","66.5974"
"10/26/1912","66.7659"
"10/28/1912","66.9857"
"10/29/1912","66.1872"
"10/30/1912","66.2311"
"10/31/1912","66.4509"
"11/1/1912","66.3044"
"11/4/1912","66.1432"
"11/6/1912","67.352"
"11/7/1912","67.1542"
"11/8/1912","66.8905"
"11/9/1912","66.2018"
"11/11/1912","65.6231"
"11/12/1912","66.0041"
"11/13/1912","65.9015"
"11/14/1912","66.2238"
"11/15/1912","65.9967"
"11/16/1912","66.048"
"11/18/1912","65.9088"
"11/19/1912","65.9674"
"11/20/1912","66.1506"
"11/21/1912","66.9784"
"11/22/1912","66.6707"
"11/23/1912","66.3117"
"11/25/1912","65.8356"
"11/26/1912","66.1799"
"11/27/1912","66.385"
"11/29/1912","66.8538"
"11/30/1912","66.9564"
"12/2/1912","66.5535"
"12/3/1912","66.1945"
"12/4/1912","65.1982"
"12/5/1912","64.3778"
"12/6/1912","64.3192"
"12/7/1912","64.3485"
"12/9/1912","63.0225"
"12/10/1912","63.0152"
"12/11/1912","62.4511"
"12/12/1912","63.0372"
"12/13/1912","63.1324"
"12/14/1912","62.8394"
"12/16/1912","63.1617"
"12/17/1912","63.1544"
"12/18/1912","62.7515"
"12/19/1912","63.5719"
"12/20/1912","64.3558"
"12/21/1912","64.2605"
"12/23/1912","63.8943"
"12/24/1912","63.9968"
"12/26/1912","63.9748"
"12/27/1912","63.9162"
"12/28/1912","63.8357"
"12/30/1912","63.9236"
"12/31/1912","64.3704"
"1/2/1913","64.7733"
"1/3/1913","64.0628"
"1/4/1913","64.2898"
"1/6/1913","63.8796"
"1/7/1913","64.4803"
"1/8/1913","64.473"
"1/9/1913","64.8832"
"1/10/1913","64.6488"
"1/11/1913","64.2312"
"1/13/1913","62.9712"
"1/14/1913","62.2387"
"1/15/1913","62.6123"
"1/16/1913","62.8174"
"1/17/1913","62.7148"
"1/18/1913","62.8174"
"1/20/1913","59.7406"
"1/21/1913","60.4878"
"1/22/1913","61.0519"
"1/23/1913","60.7589"
"1/24/1913","60.2314"
"1/25/1913","60.3413"
"1/27/1913","60.4585"
"1/28/1913","60.8981"
"1/29/1913","60.7442"
"1/30/1913","61.3889"
"1/31/1913","61.3303"
"2/1/1913","61.2717"
"2/3/1913","60.9933"
"2/4/1913","61.0812"
"2/5/1913","60.8395"
"2/6/1913","60.7589"
"2/7/1913","61.1398"
"2/8/1913","61.1984"
"2/10/1913","60.7516"
"2/11/1913","60.1948"
"2/13/1913","59.5868"
"2/14/1913","59.9164"
"2/15/1913","59.6454"
"2/17/1913","59.0227"
"2/18/1913","58.4733"
"2/19/1913","58.9275"
"2/20/1913","58.7517"
"2/21/1913","58.5539"
"2/24/1913","58.0631"
"2/25/1913","57.6675"
"2/26/1913","58.6418"
"2/27/1913","59.0154"
"2/28/1913","58.8396"
"3/1/1913","59.0593"
"3/3/1913","59.5795"
"3/4/1913","59.1253"
"3/5/1913","59.8432"
"3/6/1913","59.5795"
"3/7/1913","59.0447"
"3/8/1913","58.3707"
"3/10/1913","58.0704"
"3/11/1913","58.5685"
"3/12/1913","58.2096"
"3/13/1913","58.5539"
"3/14/1913","58.466"
"3/15/1913","58.4074"
"3/17/1913","58.0631"
"3/18/1913","57.6382"
"3/19/1913","57.3378"
"3/20/1913","57.3232"
"3/24/1913","57.8067"
"3/25/1913","58.7517"
"3/26/1913","58.8322"
"3/27/1913","58.444"
"3/28/1913","58.9788"
"3/29/1913","59.4183"
"3/31/1913","59.2791"
"4/1/1913","60.0117"
"4/2/1913","59.8945"
"4/3/1913","60.1875"
"4/4/1913","60.942"
"4/5/1913","60.5684"
"4/7/1913","60.3267"
"4/8/1913","60.7442"
"4/9/1913","60.5025"
"4/10/1913","60.5391"
"4/11/1913","60.1728"
"4/12/1913","60.1875"
"4/14/1913","60.1509"
"4/15/1913","59.4036"
"4/16/1913","59.3963"
"4/17/1913","59.5428"
"4/18/1913","59.3743"
"4/19/1913","59.3377"
"4/21/1913","59.8725"
"4/22/1913","59.6747"
"4/23/1913","59.5209"
"4/24/1913","59.1619"
"4/25/1913","58.4"
"4/26/1913","58.1729"
"4/28/1913","58.107"
"4/29/1913","57.4257"
"4/30/1913","57.5356"
"5/1/1913","58.3268"
"5/2/1913","58.1217"
"5/3/1913","58.0997"
"5/5/1913","58.5685"
"5/6/1913","58.0264"
"5/7/1913","58.2535"
"5/8/1913","58.1656"
"5/9/1913","58.0411"
"5/10/1913","57.8506"
"5/12/1913","57.5649"
"5/13/1913","57.9019"
"5/14/1913","57.6675"
"5/15/1913","57.5136"
"5/16/1913","57.748"
"5/17/1913","57.6601"
"5/19/1913","57.6748"
"5/20/1913","57.9165"
"5/21/1913","57.8799"
"5/22/1913","58.2389"
"5/23/1913","58.2389"
"5/24/1913","58.5172"
"5/26/1913","58.4"
"5/27/1913","58.0337"
"5/28/1913","57.4917"
"5/29/1913","57.4184"
"6/2/1913","56.6052"
"6/3/1913","56.173"
"6/4/1913","55.4331"
"6/5/1913","54.9936"
"6/6/1913","55.0962"
"6/7/1913","54.9277"
"6/9/1913","54.1365"
"6/10/1913","52.9937"
"6/11/1913","52.8252"
"6/12/1913","54.4149"
"6/13/1913","54.6347"
"6/14/1913","55.3233"
"6/16/1913","54.6347"
"6/17/1913","54.8764"
"6/18/1913","55.565"
"6/19/1913","55.2427"
"6/20/1913","54.8764"
"6/21/1913","54.2317"
"6/23/1913","54.4515"
"6/24/1913","55.0962"
"6/25/1913","55.2207"
"6/26/1913","54.891"
"6/27/1913","54.7226"
"6/28/1913","55.1474"
"6/30/1913","54.8617"
"7/1/1913","55.2573"
"7/2/1913","55.5577"
"7/3/1913","55.5504"
"7/7/1913","55.4331"
"7/8/1913","55.3233"
"7/9/1913","55.1108"
"7/10/1913","55.3159"
"7/11/1913","55.2354"
"7/12/1913","55.3965"
"7/14/1913","55.1108"
"7/15/1913","55.2427"
"7/16/1913","56.0485"
"7/17/1913","55.8068"
"7/18/1913","56.4807"
"7/19/1913","56.3635"
"7/21/1913","57.2572"
"7/22/1913","57.206"
"7/23/1913","57.0228"
"7/24/1913","57.6162"
"7/25/1913","57.4037"
"7/26/1913","57.4843"
"7/28/1913","57.9165"
"7/29/1913","57.8213"
"7/30/1913","57.5722"
"7/31/1913","57.4917"
"8/1/1913","57.2939"
"8/2/1913","57.3305"
"8/4/1913","57.6894"
"8/5/1913","58.2535"
"8/6/1913","57.9898"
"8/7/1913","58.2462"
"8/8/1913","58.107"
"8/9/1913","57.9898"
"8/11/1913","58.4074"
"8/12/1913","59.1033"
"8/13/1913","59.2864"
"8/14/1913","58.9421"
"8/15/1913","58.2389"
"8/16/1913","58.4953"
"8/18/1913","58.4953"
"8/19/1913","58.5758"
"8/20/1913","58.8762"
"8/21/1913","58.7077"
"8/22/1913","58.6564"
"8/23/1913","58.6711"
"8/25/1913","58.8249"
"8/26/1913","58.8176"
"8/27/1913","58.715"
"8/28/1913","59.5795"
"8/29/1913","59.9311"
"9/2/1913","59.2938"
"9/3/1913","58.8249"
"9/4/1913","58.8029"
"9/5/1913","59.4329"
"9/6/1913","59.6307"
"9/8/1913","59.6234"
"9/9/1913","59.704"
"9/10/1913","60.1582"
"9/11/1913","60.1948"
"9/12/1913","60.7662"
"9/13/1913","61.1178"
"9/15/1913","60.6637"
"9/16/1913","60.8321"
"9/17/1913","60.3487"
"9/18/1913","60.4585"
"9/19/1913","60.4952"
"9/20/1913","60.4878"
"9/22/1913","60.8102"
"9/23/1913","60.5977"
"9/24/1913","60.1655"
"9/25/1913","60.2095"
"9/26/1913","60.041"
"9/27/1913","60.0337"
"9/29/1913","59.5062"
"9/30/1913","58.8762"
"10/1/1913","59.1839"
"10/2/1913","59.6527"
"10/3/1913","59.1839"
"10/4/1913","59.0374"
"10/6/1913","58.4733"
"10/7/1913","58.5246"
"10/8/1913","57.9971"
"10/9/1913","58.0704"
"10/10/1913","57.9239"
"10/11/1913","57.3525"
"10/14/1913","56.8763"
"10/15/1913","57.0301"
"10/16/1913","56.4734"
"10/17/1913","56.6785"
"10/18/1913","57.14"
"10/20/1913","57.184"
"10/21/1913","58.3121"
"10/22/1913","57.8872"
"10/23/1913","57.433"
"10/24/1913","57.5869"
"10/25/1913","57.5649"
"10/27/1913","58.151"
"10/28/1913","57.8286"
"10/29/1913","57.9678"
"10/30/1913","57.5796"
"10/31/1913","57.3598"
"11/1/1913","57.4477"
"11/3/1913","56.9642"
"11/5/1913","57.2206"
"11/6/1913","56.6492"
"11/7/1913","56.4368"
"11/8/1913","56.195"
"11/10/1913","55.6309"
"11/11/1913","55.9386"
"11/12/1913","56.3782"
"11/13/1913","56.3049"
"11/14/1913","56.5906"
"11/15/1913","56.5613"
"11/17/1913","56.4587"
"11/18/1913","56.5906"
"11/19/1913","56.3635"
"11/20/1913","56.0265"
"11/21/1913","55.8068"
"11/22/1913","55.7775"
"11/24/1913","55.7555"
"11/25/1913","56.3049"
"11/26/1913","56.173"
"11/28/1913","55.8287"
"11/29/1913","55.6309"
"12/1/1913","55.5064"
"12/2/1913","55.8434"
"12/3/1913","56.2829"
"12/4/1913","56.4148"
"12/5/1913","56.3269"
"12/6/1913","55.9459"
"12/8/1913","56.3122"
"12/9/1913","55.6529"
"12/10/1913","55.7994"
"12/11/1913","55.8654"
"12/12/1913","55.3745"
"12/13/1913","55.5943"
"12/15/1913","55.1401"
"12/16/1913","55.4478"
"12/17/1913","55.5137"
"12/18/1913","55.5137"
"12/19/1913","56.195"
"12/20/1913","56.8543"
"12/22/1913","57.184"
"12/23/1913","57.2206"
"12/24/1913","57.3891"
"12/26/1913","57.7627"
"12/27/1913","57.6528"
"12/29/1913","57.4917"
"12/30/1913","57.3305"
"12/31/1913","57.7114"
"1/2/1914","57.5722"
"1/3/1914","57.455"
"1/5/1914","57.8726"
"1/6/1914","58.0631"
"1/7/1914","57.9971"
"1/8/1914","57.7334"
"1/9/1914","57.9165"
"1/10/1914","57.9825"
"1/12/1914","58.085"
"1/13/1914","58.3268"
"1/14/1914","59.074"
"1/15/1914","59.3011"
"1/16/1914","59.1985"
"1/17/1914","59.1692"
"1/19/1914","59.4916"
"1/20/1914","59.345"
"1/21/1914","60.0117"
"1/22/1914","60.5538"
"1/23/1914","60.5831"
"1/24/1914","60.2021"
"1/26/1914","60.7149"
"1/27/1914","60.5684"
"1/28/1914","60.1582"
"1/29/1914","59.8652"
"1/30/1914","60.6563"
"1/31/1914","60.693"
"2/2/1914","60.4732"
"2/3/1914","60.942"
"2/4/1914","60.7296"
"2/5/1914","60.693"
"2/6/1914","60.3194"
"2/7/1914","60.4439"
"2/9/1914","60.3926"
"2/10/1914","60.334"
"2/11/1914","60.4366"
"2/13/1914","60.6856"
"2/14/1914","60.8688"
"2/16/1914","60.5098"
"2/17/1914","60.4219"
"2/18/1914","60.5757"
"2/19/1914","60.5464"
"2/20/1914","60.6417"
"2/21/1914","60.4512"
"2/24/1914","60.3194"
"2/25/1914","59.5648"
"2/26/1914","59.682"
"2/27/1914","60.0703"
"2/28/1914","60.2607"
"3/2/1914","59.8212"
"3/3/1914","59.8652"
"3/4/1914","60.2095"
"3/5/1914","59.8871"
"3/6/1914","59.4256"
"3/7/1914","59.5428"
"3/9/1914","59.6014"
"3/10/1914","60.0263"
"3/11/1914","59.7553"
"3/12/1914","59.4842"
"3/13/1914","59.8066"
"3/14/1914","60.0263"
"3/16/1914","59.8359"
"3/17/1914","60.3047"
"3/18/1914","60.3047"
"3/19/1914","60.4659"
"3/20/1914","61.1178"
"3/21/1914","60.8175"
"3/23/1914","60.942"
"3/24/1914","60.8761"
"3/25/1914","60.4878"
"3/26/1914","60.2974"
"3/27/1914","59.9457"
"3/28/1914","59.8139"
"3/30/1914","59.8066"
"3/31/1914","60.356"
"4/1/1914","60.4073"
"4/2/1914","60.4146"
"4/3/1914","60.1509"
"4/4/1914","60.1216"
"4/6/1914","60.2021"
"4/7/1914","60.2021"
"4/8/1914","60.0117"
"4/9/1914","59.748"
"4/11/1914","59.5575"
"4/13/1914","59.3743"
"4/14/1914","59.0081"
"4/15/1914","58.6052"
"4/16/1914","58.5319"
"4/17/1914","58.4"
"4/18/1914","58.5026"
"4/20/1914","57.7847"
"4/21/1914","58.129"
"4/22/1914","58.2535"
"4/23/1914","57.6748"
"4/24/1914","56.7884"
"4/25/1914","56.3855"
"4/27/1914","57.0082"
"4/28/1914","57.7187"
"4/29/1914","57.5869"
"4/30/1914","57.9605"
"5/1/1914","58.6857"
"5/2/1914","58.4806"
"5/4/1914","58.5246"
"5/5/1914","58.5246"
"5/6/1914","58.444"
"5/7/1914","58.4953"
"5/8/1914","57.9898"
"5/9/1914","58.2828"
"5/11/1914","58.6271"
"5/12/1914","58.6784"
"5/13/1914","58.6418"
"5/14/1914","59.3743"
"5/15/1914","59.4183"
"5/16/1914","59.2059"
"5/18/1914","59.6014"
"5/19/1914","59.8212"
"5/20/1914","59.6747"
"5/21/1914","59.2571"
"5/22/1914","59.2278"
"5/23/1914","59.6307"
"5/25/1914","59.5062"
"5/26/1914","59.5209"
"5/27/1914","59.748"
"5/28/1914","59.7406"
"5/29/1914","59.7553"
"6/1/1914","59.3231"
"6/2/1914","58.9714"
"6/3/1914","59.2059"
"6/4/1914","59.4623"
"6/5/1914","59.4769"
"6/6/1914","59.6893"
"6/8/1914","59.8066"
"6/9/1914","59.9311"
"6/10/1914","59.9531"
"6/11/1914","59.7846"
"6/12/1914","59.8945"
"6/13/1914","59.7553"
"6/15/1914","59.6747"
"6/16/1914","59.5428"
"6/17/1914","59.3597"
"6/18/1914","59.5209"
"6/19/1914","59.5795"
"6/20/1914","59.7186"
"6/22/1914","59.7626"
"6/23/1914","59.4769"
"6/24/1914","58.7736"
"6/25/1914","58.0924"
"6/26/1914","58.6491"
"6/27/1914","58.6857"
"6/29/1914","58.6052"
"6/30/1914","59.0886"
"7/1/1914","58.8469"
"7/2/1914","59.074"
"7/3/1914","59.5355"
"7/6/1914","59.6307"
"7/7/1914","59.7773"
"7/8/1914","59.9164"
"7/9/1914","59.7846"
"7/10/1914","59.5575"
"7/11/1914","59.5209"
"7/13/1914","59.2352"
"7/14/1914","59.4183"
"7/15/1914","58.8542"
"7/16/1914","58.9202"
"7/17/1914","58.9055"
"7/18/1914","59.0227"
"7/20/1914","58.9055"
"7/21/1914","59.1619"
"7/22/1914","59.2132"
"7/23/1914","58.9861"
"7/24/1914","58.3927"
"7/25/1914","58.3634"
"7/27/1914","57.9239"
"7/28/1914","55.88"
"7/29/1914","56.2023"
"7/30/1914","52.3197"
