"Citation: Samuel H. Williamson, 'Daily Closing Value of the Dow Jones Average, 1885 to Present,' MeasuringWorth, 2026. "
"Date","DJIA"
"6/29/1962","561.28"
"7/2/1962","573.75"
"7/3/1962","579.48"
"7/5/1962","583.87"
"7/6/1962","576.17"
"7/9/1962","580.82"
"7/10/1962","586.01"
"7/11/1962","589.06"
"7/12/1962","590.27"
"7/13/1962","590.19"
"7/16/1962","588.1"
"7/17/1962","577.85"
"7/18/1962","571.24"
"7/19/1962","573.16"
"7/20/1962","577.18"
"7/23/1962","577.47"
"7/24/1962","574.12"
"7/25/1962","574.67"
"7/26/1962","579.61"
"7/27/1962","585"
"7/30/1962","591.44"
"7/31/1962","597.93"
"8/1/1962","591.36"
"8/2/1962","593.83"
"8/3/1962","596.38"
"8/6/1962","593.24"
"8/7/1962","588.35"
"8/8/1962","590.94"
"8/9/1962","591.19"
"8/10/1962","592.32"
"8/13/1962","595.29"
"8/14/1962","601.9"
"8/15/1962","606.76"
"8/16/1962","606.71"
"8/17/1962","610.02"
"8/20/1962","612.86"
"8/21/1962","608.64"
"8/22/1962","615.54"
"8/23/1962","616"
"8/24/1962","613.74"
"8/27/1962","612.57"
"8/28/1962","605.25"
"8/29/1962","603.24"
"8/30/1962","602.32"
"8/31/1962","609.18"
"9/4/1962","602.45"
"9/5/1962","599.14"
"9/6/1962","600.81"
"9/7/1962","600.86"
"9/10/1962","602.03"
"9/11/1962","603.99"
"9/12/1962","606.34"
"9/13/1962","603.99"
"9/14/1962","605.84"
"9/17/1962","607.63"
"9/18/1962","607.09"
"9/19/1962","607.09"
"9/20/1962","601.65"
"9/21/1962","591.78"
"9/24/1962","582.91"
"9/25/1962","588.22"
"9/26/1962","578.48"
"9/27/1962","574.12"
"9/28/1962","578.98"
"10/1/1962","571.95"
"10/2/1962","578.73"
"10/3/1962","578.52"
"10/4/1962","582.41"
"10/5/1962","586.59"
"10/8/1962","586.09"
"10/9/1962","587.18"
"10/10/1962","588.14"
"10/11/1962","586.47"
"10/12/1962","586.47"
"10/15/1962","589.69"
"10/16/1962","589.35"
"10/17/1962","587.68"
"10/18/1962","581.15"
"10/19/1962","573.29"
"10/22/1962","568.6"
"10/23/1962","558.06"
"10/24/1962","576.68"
"10/25/1962","570.86"
"10/26/1962","569.02"
"10/29/1962","579.35"
"10/30/1962","588.98"
"10/31/1962","589.77"
"11/1/1962","597.13"
"11/2/1962","604.58"
"11/5/1962","610.48"
"11/7/1962","615.75"
"11/8/1962","609.14"
"11/9/1962","616.13"
"11/12/1962","624.41"
"11/13/1962","623.11"
"11/14/1962","630.48"
"11/15/1962","629.14"
"11/16/1962","630.98"
"11/19/1962","626.21"
"11/20/1962","632.94"
"11/21/1962","637.25"
"11/23/1962","644.87"
"11/26/1962","642.06"
"11/27/1962","648.05"
"11/28/1962","651.85"
"11/29/1962","652.61"
"11/30/1962","649.3"
"12/3/1962","646.41"
"12/4/1962","651.48"
"12/5/1962","653.99"
"12/6/1962","651.73"
"12/7/1962","652.1"
"12/10/1962","645.08"
"12/11/1962","645.16"
"12/12/1962","647.33"
"12/13/1962","645.2"
"12/14/1962","648.09"
"12/17/1962","645.49"
"12/18/1962","640.14"
"12/19/1962","647"
"12/20/1962","648.55"
"12/21/1962","646.41"
"12/24/1962","647.71"
"12/26/1962","651.64"
"12/27/1962","650.56"
"12/28/1962","651.43"
"12/31/1962","652.1"
"1/2/1963","646.79"
"1/3/1963","657.42"
"1/4/1963","662.23"
"1/7/1963","662.14"
"1/8/1963","669.88"
"1/9/1963","668"
"1/10/1963","669.51"
"1/11/1963","671.6"
"1/14/1963","675.74"
"1/15/1963","675.36"
"1/16/1963","669"
"1/17/1963","672.98"
"1/18/1963","672.52"
"1/21/1963","675.24"
"1/22/1963","675.53"
"1/23/1963","677.58"
"1/24/1963","676.99"
"1/25/1963","679.71"
"1/28/1963","682.89"
"1/29/1963","683.73"
"1/30/1963","678.58"
"1/31/1963","682.85"
"2/1/1963","683.19"
"2/4/1963","682.01"
"2/5/1963","681.3"
"2/6/1963","682.52"
"2/7/1963","679.09"
"2/8/1963","679.92"
"2/11/1963","674.74"
"2/12/1963","676.62"
"2/13/1963","681.72"
"2/14/1963","684.86"
"2/15/1963","686.07"
"2/18/1963","688.96"
"2/19/1963","686.83"
"2/20/1963","682.06"
"2/21/1963","681.64"
"2/25/1963","674.61"
"2/26/1963","675.28"
"2/27/1963","670.8"
"2/28/1963","662.94"
"3/1/1963","659.72"
"3/4/1963","667.04"
"3/5/1963","667.16"
"3/6/1963","668.08"
"3/7/1963","671.43"
"3/8/1963","672.43"
"3/11/1963","674.02"
"3/12/1963","675.2"
"3/13/1963","677.66"
"3/14/1963","673.73"
"3/15/1963","676.33"
"3/18/1963","673.56"
"3/19/1963","672.06"
"3/20/1963","677.12"
"3/21/1963","675.57"
"3/22/1963","677.83"
"3/25/1963","678.17"
"3/26/1963","680.38"
"3/27/1963","684.73"
"3/28/1963","682.47"
"3/29/1963","682.52"
"4/1/1963","685.86"
"4/2/1963","684.27"
"4/3/1963","690.51"
"4/4/1963","697.12"
"4/5/1963","702.43"
"4/8/1963","706.03"
"4/9/1963","706.03"
"4/10/1963","704.35"
"4/11/1963","708.45"
"4/15/1963","711.38"
"4/16/1963","710.92"
"4/17/1963","710.25"
"4/18/1963","708.16"
"4/19/1963","711.68"
"4/22/1963","711.01"
"4/23/1963","714.98"
"4/24/1963","717.74"
"4/25/1963","718.33"
"4/26/1963","717.16"
"4/29/1963","715.11"
"4/30/1963","717.7"
"5/1/1963","719.67"
"5/2/1963","721.09"
"5/3/1963","718.08"
"5/6/1963","713.77"
"5/7/1963","712.55"
"5/8/1963","718.54"
"5/9/1963","721.97"
"5/10/1963","723.3"
"5/13/1963","723.01"
"5/14/1963","719.84"
"5/15/1963","724.34"
"5/16/1963","722.84"
"5/17/1963","724.81"
"5/20/1963","720.18"
"5/21/1963","724.04"
"5/22/1963","722.84"
"5/23/1963","721.38"
"5/24/1963","720.53"
"5/27/1963","718.25"
"5/28/1963","717.95"
"5/29/1963","722.5"
"5/31/1963","726.96"
"6/3/1963","726.27"
"6/4/1963","726.49"
"6/5/1963","725.93"
"6/6/1963","726.87"
"6/7/1963","722.41"
"6/10/1963","716.49"
"6/11/1963","718.38"
"6/12/1963","723.36"
"6/13/1963","721.43"
"6/14/1963","722.03"
"6/17/1963","718.21"
"6/18/1963","718.9"
"6/19/1963","719.84"
"6/20/1963","718.85"
"6/21/1963","720.78"
"6/24/1963","718.42"
"6/25/1963","716.32"
"6/26/1963","708.99"
"6/27/1963","706.03"
"6/28/1963","706.88"
"7/1/1963","701.35"
"7/2/1963","708.94"
"7/3/1963","713.36"
"7/5/1963","716.45"
"7/8/1963","710.66"
"7/9/1963","714.09"
"7/10/1963","712.12"
"7/11/1963","709.76"
"7/12/1963","707.7"
"7/15/1963","703.28"
"7/16/1963","702.12"
"7/17/1963","699.72"
"7/18/1963","695.9"
"7/19/1963","693.89"
"7/22/1963","688.74"
"7/23/1963","687.84"
"7/24/1963","690.88"
"7/25/1963","687.71"
"7/26/1963","689.38"
"7/29/1963","690.71"
"7/30/1963","696.42"
"7/31/1963","695.43"
"8/1/1963","694.87"
"8/2/1963","697.83"
"8/5/1963","702.55"
"8/6/1963","707.06"
"8/7/1963","703.92"
"8/8/1963","704.18"
"8/9/1963","708.39"
"8/12/1963","710.27"
"8/13/1963","711.13"
"8/14/1963","714.95"
"8/15/1963","718.55"
"8/16/1963","719.32"
"8/19/1963","718.81"
"8/20/1963","717.27"
"8/21/1963","715.72"
"8/22/1963","718.47"
"8/23/1963","723.14"
"8/26/1963","724.17"
"8/27/1963","719.88"
"8/28/1963","725.07"
"8/29/1963","726.4"
"8/30/1963","729.32"
"9/3/1963","732.02"
"9/4/1963","732.92"
"9/5/1963","737.98"
"9/6/1963","735.37"
"9/9/1963","732.92"
"9/10/1963","737.43"
"9/11/1963","740.34"
"9/12/1963","740.26"
"9/13/1963","740.13"
"9/16/1963","738.46"
"9/17/1963","740.13"
"9/18/1963","737.86"
"9/19/1963","743.22"
"9/20/1963","743.6"
"9/23/1963","740.43"
"9/24/1963","745.96"
"9/25/1963","743.69"
"9/26/1963","736.95"
"9/27/1963","737.98"
"9/30/1963","732.79"
"10/1/1963","738.33"
"10/2/1963","737.94"
"10/3/1963","744.25"
"10/4/1963","745.06"
"10/7/1963","743.86"
"10/8/1963","743.9"
"10/9/1963","739.83"
"10/10/1963","740.56"
"10/11/1963","741.76"
"10/14/1963","741.84"
"10/15/1963","742.19"
"10/16/1963","748.45"
"10/17/1963","750.77"
"10/18/1963","750.6"
"10/21/1963","752.31"
"10/22/1963","747.21"
"10/23/1963","746.48"
"10/24/1963","751.8"
"10/25/1963","755.61"
"10/28/1963","759.39"
"10/29/1963","760.5"
"10/30/1963","755.19"
"10/31/1963","755.23"
"11/1/1963","753.73"
"11/4/1963","749.22"
"11/6/1963","744.03"
"11/7/1963","745.66"
"11/8/1963","750.81"
"11/11/1963","753.77"
"11/12/1963","750.21"
"11/13/1963","751.11"
"11/14/1963","747.04"
"11/15/1963","740"
"11/18/1963","734.85"
"11/19/1963","736.65"
"11/20/1963","742.06"
"11/21/1963","732.65"
"11/22/1963","711.49"
"11/26/1963","743.52"
"11/27/1963","741"
"11/29/1963","750.52"
"12/2/1963","751.91"
"12/3/1963","751.82"
"12/4/1963","755.51"
"12/5/1963","763.86"
"12/6/1963","760.25"
"12/9/1963","759.08"
"12/10/1963","759.25"
"12/11/1963","757.21"
"12/12/1963","757.43"
"12/13/1963","760.17"
"12/16/1963","761.64"
"12/17/1963","766.38"
"12/18/1963","767.21"
"12/19/1963","763.86"
"12/20/1963","762.08"
"12/23/1963","758.3"
"12/24/1963","756.86"
"12/26/1963","760.21"
"12/27/1963","762.95"
"12/30/1963","759.9"
"12/31/1963","762.95"
"1/2/1964","766.08"
"1/3/1964","767.68"
"1/6/1964","769.51"
"1/7/1964","771.73"
"1/8/1964","774.46"
"1/9/1964","776.55"
"1/10/1964","774.33"
"1/13/1964","773.12"
"1/14/1964","774.49"
"1/15/1964","774.71"
"1/16/1964","776.13"
"1/17/1964","775.69"
"1/20/1964","773.03"
"1/21/1964","776.44"
"1/22/1964","781.31"
"1/23/1964","782.86"
"1/24/1964","783.04"
"1/27/1964","785.34"
"1/28/1964","787.78"
"1/29/1964","782.6"
"1/30/1964","783.44"
"1/31/1964","785.34"
"2/3/1964","784.72"
"2/4/1964","783.3"
"2/5/1964","783.04"
"2/6/1964","786.41"
"2/7/1964","791.59"
"2/10/1964","788.71"
"2/11/1964","792.16"
"2/12/1964","794.82"
"2/13/1964","794.42"
"2/14/1964","794.56"
"2/17/1964","796.19"
"2/18/1964","795.4"
"2/19/1964","794.91"
"2/20/1964","796.99"
"2/24/1964","797.12"
"2/25/1964","796.59"
"2/26/1964","799.38"
"2/27/1964","797.04"
"2/28/1964","800.14"
"3/2/1964","802.75"
"3/3/1964","805.72"
"3/4/1964","804.7"
"3/5/1964","803.77"
"3/6/1964","806.03"
"3/9/1964","807.18"
"3/10/1964","809.39"
"3/11/1964","813.87"
"3/12/1964","814.22"
"3/13/1964","816.22"
"3/16/1964","816.48"
"3/17/1964","818.16"
"3/18/1964","820.25"
"3/19/1964","819.36"
"3/20/1964","814.93"
"3/23/1964","813.6"
"3/24/1964","811.43"
"3/25/1964","813.16"
"3/26/1964","815.91"
"3/30/1964","815.29"
"3/31/1964","813.29"
"4/1/1964","816.08"
"4/2/1964","820.87"
"4/3/1964","822.99"
"4/6/1964","824.76"
"4/7/1964","822.77"
"4/8/1964","824.19"
"4/9/1964","821.35"
"4/10/1964","821.75"
"4/13/1964","821.31"
"4/14/1964","822.95"
"4/15/1964","825.43"
"4/16/1964","825.65"
"4/17/1964","827.33"
"4/20/1964","824.54"
"4/21/1964","826.45"
"4/22/1964","823.57"
"4/23/1964","821.66"
"4/24/1964","814.89"
"4/27/1964","811.87"
"4/28/1964","816.7"
"4/29/1964","812.81"
"4/30/1964","810.77"
"5/1/1964","817.1"
"5/4/1964","823.83"
"5/5/1964","826.63"
"5/6/1964","828.18"
"5/7/1964","830.17"
"5/8/1964","828.57"
"5/11/1964","827.07"
"5/12/1964","827.38"
"5/13/1964","825.78"
"5/14/1964","824.45"
"5/15/1964","826.23"
"5/18/1964","821.31"
"5/19/1964","817.28"
"5/20/1964","820.11"
"5/21/1964","819.8"
"5/22/1964","820.87"
"5/25/1964","820.25"
"5/26/1964","818.92"
"5/27/1964","817.94"
"5/28/1964","820.56"
"6/1/1964","818.56"
"6/2/1964","813.78"
"6/3/1964","811.79"
"6/4/1964","802.48"
"6/5/1964","806.03"
"6/8/1964","800.31"
"6/9/1964","805.54"
"6/10/1964","807.53"
"6/11/1964","811.25"
"6/12/1964","809.39"
"6/15/1964","813.56"
"6/16/1964","818.16"
"6/17/1964","823.35"
"6/18/1964","823.98"
"6/19/1964","825.25"
"6/22/1964","826.38"
"6/23/1964","822.7"
"6/24/1964","827.01"
"6/25/1964","827.48"
"6/26/1964","830.99"
"6/29/1964","830.94"
"6/30/1964","831.5"
"7/1/1964","838.06"
"7/2/1964","841.47"
"7/6/1964","844.24"
"7/7/1964","844.94"
"7/8/1964","845.45"
"7/9/1964","845.13"
"7/10/1964","847.51"
"7/13/1964","845.55"
"7/14/1964","843.63"
"7/15/1964","844.8"
"7/16/1964","847.47"
"7/17/1964","851.35"
"7/20/1964","849.39"
"7/21/1964","846.95"
"7/22/1964","847.65"
"7/23/1964","846.48"
"7/24/1964","845.64"
"7/27/1964","841.05"
"7/28/1964","837.35"
"7/29/1964","838.67"
"7/30/1964","839.37"
"7/31/1964","841.1"
"8/3/1964","840.35"
"8/4/1964","832.77"
"8/5/1964","833.05"
"8/6/1964","823.4"
"8/7/1964","829.16"
"8/10/1964","829.35"
"8/11/1964","828.08"
"8/12/1964","834.08"
"8/13/1964","838.52"
"8/14/1964","838.81"
"8/17/1964","840.21"
"8/18/1964","842.83"
"8/19/1964","841.76"
"8/20/1964","838.71"
"8/21/1964","838.62"
"8/24/1964","837.31"
"8/25/1964","832.2"
"8/26/1964","829.21"
"8/27/1964","835.25"
"8/28/1964","839.09"
"8/31/1964","838.48"
"9/1/1964","844"
"9/2/1964","845.08"
"9/3/1964","846.02"
"9/4/1964","848.31"
"9/8/1964","851.91"
"9/9/1964","855.57"
"9/10/1964","859.5"
"9/11/1964","867.13"
"9/14/1964","866.24"
"9/15/1964","862.54"
"9/16/1964","864.18"
"9/17/1964","868.67"
"9/18/1964","865.12"
"9/21/1964","871.58"
"9/22/1964","872.47"
"9/23/1964","871.95"
"9/24/1964","872.98"
"9/25/1964","874.71"
"9/28/1964","875.46"
"9/29/1964","875.74"
"9/30/1964","875.37"
"10/1/1964","872"
"10/2/1964","872.65"
"10/5/1964","877.15"
"10/6/1964","875.14"
"10/7/1964","873.78"
"10/8/1964","874.9"
"10/9/1964","878.08"
"10/12/1964","877.57"
"10/13/1964","876.21"
"10/14/1964","875.18"
"10/15/1964","868.44"
"10/16/1964","873.54"
"10/19/1964","876.21"
"10/20/1964","881.5"
"10/21/1964","879.72"
"10/22/1964","877.01"
"10/23/1964","877.62"
"10/26/1964","877.01"
"10/27/1964","875.98"
"10/28/1964","871.16"
"10/29/1964","871.86"
"10/30/1964","873.08"
"11/2/1964","875.51"
"11/4/1964","873.82"
"11/5/1964","873.54"
"11/6/1964","876.87"
"11/9/1964","874.57"
"11/10/1964","870.64"
"11/11/1964","873.59"
"11/12/1964","874.62"
"11/13/1964","874.11"
"11/16/1964","880.1"
"11/17/1964","885.39"
"11/18/1964","891.71"
"11/19/1964","888.71"
"11/20/1964","890.72"
"11/23/1964","889.29"
"11/24/1964","887.61"
"11/25/1964","882.4"
"11/27/1964","882.12"
"11/30/1964","875.43"
"12/1/1964","864.43"
"12/2/1964","867.16"
"12/3/1964","870.79"
"12/4/1964","870.93"
"12/7/1964","873.99"
"12/8/1964","870.69"
"12/9/1964","863.81"
"12/10/1964","863.14"
"12/11/1964","864.34"
"12/14/1964","860.65"
"12/15/1964","857.45"
"12/16/1964","860.08"
"12/17/1964","863.57"
"12/18/1964","868.73"
"12/21/1964","869.74"
"12/22/1964","870.36"
"12/23/1964","868.02"
"12/24/1964","868.16"
"12/28/1964","867.01"
"12/29/1964","862.18"
"12/30/1964","868.69"
"12/31/1964","874.13"
"1/4/1965","869.78"
"1/5/1965","875.86"
"1/6/1965","879.68"
"1/7/1965","884.36"
"1/8/1965","882.6"
"1/11/1965","883.22"
"1/12/1965","885.89"
"1/13/1965","886.85"
"1/14/1965","887.18"
"1/15/1965","891.15"
"1/18/1965","895.21"
"1/19/1965","896.27"
"1/20/1965","895.31"
"1/21/1965","893.26"
"1/22/1965","893.59"
"1/25/1965","896.46"
"1/26/1965","897.84"
"1/27/1965","899.52"
"1/28/1965","900.95"
"1/29/1965","902.86"
"2/1/1965","903.68"
"2/2/1965","903.77"
"2/3/1965","906.3"
"2/4/1965","904.06"
"2/5/1965","901.57"
"2/8/1965","897.89"
"2/9/1965","901.24"
"2/10/1965","892.92"
"2/11/1965","881.88"
"2/12/1965","888.47"
"2/15/1965","885.32"
"2/16/1965","881.35"
"2/17/1965","882.93"
"2/18/1965","883.69"
"2/19/1965","885.61"
"2/23/1965","891.96"
"2/24/1965","897.84"
"2/25/1965","899.9"
"2/26/1965","903.48"
"3/1/1965","899.76"
"3/2/1965","901.91"
"3/3/1965","900.76"
"3/4/1965","897.75"
"3/5/1965","895.98"
"3/8/1965","896.84"
"3/9/1965","894.07"
"3/10/1965","892.39"
"3/11/1965","896.51"
"3/12/1965","900.33"
"3/15/1965","899.85"
"3/16/1965","898.9"
"3/17/1965","899.37"
"3/18/1965","896.55"
"3/19/1965","895.79"
"3/22/1965","896.12"
"3/23/1965","898.69"
"3/24/1965","900.56"
"3/25/1965","898.34"
"3/26/1965","891.66"
"3/29/1965","887.82"
"3/30/1965","889.05"
"3/31/1965","889.05"
"4/1/1965","890.33"
"4/2/1965","893.38"
"4/5/1965","893.23"
"4/6/1965","891.9"
"4/7/1965","892.94"
"4/8/1965","897.9"
"4/9/1965","901.29"
"4/12/1965","906.36"
"4/13/1965","908.01"
"4/14/1965","912.86"
"4/15/1965","911.91"
"4/19/1965","912.76"
"4/20/1965","911.96"
"4/21/1965","910.71"
"4/22/1965","915.06"
"4/23/1965","916.41"
"4/26/1965","916.86"
"4/27/1965","918.16"
"4/28/1965","918.86"
"4/29/1965","918.71"
"4/30/1965","922.31"
"5/3/1965","922.11"
"5/4/1965","928.22"
"5/5/1965","932.22"
"5/6/1965","933.52"
"5/7/1965","932.52"
"5/10/1965","931.47"
"5/11/1965","930.92"
"5/12/1965","934.17"
"5/13/1965","938.87"
"5/14/1965","939.62"
"5/17/1965","930.67"
"5/18/1965","930.62"
"5/19/1965","932.12"
"5/20/1965","927.27"
"5/21/1965","922.01"
"5/24/1965","914.21"
"5/25/1965","921"
"5/26/1965","917.16"
"5/27/1965","913.22"
"5/28/1965","918.04"
"6/1/1965","908.53"
"6/2/1965","904.06"
"6/3/1965","899.22"
"6/4/1965","900.87"
"6/7/1965","902.15"
"6/8/1965","889.05"
"6/9/1965","879.84"
"6/10/1965","876.49"
"6/11/1965","881.7"
"6/14/1965","868.71"
"6/15/1965","874.57"
"6/16/1965","878.07"
"6/17/1965","883.06"
"6/18/1965","879.17"
"6/21/1965","874.12"
"6/22/1965","875.43"
"6/23/1965","870.22"
"6/24/1965","857.76"
"6/25/1965","854.36"
"6/28/1965","840.59"
"6/29/1965","851.4"
"6/30/1965","868.03"
"7/1/1965","871.59"
"7/2/1965","875.16"
"7/6/1965","873.18"
"7/7/1965","870.77"
"7/8/1965","877.85"
"7/9/1965","879.49"
"7/12/1965","877.96"
"7/13/1965","876.97"
"7/14/1965","883.23"
"7/15/1965","880.98"
"7/16/1965","880.43"
"7/19/1965","880.26"
"7/20/1965","868.79"
"7/21/1965","865.01"
"7/22/1965","861.77"
"7/23/1965","863.97"
"7/26/1965","867.26"
"7/27/1965","863.53"
"7/28/1965","867.92"
"7/29/1965","874.23"
"7/30/1965","881.74"
"8/2/1965","881.85"
"8/3/1965","881.2"
"8/4/1965","883.88"
"8/5/1965","881.63"
"8/6/1965","882.51"
"8/9/1965","879.77"
"8/10/1965","878.89"
"8/11/1965","881.47"
"8/12/1965","881.96"
"8/13/1965","888.82"
"8/16/1965","891.13"
"8/17/1965","894.26"
"8/18/1965","894.37"
"8/19/1965","891.79"
"8/20/1965","889.92"
"8/23/1965","887.07"
"8/24/1965","887.12"
"8/25/1965","890.85"
"8/26/1965","896.18"
"8/27/1965","895.96"
"8/30/1965","895.63"
"8/31/1965","893.1"
"9/1/1965","893.6"
"9/2/1965","900.4"
"9/3/1965","907.97"
"9/7/1965","910.11"
"9/8/1965","913.68"
"9/9/1965","917.47"
"9/10/1965","918.95"
"9/13/1965","920.92"
"9/14/1965","916.59"
"9/15/1965","922.95"
"9/16/1965","931.18"
"9/17/1965","928.99"
"9/20/1965","931.18"
"9/21/1965","926.52"
"9/22/1965","931.62"
"9/23/1965","927.45"
"9/24/1965","929.54"
"9/27/1965","937.88"
"9/28/1965","935.85"
"9/29/1965","932.39"
"9/30/1965","930.58"
"10/1/1965","929.65"
"10/4/1965","930.86"
"10/5/1965","938.7"
"10/6/1965","936.84"
"10/7/1965","934.42"
"10/8/1965","938.32"
"10/11/1965","942.65"
"10/12/1965","941.12"
"10/13/1965","941.01"
"10/14/1965","937.5"
"10/15/1965","940.68"
"10/18/1965","945.84"
"10/19/1965","947.76"
"10/20/1965","948.47"
"10/21/1965","950.28"
"10/22/1965","952.42"
"10/25/1965","948.14"
"10/26/1965","956.23"
"10/27/1965","959.5"
"10/28/1965","959.11"
"10/29/1965","960.82"
"11/1/1965","958.96"
"11/3/1965","961.13"
"11/4/1965","961.85"
"11/5/1965","959.46"
"11/8/1965","953.95"
"11/9/1965","951.72"
"11/10/1965","951.22"
"11/11/1965","953.28"
"11/12/1965","956.29"
"11/15/1965","955.9"
"11/16/1965","956.51"
"11/17/1965","956.57"
"11/18/1965","950.5"
"11/19/1965","952.72"
"11/22/1965","946.38"
"11/23/1965","948.94"
"11/24/1965","948.94"
"11/26/1965","948.16"
"11/29/1965","946.93"
"11/30/1965","946.71"
"12/1/1965","947.6"
"12/2/1965","944.59"
"12/3/1965","946.1"
"12/6/1965","939.53"
"12/7/1965","951.33"
"12/8/1965","946.6"
"12/9/1965","949.55"
"12/10/1965","952.72"
"12/13/1965","951.55"
"12/14/1965","954.06"
"12/15/1965","958.74"
"12/16/1965","959.13"
"12/17/1965","957.85"
"12/20/1965","952.22"
"12/21/1965","959.46"
"12/22/1965","965.86"
"12/23/1965","966.36"
"12/27/1965","959.79"
"12/28/1965","957.96"
"12/29/1965","960.3"
"12/30/1965","963.69"
"12/31/1965","969.26"
"1/3/1966","968.54"
"1/4/1966","969.26"
"1/5/1966","981.62"
"1/6/1966","985.46"
"1/7/1966","986.13"
"1/10/1966","985.41"
"1/11/1966","986.85"
"1/12/1966","983.96"
"1/13/1966","985.69"
"1/14/1966","987.3"
"1/17/1966","989.75"
"1/18/1966","994.2"
"1/19/1966","991.14"
"1/20/1966","987.8"
"1/21/1966","988.14"
"1/24/1966","991.42"
"1/25/1966","991.64"
"1/26/1966","990.92"
"1/27/1966","990.36"
"1/28/1966","985.35"
"1/31/1966","983.51"
"2/1/1966","975.89"
"2/2/1966","982.29"
"2/3/1966","981.23"
"2/4/1966","986.35"
"2/7/1966","989.69"
"2/8/1966","991.03"
"2/9/1966","995.15"
"2/10/1966","990.81"
"2/11/1966","989.03"
"2/14/1966","987.69"
"2/15/1966","981.57"
"2/16/1966","982.4"
"2/17/1966","975.27"
"2/18/1966","975.22"
"2/21/1966","966.48"
"2/23/1966","960.13"
"2/24/1966","950.66"
"2/25/1966","953"
"2/28/1966","951.89"
"3/1/1966","938.19"
"3/2/1966","932.01"
"3/3/1966","936.35"
"3/4/1966","932.34"
"3/7/1966","917.76"
"3/8/1966","919.98"
"3/9/1966","929.84"
"3/10/1966","929.23"
"3/11/1966","927.95"
"3/14/1966","917.09"
"3/15/1966","911.08"
"3/16/1966","916.03"
"3/17/1966","919.32"
"3/18/1966","922.88"
"3/21/1966","929.17"
"3/22/1966","934.52"
"3/23/1966","929"
"3/24/1966","928.61"
"3/25/1966","929.95"
"3/28/1966","932.62"
"3/29/1966","929.39"
"3/30/1966","919.76"
"3/31/1966","924.77"
"4/1/1966","931.29"
"4/4/1966","937.86"
"4/5/1966","944.71"
"4/6/1966","945.26"
"4/7/1966","945.76"
"4/11/1966","942.42"
"4/12/1966","937.24"
"4/13/1966","938.36"
"4/14/1966","945.48"
"4/15/1966","947.77"
"4/18/1966","941.98"
"4/19/1966","941.64"
"4/20/1966","951.28"
"4/21/1966","954.73"
"4/22/1966","949.83"
"4/25/1966","950.55"
"4/26/1966","947.21"
"4/27/1966","944.54"
"4/28/1966","937.41"
"4/29/1966","933.68"
"5/2/1966","931.95"
"5/3/1966","921.77"
"5/4/1966","914.86"
"5/5/1966","899.77"
"5/6/1966","902.83"
"5/9/1966","886.8"
"5/10/1966","895.48"
"5/11/1966","895.43"
"5/12/1966","885.57"
"5/13/1966","876.11"
"5/16/1966","867.53"
"5/17/1966","864.14"
"5/18/1966","878.5"
"5/19/1966","872.99"
"5/20/1966","876.89"
"5/23/1966","882.46"
"5/24/1966","888.41"
"5/25/1966","890.42"
"5/26/1966","891.75"
"5/27/1966","897.04"
"5/31/1966","884.07"
"6/1/1966","883.63"
"6/2/1966","882.73"
"6/3/1966","887.86"
"6/6/1966","881.68"
"6/7/1966","877.33"
"6/8/1966","879.34"
"6/9/1966","882.62"
"6/10/1966","891.75"
"6/13/1966","897.6"
"6/14/1966","903.17"
"6/15/1966","901.11"
"6/16/1966","897.16"
"6/17/1966","894.26"
"6/20/1966","892.76"
"6/21/1966","894.98"
"6/22/1966","901"
"6/23/1966","896.43"
"6/24/1966","897.16"
"6/27/1966","888.97"
"6/28/1966","880.9"
"6/29/1966","871.6"
"6/30/1966","870.1"
"7/1/1966","877.06"
"7/5/1966","875.27"
"7/6/1966","888.86"
"7/7/1966","891.64"
"7/8/1966","894.04"
"7/11/1966","893.09"
"7/12/1966","886.19"
"7/13/1966","881.4"
"7/14/1966","887.8"
"7/15/1966","889.36"
"7/18/1966","888.41"
"7/19/1966","884.07"
"7/20/1966","874.49"
"7/21/1966","873.99"
"7/22/1966","869.15"
"7/25/1966","852.83"
"7/26/1966","852.17"
"7/27/1966","856.23"
"7/28/1966","854.06"
"7/29/1966","847.38"
"8/1/1966","835.18"
"8/2/1966","832.57"
"8/3/1966","841.7"
"8/4/1966","851.5"
"8/5/1966","852.39"
"8/8/1966","849.05"
"8/9/1966","844.82"
"8/10/1966","838.53"
"8/11/1966","837.91"
"8/12/1966","840.53"
"8/15/1966","834.85"
"8/16/1966","823.83"
"8/17/1966","819.59"
"8/18/1966","810.74"
"8/19/1966","804.62"
"8/22/1966","792.03"
"8/23/1966","790.14"
"8/24/1966","799.55"
"8/25/1966","792.37"
"8/26/1966","780.56"
"8/29/1966","767.03"
"8/30/1966","775.72"
"8/31/1966","788.41"
"9/1/1966","792.09"
"9/2/1966","787.69"
"9/6/1966","782.34"
"9/7/1966","777.39"
"9/8/1966","774.88"
"9/9/1966","775.55"
"9/12/1966","790.59"
"9/13/1966","795.48"
"9/14/1966","806.23"
"9/15/1966","814.3"
"9/16/1966","814.3"
"9/19/1966","810.85"
"9/20/1966","806.01"
"9/21/1966","793.59"
"9/22/1966","797.77"
"9/23/1966","790.97"
"9/26/1966","792.7"
"9/27/1966","794.09"
"9/28/1966","780.95"
"9/29/1966","772.66"
"9/30/1966","774.22"
"10/3/1966","757.96"
"10/4/1966","763.19"
"10/5/1966","755.45"
"10/6/1966","749.61"
"10/7/1966","744.32"
"10/10/1966","754.51"
"10/11/1966","758.63"
"10/12/1966","778.17"
"10/13/1966","772.93"
"10/14/1966","771.71"
"10/17/1966","778.89"
"10/18/1966","791.87"
"10/19/1966","785.35"
"10/20/1966","783.68"
"10/21/1966","787.3"
"10/24/1966","787.75"
"10/25/1966","793.09"
"10/26/1966","801.11"
"10/27/1966","809.57"
"10/28/1966","807.96"
"10/31/1966","807.07"
"11/1/1966","809.63"
"11/2/1966","807.29"
"11/3/1966","804.34"
"11/4/1966","805.06"
"11/7/1966","802.22"
"11/9/1966","809.91"
"11/10/1966","816.87"
"11/11/1966","819.09"
"11/14/1966","813.75"
"11/15/1966","815.31"
"11/16/1966","820.87"
"11/17/1966","816.03"
"11/18/1966","809.4"
"11/21/1966","798.16"
"11/22/1966","794.98"
"11/23/1966","796.82"
"11/25/1966","803.34"
"11/28/1966","801.16"
"11/29/1966","795.26"
"11/30/1966","791.59"
"12/1/1966","789.75"
"12/2/1966","789.47"
"12/5/1966","791.59"
"12/6/1966","797.43"
"12/7/1966","808.01"
"12/8/1966","812.8"
"12/9/1966","813.02"
"12/12/1966","820.54"
"12/13/1966","816.7"
"12/14/1966","817.98"
"12/15/1966","809.18"
"12/16/1966","807.18"
"12/19/1966","798.99"
"12/20/1966","794.59"
"12/21/1966","797.43"
"12/22/1966","801.67"
"12/23/1966","799.1"
"12/27/1966","792.2"
"12/28/1966","788.58"
"12/29/1966","786.35"
"12/30/1966","785.69"
"1/3/1967","786.41"
"1/4/1967","791.14"
"1/5/1967","805.51"
"1/6/1967","808.74"
"1/9/1967","813.47"
"1/10/1967","814.14"
"1/11/1967","822.49"
"1/12/1967","829.95"
"1/13/1967","835.13"
"1/16/1967","833.24"
"1/17/1967","843.65"
"1/18/1967","847.49"
"1/19/1967","846.44"
"1/20/1967","847.16"
"1/23/1967","847.72"
"1/24/1967","847.72"
"1/25/1967","840.59"
"1/26/1967","838.7"
"1/27/1967","844.04"
"1/30/1967","848.11"
"1/31/1967","849.89"
"2/1/1967","848.39"
"2/2/1967","853.12"
"2/3/1967","857.46"
"2/6/1967","855.12"
"2/7/1967","852.51"
"2/8/1967","860.97"
"2/9/1967","857.52"
"2/10/1967","855.73"
"2/13/1967","853.34"
"2/14/1967","856.9"
"2/15/1967","855.79"
"2/16/1967","851.56"
"2/17/1967","850.84"
"2/20/1967","847.88"
"2/21/1967","844.1"
"2/23/1967","846.77"
"2/24/1967","847.33"
"2/27/1967","836.64"
"2/28/1967","839.37"
"3/1/1967","843.49"
"3/2/1967","846.71"
"3/3/1967","846.6"
"3/6/1967","842.2"
"3/7/1967","841.76"
"3/8/1967","843.32"
"3/9/1967","844.15"
"3/10/1967","848.5"
"3/13/1967","844.82"
"3/14/1967","844.27"
"3/15/1967","854.06"
"3/16/1967","868.49"
"3/17/1967","869.77"
"3/20/1967","870.43"
"3/21/1967","866.59"
"3/22/1967","870.55"
"3/23/1967","876.67"
"3/27/1967","873.72"
"3/28/1967","875.28"
"3/29/1967","871.1"
"3/30/1967","869.99"
"3/31/1967","865.98"
"4/3/1967","859.97"
"4/4/1967","859.19"
"4/5/1967","861.19"
"4/6/1967","861.25"
"4/7/1967","853.34"
"4/10/1967","842.43"
"4/11/1967","847.66"
"4/12/1967","844.65"
"4/13/1967","848.83"
"4/14/1967","859.74"
"4/17/1967","866.59"
"4/18/1967","873"
"4/19/1967","873.94"
"4/20/1967","878.62"
"4/21/1967","883.18"
"4/24/1967","887.53"
"4/25/1967","891.2"
"4/26/1967","889.03"
"4/27/1967","894.82"
"4/28/1967","897.05"
"5/1/1967","892.93"
"5/2/1967","891.65"
"5/3/1967","896.77"
"5/4/1967","901.95"
"5/5/1967","905.96"
"5/8/1967","909.63"
"5/9/1967","899.89"
"5/10/1967","894.1"
"5/11/1967","896.21"
"5/12/1967","890.03"
"5/15/1967","882.41"
"5/16/1967","885.8"
"5/17/1967","882.24"
"5/18/1967","877.34"
"5/19/1967","874.55"
"5/22/1967","871.05"
"5/23/1967","868.71"
"5/24/1967","862.42"
"5/25/1967","870.71"
"5/26/1967","870.32"
"5/29/1967","864.98"
"5/31/1967","852.56"
"6/1/1967","864.98"
"6/2/1967","863.31"
"6/5/1967","847.77"
"6/6/1967","862.71"
"6/7/1967","869.19"
"6/8/1967","873.2"
"6/9/1967","874.89"
"6/12/1967","878.93"
"6/13/1967","886.15"
"6/14/1967","880.61"
"6/15/1967","883.26"
"6/16/1967","885"
"6/19/1967","884.57"
"6/20/1967","880.61"
"6/21/1967","877.66"
"6/22/1967","875.69"
"6/23/1967","877.37"
"6/26/1967","872.11"
"6/27/1967","869.39"
"6/28/1967","868.87"
"6/29/1967","861.94"
"6/30/1967","860.26"
"7/3/1967","859.69"
"7/5/1967","864.94"
"7/6/1967","864.02"
"7/7/1967","869.05"
"7/10/1967","875.52"
"7/11/1967","879.45"
"7/12/1967","878.7"
"7/13/1967","878.53"
"7/14/1967","882.05"
"7/17/1967","882.74"
"7/18/1967","896.09"
"7/19/1967","903.32"
"7/20/1967","908.69"
"7/21/1967","909.56"
"7/24/1967","904.53"
"7/25/1967","901.29"
"7/26/1967","903.14"
"7/27/1967","903.14"
"7/28/1967","901.53"
"7/31/1967","904.24"
"8/1/1967","912.97"
"8/2/1967","922.27"
"8/3/1967","921.98"
"8/4/1967","923.77"
"8/7/1967","920.37"
"8/8/1967","922.45"
"8/9/1967","926.72"
"8/10/1967","925.22"
"8/11/1967","920.65"
"8/14/1967","916.32"
"8/15/1967","919.15"
"8/16/1967","915.68"
"8/17/1967","918.23"
"8/18/1967","919.04"
"8/21/1967","912.27"
"8/22/1967","907.48"
"8/23/1967","905.11"
"8/24/1967","898.46"
"8/25/1967","894.07"
"8/28/1967","894.71"
"8/29/1967","894.76"
"8/30/1967","893.72"
"8/31/1967","901.29"
"9/1/1967","901.18"
"9/5/1967","904.13"
"9/6/1967","906.96"
"9/7/1967","908.17"
"9/8/1967","907.54"
"9/11/1967","909.62"
"9/12/1967","911.75"
"9/13/1967","923.77"
"9/14/1967","929.44"
"9/15/1967","933.48"
"9/18/1967","938.74"
"9/19/1967","930.07"
"9/20/1967","929.79"
"9/21/1967","930.48"
"9/22/1967","934.35"
"9/25/1967","943.08"
"9/26/1967","937.18"
"9/27/1967","933.14"
"9/28/1967","929.38"
"9/29/1967","926.66"
"10/2/1967","921"
"10/3/1967","924.47"
"10/4/1967","921.29"
"10/5/1967","927.13"
"10/6/1967","928.74"
"10/9/1967","933.31"
"10/10/1967","926.61"
"10/11/1967","920.25"
"10/12/1967","913.2"
"10/13/1967","918.17"
"10/16/1967","908.52"
"10/17/1967","904.36"
"10/18/1967","903.49"
"10/19/1967","903.72"
"10/20/1967","896.73"
"10/23/1967","894.65"
"10/24/1967","888.18"
"10/25/1967","886.73"
"10/26/1967","890.89"
"10/27/1967","888.18"
"10/30/1967","886.62"
"10/31/1967","879.74"
"11/1/1967","867.08"
"11/2/1967","864.83"
"11/3/1967","856.62"
"11/6/1967","855.29"
"11/8/1967","849.57"
"11/9/1967","856.97"
"11/10/1967","862.81"
"11/13/1967","859.74"
"11/14/1967","852.4"
"11/15/1967","855.18"
"11/16/1967","859.74"
"11/17/1967","862.11"
"11/20/1967","857.78"
"11/21/1967","870.95"
"11/22/1967","874.02"
"11/24/1967","877.6"
"11/27/1967","882.11"
"11/28/1967","884.88"
"11/29/1967","883.15"
"11/30/1967","875.81"
"12/1/1967","879.16"
"12/4/1967","883.5"
"12/5/1967","888.12"
"12/6/1967","892.28"
"12/7/1967","892.22"
"12/8/1967","887.25"
"12/11/1967","882.05"
"12/12/1967","881.3"
"12/13/1967","882.34"
"12/14/1967","883.44"
"12/15/1967","880.61"
"12/18/1967","881.65"
"12/19/1967","881.36"
"12/20/1967","886.9"
"12/21/1967","888.35"
"12/22/1967","887.37"
"12/26/1967","888.12"
"12/27/1967","894.94"
"12/28/1967","897.83"
"12/29/1967","905.11"
"1/2/1968","906.84"
"1/3/1968","904.13"
"1/4/1968","899.39"
"1/5/1968","901.24"
"1/8/1968","908.92"
"1/9/1968","908.29"
"1/10/1968","903.95"
"1/11/1968","899.79"
"1/12/1968","898.98"
"1/15/1968","892.74"
"1/16/1968","887.14"
"1/17/1968","883.78"
"1/18/1968","882.8"
"1/19/1968","880.32"
"1/22/1968","871.71"
"1/23/1968","864.77"
"1/24/1968","862.23"
"1/25/1968","864.25"
"1/26/1968","865.06"
"1/29/1968","863.67"
"1/30/1968","859.57"
"1/31/1968","855.47"
"2/1/1968","861.36"
"2/2/1968","863.56"
"2/5/1968","861.13"
"2/6/1968","861.25"
"2/7/1968","859.92"
"2/8/1968","850.32"
"2/9/1968","840.04"
"2/13/1968","831.77"
"2/14/1968","837.38"
"2/15/1968","839.23"
"2/16/1968","836.34"
"2/19/1968","838.65"
"2/20/1968","843.1"
"2/21/1968","849.23"
"2/23/1968","849.8"
"2/26/1968","841.77"
"2/27/1968","846.68"
"2/28/1968","844.72"
"2/29/1968","840.5"
"3/1/1968","840.44"
"3/4/1968","830.56"
"3/5/1968","827.03"
"3/6/1968","837.21"
"3/7/1968","836.22"
"3/8/1968","835.24"
"3/11/1968","843.04"
"3/12/1968","843.22"
"3/13/1968","842.23"
"3/14/1968","830.91"
"3/15/1968","837.55"
"3/18/1968","840.09"
"3/19/1968","832.99"
"3/20/1968","830.85"
"3/21/1968","825.13"
"3/22/1968","826.05"
"3/25/1968","827.27"
"3/26/1968","831.54"
"3/27/1968","836.57"
"3/28/1968","835.12"
"3/29/1968","840.67"
"4/1/1968","861.25"
"4/2/1968","863.96"
"4/3/1968","869.11"
"4/4/1968","872.52"
"4/5/1968","865.81"
"4/8/1968","884.42"
"4/10/1968","892.63"
"4/11/1968","905.69"
"4/15/1968","910.19"
"4/16/1968","906.78"
"4/17/1968","908.17"
"4/18/1968","909.21"
"4/19/1968","897.65"
"4/22/1968","891.99"
"4/23/1968","897.48"
"4/24/1968","898.46"
"4/25/1968","905.57"
"4/26/1968","906.03"
"4/29/1968","908.34"
"4/30/1968","912.22"
"5/1/1968","913.2"
"5/2/1968","918.05"
"5/3/1968","919.21"
"5/6/1968","914.53"
"5/7/1968","919.9"
"5/8/1968","918.86"
"5/9/1968","911.35"
"5/10/1968","912.91"
"5/13/1968","909.96"
"5/14/1968","908.06"
"5/15/1968","907.82"
"5/16/1968","903.72"
"5/17/1968","898.98"
"5/20/1968","894.19"
"5/21/1968","896.32"
"5/22/1968","896.79"
"5/23/1968","893.15"
"5/24/1968","895.28"
"5/27/1968","891.6"
"5/28/1968","896.78"
"5/29/1968","895.21"
"5/31/1968","899"
"6/3/1968","905.38"
"6/4/1968","916.63"
"6/5/1968","907.42"
"6/6/1968","910.13"
"6/7/1968","914.88"
"6/10/1968","913.38"
"6/11/1968","917.95"
"6/13/1968","913.86"
"6/14/1968","913.62"
"6/17/1968","903.45"
"6/18/1968","900.2"
"6/20/1968","898.28"
"6/21/1968","900.93"
"6/24/1968","901.83"
"6/25/1968","901.41"
"6/27/1968","898.76"
"6/28/1968","897.8"
"7/1/1968","896.35"
"7/2/1968","896.84"
"7/3/1968","903.51"
"7/8/1968","912.6"
"7/9/1968","920.42"
"7/11/1968","922.82"
"7/12/1968","922.46"
"7/15/1968","923.72"
"7/16/1968","921.2"
"7/18/1968","917.95"
"7/19/1968","913.92"
"7/22/1968","900.32"
"7/23/1968","898.1"
"7/25/1968","885.47"
"7/26/1968","888.47"
"7/29/1968","883.36"
"7/30/1968","883"
"8/1/1968","878.07"
"8/2/1968","871.27"
"8/5/1968","872.53"
"8/6/1968","876.92"
"8/8/1968","870.37"
"8/9/1968","869.65"
"8/12/1968","881.02"
"8/13/1968","884.68"
"8/15/1968","879.51"
"8/16/1968","885.89"
"8/19/1968","887.68"
"8/20/1968","888.67"
"8/22/1968","888.3"
"8/23/1968","892.34"
"8/26/1968","896.13"
"8/27/1968","893.65"
"8/29/1968","894.33"
"8/30/1968","896.01"
"9/3/1968","900.36"
"9/4/1968","906.95"
"9/5/1968","917.52"
"9/6/1968","921.25"
"9/9/1968","924.98"
"9/10/1968","919.38"
"9/12/1968","915.65"
"9/13/1968","917.21"
"9/16/1968","921.37"
"9/17/1968","923.05"
"9/19/1968","923.98"
"9/20/1968","924.42"
"9/23/1968","930.45"
"9/24/1968","938.28"
"9/26/1968","933.24"
"9/27/1968","933.8"
"9/30/1968","935.79"
"10/1/1968","942.32"
"10/3/1968","949.47"
"10/4/1968","952.95"
"10/7/1968","956.68"
"10/8/1968","956.24"
"10/10/1968","949.78"
"10/11/1968","949.59"
"10/14/1968","949.96"
"10/15/1968","955.31"
"10/17/1968","958.91"
"10/18/1968","967.49"
"10/21/1968","967.49"
"10/22/1968","963.14"
"10/24/1968","956.68"
"10/25/1968","961.28"
"10/28/1968","957.73"
"10/29/1968","951.08"
"10/31/1968","952.39"
"11/1/1968","948.41"
"11/4/1968","946.23"
"11/6/1968","949.47"
"11/7/1968","950.65"
"11/8/1968","958.98"
"11/12/1968","964.2"
"11/13/1968","967.43"
"11/14/1968","963.89"
"11/15/1968","965.88"
"11/18/1968","963.7"
"11/19/1968","966.75"
"11/21/1968","965.13"
"11/22/1968","967.06"
"11/25/1968","971.35"
"11/26/1968","979.49"
"11/27/1968","976.32"
"11/29/1968","985.08"
"12/2/1968","983.34"
"12/3/1968","985.21"
"12/5/1968","977.69"
"12/6/1968","978.24"
"12/9/1968","979.36"
"12/10/1968","977.69"
"12/12/1968","977.13"
"12/13/1968","981.29"
"12/16/1968","976.32"
"12/17/1968","970.91"
"12/19/1968","975.14"
"12/20/1968","966.99"
"12/23/1968","953.75"
"12/24/1968","952.32"
"12/26/1968","954.25"
"12/27/1968","952.51"
"12/30/1968","945.11"
"12/31/1968","943.75"
"1/2/1969","947.73"
"1/3/1969","951.89"
"1/6/1969","936.66"
"1/7/1969","925.72"
"1/8/1969","921.25"
"1/9/1969","927.46"
"1/10/1969","925.53"
"1/13/1969","923.11"
"1/14/1969","928.33"
"1/15/1969","931.75"
"1/16/1969","938.59"
"1/17/1969","935.54"
"1/20/1969","931.25"
"1/21/1969","929.82"
"1/22/1969","934.17"
"1/23/1969","940.2"
"1/24/1969","938.59"
"1/27/1969","937.47"
"1/28/1969","938.4"
"1/29/1969","938.09"
"1/30/1969","942.13"
"1/31/1969","946.05"
"2/3/1969","946.85"
"2/4/1969","945.11"
"2/5/1969","945.98"
"2/6/1969","946.67"
"2/7/1969","947.85"
"2/11/1969","948.97"
"2/12/1969","949.09"
"2/13/1969","952.7"
"2/14/1969","951.95"
"2/17/1969","937.72"
"2/18/1969","930.82"
"2/19/1969","925.1"
"2/20/1969","916.65"
"2/24/1969","903.97"
"2/25/1969","899.8"
"2/26/1969","905.77"
"2/27/1969","903.03"
"2/28/1969","905.21"
"3/3/1969","908.63"
"3/4/1969","919.51"
"3/5/1969","923.11"
"3/6/1969","913.54"
"3/7/1969","911.18"
"3/10/1969","917.14"
"3/11/1969","920.93"
"3/12/1969","917.52"
"3/13/1969","907.14"
"3/14/1969","904.28"
"3/17/1969","904.03"
"3/18/1969","907.38"
"3/19/1969","912.11"
"3/20/1969","920.13"
"3/21/1969","920"
"3/24/1969","917.08"
"3/25/1969","917.08"
"3/26/1969","923.3"
"3/27/1969","930.88"
"3/28/1969","935.48"
"4/1/1969","933.08"
"4/2/1969","930.92"
"4/3/1969","927.3"
"4/7/1969","918.78"
"4/8/1969","923.17"
"4/9/1969","929.97"
"4/10/1969","932.89"
"4/11/1969","933.46"
"4/14/1969","932.64"
"4/15/1969","931.94"
"4/16/1969","923.49"
"4/17/1969","924.12"
"4/18/1969","924.82"
"4/21/1969","917.51"
"4/22/1969","918.59"
"4/23/1969","917.64"
"4/24/1969","921.2"
"4/25/1969","924"
"4/28/1969","925.08"
"4/29/1969","934.1"
"4/30/1969","950.18"
"5/1/1969","949.22"
"5/2/1969","957.17"
"5/5/1969","958.95"
"5/6/1969","962.06"
"5/7/1969","959.6"
"5/8/1969","963.68"
"5/9/1969","961.61"
"5/12/1969","957.86"
"5/13/1969","962.97"
"5/14/1969","968.85"
"5/15/1969","965.16"
"5/16/1969","967.3"
"5/19/1969","959.02"
"5/20/1969","949.26"
"5/21/1969","951.78"
"5/22/1969","950.04"
"5/23/1969","947.45"
"5/26/1969","946.94"
"5/27/1969","938.66"
"5/28/1969","936.92"
"5/29/1969","937.56"
"6/2/1969","933.17"
"6/3/1969","930.78"
"6/4/1969","928.84"
"6/5/1969","930.71"
"6/6/1969","924.77"
"6/9/1969","918.05"
"6/10/1969","912.49"
"6/11/1969","904.6"
"6/12/1969","892.58"
"6/13/1969","894.84"
"6/16/1969","891.16"
"6/17/1969","885.73"
"6/18/1969","887.09"
"6/19/1969","882.37"
"6/20/1969","876.16"
"6/23/1969","870.86"
"6/24/1969","877.2"
"6/25/1969","874.1"
"6/26/1969","870.28"
"6/27/1969","869.76"
"6/30/1969","873.19"
"7/1/1969","875.9"
"7/2/1969","880.69"
"7/3/1969","886.12"
"7/7/1969","883.21"
"7/8/1969","870.35"
"7/9/1969","861.62"
"7/10/1969","847.79"
"7/11/1969","852.25"
"7/14/1969","843.14"
"7/15/1969","841.13"
"7/16/1969","849.34"
"7/17/1969","853.09"
"7/18/1969","845.92"
"7/22/1969","834.02"
"7/23/1969","827.95"
"7/24/1969","826.53"
"7/25/1969","818.06"
"7/28/1969","806.23"
"7/29/1969","801.96"
"7/30/1969","803.58"
"7/31/1969","815.47"
"8/1/1969","826.59"
"8/4/1969","822.58"
"8/5/1969","821.23"
"8/6/1969","825.88"
"8/7/1969","826.27"
"8/8/1969","824.46"
"8/11/1969","819.83"
"8/12/1969","812.96"
"8/13/1969","809.13"
"8/14/1969","813.23"
"8/15/1969","820.88"
"8/18/1969","827.68"
"8/19/1969","833.69"
"8/20/1969","833.22"
"8/21/1969","834.87"
"8/22/1969","837.25"
"8/25/1969","831.44"
"8/26/1969","823.52"
"8/27/1969","824.78"
"8/28/1969","828.41"
"8/29/1969","836.72"
"9/2/1969","837.78"
"9/3/1969","835.67"
"9/4/1969","825.3"
"9/5/1969","819.5"
"9/8/1969","811.84"
"9/9/1969","815.67"
"9/10/1969","828.01"
"9/11/1969","825.77"
"9/12/1969","824.25"
"9/15/1969","830.45"
"9/16/1969","831.64"
"9/17/1969","826.56"
"9/18/1969","831.57"
"9/19/1969","830.39"
"9/22/1969","831.77"
"9/23/1969","834.81"
"9/24/1969","834.68"
"9/25/1969","829.92"
"9/26/1969","824.18"
"9/29/1969","818.04"
"9/30/1969","813.09"
"10/1/1969","806.89"
"10/2/1969","811.84"
"10/3/1969","808.41"
"10/6/1969","809.4"
"10/7/1969","806.23"
"10/8/1969","802.2"
"10/9/1969","803.79"
"10/10/1969","806.96"
"10/13/1969","819.3"
"10/14/1969","832.43"
"10/15/1969","830.06"
"10/16/1969","838.77"
"10/17/1969","836.06"
"10/20/1969","839.23"
"10/21/1969","846.88"
"10/22/1969","860.35"
"10/23/1969","855.73"
"10/24/1969","862.26"
"10/27/1969","860.28"
"10/28/1969","855.86"
"10/29/1969","848.34"
"10/30/1969","850.51"
"10/31/1969","855.99"
"11/3/1969","854.54"
"11/4/1969","853.48"
"11/5/1969","854.08"
"11/6/1969","855.2"
"11/7/1969","860.48"
"11/10/1969","863.05"
"11/11/1969","859.75"
"11/12/1969","855.99"
"11/13/1969","849.85"
"11/14/1969","849.26"
"11/17/1969","842.53"
"11/18/1969","845.17"
"11/19/1969","839.96"
"11/20/1969","831.18"
"11/21/1969","823.13"
"11/24/1969","812.9"
"11/25/1969","807.29"
"11/26/1969","810.52"
"11/28/1969","812.3"
"12/1/1969","805.04"
"12/2/1969","801.35"
"12/3/1969","793.36"
"12/4/1969","796.53"
"12/5/1969","793.03"
"12/8/1969","785.04"
"12/9/1969","783.79"
"12/10/1969","783.99"
"12/11/1969","783.53"
"12/12/1969","786.69"
"12/15/1969","784.05"
"12/16/1969","773.83"
"12/17/1969","769.93"
"12/18/1969","783.79"
"12/19/1969","789.86"
"12/22/1969","785.97"
"12/23/1969","783.79"
"12/24/1969","794.15"
"12/26/1969","797.65"
"12/29/1969","792.37"
"12/30/1969","794.68"
"12/31/1969","800.36"
"1/2/1970","809.2"
"1/5/1970","811.31"
"1/6/1970","803.66"
"1/7/1970","801.81"
"1/8/1970","802.07"
"1/9/1970","798.11"
"1/12/1970","790.52"
"1/13/1970","788.01"
"1/14/1970","787.16"
"1/15/1970","785.04"
"1/16/1970","782.6"
"1/19/1970","776.07"
"1/20/1970","777.85"
"1/21/1970","782.27"
"1/22/1970","786.1"
"1/23/1970","775.54"
"1/26/1970","768.88"
"1/27/1970","763.99"
"1/28/1970","758.84"
"1/29/1970","748.35"
"1/30/1970","744.06"
"2/2/1970","746.44"
"2/3/1970","757.46"
"2/4/1970","754.49"
"2/5/1970","750.26"
"2/6/1970","752.77"
"2/9/1970","755.68"
"2/10/1970","746.63"
"2/11/1970","757.33"
"2/12/1970","755.61"
"2/13/1970","753.3"
"2/16/1970","753.7"
"2/17/1970","747.43"
"2/18/1970","756.8"
"2/19/1970","757.92"
"2/20/1970","757.46"
"2/24/1970","754.42"
"2/25/1970","768.28"
"2/26/1970","764.45"
"2/27/1970","777.59"
"3/2/1970","780.23"
"3/3/1970","787.42"
"3/4/1970","788.15"
"3/5/1970","787.55"
"3/6/1970","784.12"
"3/9/1970","778.31"
"3/10/1970","779.7"
"3/11/1970","778.12"
"3/12/1970","776.47"
"3/13/1970","772.11"
"3/16/1970","765.05"
"3/17/1970","767.42"
"3/18/1970","767.95"
"3/19/1970","764.98"
"3/20/1970","763.66"
"3/23/1970","763.6"
"3/24/1970","773.76"
"3/25/1970","790.13"
"3/26/1970","791.05"
"3/30/1970","784.65"
"3/31/1970","785.57"
"4/1/1970","792.04"
"4/2/1970","792.37"
"4/3/1970","791.84"
"4/6/1970","791.18"
"4/7/1970","791.64"
"4/8/1970","791.64"
"4/9/1970","792.5"
"4/10/1970","790.46"
"4/13/1970","785.9"
"4/14/1970","780.56"
"4/15/1970","782.6"
"4/16/1970","775.87"
"4/17/1970","775.94"
"4/20/1970","775.87"
"4/21/1970","772.51"
"4/22/1970","762.61"
"4/23/1970","750.59"
"4/24/1970","747.29"
"4/27/1970","735.15"
"4/28/1970","724.33"
"4/29/1970","737.39"
"4/30/1970","736.07"
"5/1/1970","733.63"
"5/4/1970","714.56"
"5/5/1970","709.74"
"5/6/1970","718.39"
"5/7/1970","723.07"
"5/8/1970","717.73"
"5/11/1970","710.07"
"5/12/1970","704.59"
"5/13/1970","693.84"
"5/14/1970","684.79"
"5/15/1970","702.22"
"5/18/1970","702.81"
"5/19/1970","691.4"
"5/20/1970","676.55"
"5/21/1970","665.25"
"5/22/1970","662.17"
"5/25/1970","641.36"
"5/26/1970","631.16"
"5/27/1970","663.2"
"5/28/1970","684.15"
"5/29/1970","700.44"
"6/1/1970","710.36"
"6/2/1970","709.61"
"6/3/1970","713.86"
"6/4/1970","706.53"
"6/5/1970","695.03"
"6/8/1970","700.23"
"6/9/1970","700.16"
"6/10/1970","694.35"
"6/11/1970","684.42"
"6/12/1970","684.21"
"6/15/1970","687.36"
"6/16/1970","706.26"
"6/17/1970","704.68"
"6/18/1970","712.69"
"6/19/1970","720.43"
"6/22/1970","716.11"
"6/23/1970","698.11"
"6/24/1970","692.29"
"6/25/1970","693.59"
"6/26/1970","687.84"
"6/29/1970","682.91"
"6/30/1970","683.53"
"7/1/1970","687.64"
"7/2/1970","689.14"
"7/6/1970","675.66"
"7/7/1970","669.36"
"7/8/1970","682.09"
"7/9/1970","692.77"
"7/10/1970","700.1"
"7/13/1970","702.22"
"7/14/1970","703.04"
"7/15/1970","711.66"
"7/16/1970","723.44"
"7/17/1970","735.08"
"7/20/1970","733.91"
"7/21/1970","722.07"
"7/22/1970","724.67"
"7/23/1970","732.68"
"7/24/1970","730.22"
"7/27/1970","730.08"
"7/28/1970","731.45"
"7/29/1970","735.56"
"7/30/1970","734.73"
"7/31/1970","734.12"
"8/3/1970","722.96"
"8/4/1970","725.9"
"8/5/1970","724.81"
"8/6/1970","722.82"
"8/7/1970","725.7"
"8/10/1970","713.92"
"8/11/1970","712.55"
"8/12/1970","710.64"
"8/13/1970","707.35"
"8/14/1970","710.84"
"8/17/1970","709.06"
"8/18/1970","716.66"
"8/19/1970","723.99"
"8/20/1970","729.6"
"8/21/1970","745.41"
"8/24/1970","759.58"
"8/25/1970","758.97"
"8/26/1970","760.47"
"8/27/1970","759.79"
"8/28/1970","765.81"
"8/31/1970","764.58"
"9/1/1970","758.15"
"9/2/1970","756.64"
"9/3/1970","765.27"
"9/4/1970","771.15"
"9/8/1970","773.14"
"9/9/1970","766.43"
"9/10/1970","760.75"
"9/11/1970","761.84"
"9/14/1970","757.12"
"9/15/1970","750.55"
"9/16/1970","754.31"
"9/17/1970","757.67"
"9/18/1970","758.49"
"9/21/1970","751.92"
"9/22/1970","747.47"
"9/23/1970","754.38"
"9/24/1970","759.31"
"9/25/1970","761.77"
"9/28/1970","758.97"
"9/29/1970","760.88"
"9/30/1970","760.68"
"10/1/1970","760.68"
"10/2/1970","766.16"
"10/5/1970","776.7"
"10/6/1970","782.45"
"10/7/1970","783.68"
"10/8/1970","777.04"
"10/9/1970","768.69"
"10/12/1970","764.24"
"10/13/1970","760.06"
"10/14/1970","762.73"
"10/15/1970","767.87"
"10/16/1970","763.35"
"10/19/1970","756.5"
"10/20/1970","758.83"
"10/21/1970","759.65"
"10/22/1970","757.87"
"10/23/1970","759.38"
"10/26/1970","756.43"
"10/27/1970","754.45"
"10/28/1970","755.96"
"10/29/1970","753.56"
"10/30/1970","755.61"
"11/2/1970","758.01"
"11/3/1970","768.07"
"11/4/1970","770.81"
"11/5/1970","771.56"
"11/6/1970","771.97"
"11/9/1970","777.66"
"11/10/1970","777.38"
"11/11/1970","779.5"
"11/12/1970","768"
"11/13/1970","759.79"
"11/16/1970","760.13"
"11/17/1970","760.47"
"11/18/1970","754.24"
"11/19/1970","755.82"
"11/20/1970","761.57"
"11/23/1970","767.52"
"11/24/1970","772.73"
"11/25/1970","774.71"
"11/27/1970","781.35"
"11/30/1970","794.09"
"12/1/1970","794.29"
"12/2/1970","802.64"
"12/3/1970","808.53"
"12/4/1970","816.06"
"12/7/1970","818.66"
"12/8/1970","815.1"
"12/9/1970","815.24"
"12/10/1970","821.06"
"12/11/1970","825.92"
"12/14/1970","823.18"
"12/15/1970","819.62"
"12/16/1970","819.07"
"12/17/1970","822.15"
"12/18/1970","822.77"
"12/21/1970","821.54"
"12/22/1970","822.77"
"12/23/1970","823.11"
"12/24/1970","828.38"
"12/28/1970","830.91"
"12/29/1970","842"
"12/30/1970","841.32"
"12/31/1970","838.92"
"1/4/1971","830.57"
"1/5/1971","835.77"
"1/6/1971","837.97"
"1/7/1971","837.83"
"1/8/1971","837.01"
"1/11/1971","837.21"
"1/12/1971","844.19"
"1/13/1971","841.11"
"1/14/1971","843.31"
"1/15/1971","845.7"
"1/18/1971","847.82"
"1/19/1971","849.47"
"1/20/1971","849.95"
"1/21/1971","854.74"
"1/22/1971","861.31"
"1/25/1971","865.62"
"1/26/1971","866.79"
"1/27/1971","860.82"
"1/28/1971","865.14"
"1/29/1971","868.5"
"2/1/1971","877.81"
"2/2/1971","874.59"
"2/3/1971","876.23"
"2/4/1971","874.79"
"2/5/1971","876.57"
"2/8/1971","882.12"
"2/9/1971","879.79"
"2/10/1971","881.09"
"2/11/1971","885.34"
"2/12/1971","888.83"
"2/16/1971","890.06"
"2/17/1971","887.87"
"2/18/1971","885.06"
"2/19/1971","878.56"
"2/22/1971","868.98"
"2/23/1971","870"
"2/24/1971","875.62"
"2/25/1971","881.98"
"2/26/1971","878.83"
"3/1/1971","882.53"
"3/2/1971","883.01"
"3/3/1971","882.39"
"3/4/1971","891.36"
"3/5/1971","898"
"3/8/1971","898.62"
"3/9/1971","899.1"
"3/10/1971","895.88"
"3/11/1971","899.44"
"3/12/1971","898.34"
"3/15/1971","908.2"
"3/16/1971","914.64"
"3/17/1971","914.02"
"3/18/1971","916.83"
"3/19/1971","912.92"
"3/22/1971","910.6"
"3/23/1971","908.89"
"3/24/1971","899.37"
"3/25/1971","900.81"
"3/26/1971","903.48"
"3/29/1971","903.48"
"3/30/1971","903.39"
"3/31/1971","904.37"
"4/1/1971","903.88"
"4/2/1971","903.04"
"4/5/1971","905.07"
"4/6/1971","912.73"
"4/7/1971","918.49"
"4/8/1971","920.39"
"4/12/1971","926.64"
"4/13/1971","927.28"
"4/14/1971","932.55"
"4/15/1971","938.17"
"4/16/1971","940.21"
"4/19/1971","948.85"
"4/20/1971","944.42"
"4/21/1971","941.33"
"4/22/1971","940.63"
"4/23/1971","947.79"
"4/26/1971","944"
"4/27/1971","947.09"
"4/28/1971","950.82"
"4/29/1971","948.15"
"4/30/1971","941.75"
"5/3/1971","932.41"
"5/4/1971","938.45"
"5/5/1971","939.92"
"5/6/1971","937.39"
"5/7/1971","936.97"
"5/10/1971","932.55"
"5/11/1971","937.25"
"5/12/1971","937.46"
"5/13/1971","936.34"
"5/14/1971","936.06"
"5/17/1971","921.3"
"5/18/1971","918.56"
"5/19/1971","920.04"
"5/20/1971","923.41"
"5/21/1971","921.87"
"5/24/1971","913.15"
"5/25/1971","906.69"
"5/26/1971","906.41"
"5/27/1971","905.78"
"5/28/1971","907.81"
"6/1/1971","913.65"
"6/2/1971","919.62"
"6/3/1971","921.3"
"6/4/1971","922.15"
"6/7/1971","923.06"
"6/8/1971","915.01"
"6/9/1971","912.46"
"6/10/1971","915.96"
"6/11/1971","916.47"
"6/14/1971","907.71"
"6/15/1971","907.2"
"6/16/1971","908.59"
"6/17/1971","906.25"
"6/18/1971","889.16"
"6/21/1971","876.53"
"6/22/1971","874.42"
"6/23/1971","879.45"
"6/24/1971","877.26"
"6/25/1971","876.68"
"6/28/1971","873.1"
"6/29/1971","882.3"
"6/30/1971","891.14"
"7/1/1971","893.03"
"7/2/1971","890.19"
"7/6/1971","892.3"
"7/7/1971","895.88"
"7/8/1971","900.99"
"7/9/1971","901.8"
"7/12/1971","903.4"
"7/13/1971","892.38"
"7/14/1971","891.21"
"7/15/1971","888.87"
"7/16/1971","888.51"
"7/19/1971","886.39"
"7/20/1971","892.3"
"7/21/1971","890.84"
"7/22/1971","886.68"
"7/23/1971","887.78"
"7/26/1971","888.87"
"7/27/1971","880.7"
"7/28/1971","872.01"
"7/29/1971","861.42"
"7/30/1971","858.43"
"8/2/1971","864.92"
"8/3/1971","850.03"
"8/4/1971","844.92"
"8/5/1971","849.45"
"8/6/1971","850.61"
"8/9/1971","842.65"
"8/10/1971","839.59"
"8/11/1971","846.38"
"8/12/1971","859.01"
"8/13/1971","856.02"
"8/16/1971","888.95"
"8/17/1971","899.9"
"8/18/1971","886.17"
"8/19/1971","880.77"
"8/20/1971","880.91"
"8/23/1971","892.38"
"8/24/1971","904.13"
"8/25/1971","908.37"
"8/26/1971","906.1"
"8/27/1971","908.15"
"8/30/1971","901.43"
"8/31/1971","898.07"
"9/1/1971","899.02"
"9/2/1971","900.63"
"9/3/1971","912.75"
"9/7/1971","916.47"
"9/8/1971","920.93"
"9/9/1971","915.89"
"9/10/1971","911"
"9/13/1971","909.39"
"9/14/1971","901.65"
"9/15/1971","904.86"
"9/16/1971","903.11"
"9/17/1971","908.22"
"9/20/1971","905.15"
"9/21/1971","903.4"
"9/22/1971","893.55"
"9/23/1971","891.28"
"9/24/1971","889.31"
"9/27/1971","883.47"
"9/28/1971","884.42"
"9/29/1971","883.83"
"9/30/1971","887.19"
"10/1/1971","893.98"
"10/4/1971","895.66"
"10/5/1971","891.14"
"10/6/1971","900.55"
"10/7/1971","901.8"
"10/8/1971","893.91"
"10/11/1971","891.94"
"10/12/1971","893.55"
"10/13/1971","888.8"
"10/14/1971","878.36"
"10/15/1971","874.58"
"10/18/1971","872.44"
"10/19/1971","868.43"
"10/20/1971","855.65"
"10/21/1971","854.85"
"10/22/1971","852.37"
"10/25/1971","848.5"
"10/26/1971","845.36"
"10/27/1971","836.38"
"10/28/1971","837.62"
"10/29/1971","839"
"11/1/1971","825.86"
"11/2/1971","827.98"
"11/3/1971","842.58"
"11/4/1971","843.17"
"11/5/1971","840.39"
"11/8/1971","837.54"
"11/9/1971","837.91"
"11/10/1971","826.15"
"11/11/1971","814.91"
"11/12/1971","812.94"
"11/15/1971","810.53"
"11/16/1971","818.71"
"11/17/1971","822.14"
"11/18/1971","815.35"
"11/19/1971","810.67"
"11/22/1971","803.15"
"11/23/1971","797.97"
"11/24/1971","798.63"
"11/26/1971","816.59"
"11/29/1971","829.73"
"11/30/1971","831.34"
"12/1/1971","846.01"
"12/2/1971","848.79"
"12/3/1971","859.59"
"12/6/1971","855.72"
"12/7/1971","857.4"
"12/8/1971","854.85"
"12/9/1971","852.16"
"12/10/1971","856.75"
"12/13/1971","858.79"
"12/14/1971","855.14"
"12/15/1971","863.76"
"12/16/1971","871.39"
"12/17/1971","873.8"
"12/20/1971","885.01"
"12/21/1971","888.32"
"12/22/1971","884.86"
"12/23/1971","881.17"
"12/27/1971","881.47"
"12/28/1971","889.98"
"12/29/1971","893.66"
"12/30/1971","889.07"
"12/31/1971","890.2"
"1/3/1972","889.3"
"1/4/1972","892.23"
"1/5/1972","904.43"
"1/6/1972","908.49"
"1/7/1972","910.37"
"1/10/1972","907.96"
"1/11/1972","912.1"
"1/12/1972","910.82"
"1/13/1972","905.18"
"1/14/1972","906.68"
"1/17/1972","911.12"
"1/18/1972","917.22"
"1/19/1972","914.96"
"1/20/1972","910.3"
"1/21/1972","907.44"
"1/24/1972","896.82"
"1/25/1972","894.72"
"1/26/1972","889.15"
"1/27/1972","899.83"
"1/28/1972","906.38"
"1/31/1972","902.17"
"2/1/1972","901.79"
"2/2/1972","905.85"
"2/3/1972","903.15"
"2/4/1972","906.68"
"2/7/1972","903.97"
"2/8/1972","907.13"
"2/9/1972","918.72"
"2/10/1972","921.28"
"2/11/1972","917.59"
"2/14/1972","910.9"
"2/15/1972","914.51"
"2/16/1972","922.94"
"2/17/1972","922.03"
"2/18/1972","917.52"
"2/22/1972","913.46"
"2/23/1972","911.88"
"2/24/1972","912.7"
"2/25/1972","922.79"
"2/28/1972","924.29"
"2/29/1972","928.13"
"3/1/1972","935.43"
"3/2/1972","933.77"
"3/3/1972","942.43"
"3/6/1972","950.18"
"3/7/1972","946.87"
"3/8/1972","945.59"
"3/9/1972","942.81"
"3/10/1972","939.87"
"3/13/1972","928.66"
"3/14/1972","934"
"3/15/1972","937.31"
"3/16/1972","936.71"
"3/17/1972","942.88"
"3/20/1972","941.15"
"3/21/1972","934"
"3/22/1972","933.93"
"3/23/1972","944.69"
"3/24/1972","942.28"
"3/27/1972","939.72"
"3/28/1972","937.01"
"3/29/1972","933.02"
"3/30/1972","940.7"
"4/3/1972","940.92"
"4/4/1972","943.41"
"4/5/1972","954.55"
"4/6/1972","959.44"
"4/7/1972","962.6"
"4/10/1972","958.08"
"4/11/1972","962.6"
"4/12/1972","966.96"
"4/13/1972","965.53"
"4/14/1972","967.72"
"4/17/1972","966.59"
"4/18/1972","968.92"
"4/19/1972","964.78"
"4/20/1972","966.29"
"4/21/1972","963.8"
"4/24/1972","957.48"
"4/25/1972","946.49"
"4/26/1972","946.94"
"4/27/1972","945.97"
"4/28/1972","954.17"
"5/1/1972","942.28"
"5/2/1972","935.2"
"5/3/1972","933.47"
"5/4/1972","937.31"
"5/5/1972","941.23"
"5/8/1972","937.84"
"5/9/1972","925.12"
"5/10/1972","931.07"
"5/11/1972","934.83"
"5/12/1972","941.83"
"5/15/1972","942.2"
"5/16/1972","939.27"
"5/17/1972","941.15"
"5/18/1972","951.23"
"5/19/1972","961.54"
"5/22/1972","965.31"
"5/23/1972","962.3"
"5/24/1972","965.46"
"5/25/1972","969.07"
"5/26/1972","971.25"
"5/30/1972","971.18"
"5/31/1972","960.72"
"6/1/1972","960.72"
"6/2/1972","961.39"
"6/5/1972","954.39"
"6/6/1972","951.46"
"6/7/1972","944.08"
"6/8/1972","941.3"
"6/9/1972","934.45"
"6/12/1972","936.71"
"6/13/1972","938.29"
"6/14/1972","946.79"
"6/15/1972","945.97"
"6/16/1972","945.06"
"6/19/1972","941.83"
"6/20/1972","948.22"
"6/21/1972","951.61"
"6/22/1972","950.71"
"6/23/1972","944.69"
"6/26/1972","936.41"
"6/27/1972","935.28"
"6/28/1972","930.84"
"6/29/1972","926.25"
"6/30/1972","929.03"
"7/3/1972","928.66"
"7/5/1972","933.47"
"7/6/1972","942.13"
"7/7/1972","938.06"
"7/10/1972","932.27"
"7/11/1972","925.87"
"7/12/1972","923.69"
"7/13/1972","916.99"
"7/14/1972","922.26"
"7/17/1972","914.96"
"7/18/1972","911.72"
"7/19/1972","916.69"
"7/20/1972","910.45"
"7/21/1972","920.45"
"7/24/1972","935.36"
"7/25/1972","934.45"
"7/26/1972","932.57"
"7/27/1972","926.85"
"7/28/1972","926.7"
"7/31/1972","924.74"
"8/1/1972","930.46"
"8/2/1972","941.15"
"8/3/1972","947.7"
"8/4/1972","951.76"
"8/7/1972","953.12"
"8/8/1972","952.44"
"8/9/1972","951.16"
"8/10/1972","952.89"
"8/11/1972","964.18"
"8/14/1972","973.51"
"8/15/1972","969.97"
"8/16/1972","964.25"
"8/17/1972","961.39"
"8/18/1972","965.83"
"8/21/1972","967.19"
"8/22/1972","973.51"
"8/23/1972","970.35"
"8/24/1972","958.38"
"8/25/1972","959.36"
"8/28/1972","956.95"
"8/29/1972","954.7"
"8/30/1972","957.86"
"8/31/1972","963.73"
"9/1/1972","970.05"
"9/5/1972","969.37"
"9/6/1972","963.43"
"9/7/1972","962.45"
"9/8/1972","961.24"
"9/11/1972","955"
"9/12/1972","946.04"
"9/13/1972","949.88"
"9/14/1972","947.55"
"9/15/1972","947.32"
"9/18/1972","945.36"
"9/19/1972","943.18"
"9/20/1972","940.25"
"9/21/1972","939.49"
"9/22/1972","943.03"
"9/25/1972","935.73"
"9/26/1972","936.56"
"9/27/1972","947.25"
"9/28/1972","955.15"
"9/29/1972","953.27"
"10/2/1972","953.27"
"10/3/1972","954.47"
"10/4/1972","951.31"
"10/5/1972","941.3"
"10/6/1972","945.36"
"10/9/1972","948.75"
"10/10/1972","951.84"
"10/11/1972","946.42"
"10/12/1972","937.46"
"10/13/1972","930.46"
"10/16/1972","921.66"
"10/17/1972","926.48"
"10/18/1972","932.34"
"10/19/1972","932.12"
"10/20/1972","942.81"
"10/23/1972","951.31"
"10/24/1972","952.51"
"10/25/1972","951.38"
"10/26/1972","950.56"
"10/27/1972","946.42"
"10/30/1972","946.42"
"10/31/1972","955.52"
"11/1/1972","968.54"
"11/2/1972","973.06"
"11/3/1972","984.12"
"11/6/1972","984.8"
"11/8/1972","983.74"
"11/9/1972","988.26"
"11/10/1972","995.26"
"11/13/1972","997.07"
"11/14/1972","1003.16"
"11/15/1972","998.42"
"11/16/1972","1003.69"
"11/17/1972","1005.57"
"11/20/1972","1005.04"
"11/21/1972","1013.25"
"11/22/1972","1020.54"
"11/24/1972","1025.21"
"11/27/1972","1017.76"
"11/28/1972","1019.34"
"11/29/1972","1018.81"
"11/30/1972","1018.21"
"12/1/1972","1023.93"
"12/4/1972","1027.02"
"12/5/1972","1022.95"
"12/6/1972","1027.54"
"12/7/1972","1033.26"
"12/8/1972","1033.19"
"12/11/1972","1036.27"
"12/12/1972","1033.19"
"12/13/1972","1030.48"
"12/14/1972","1025.06"
"12/15/1972","1027.24"
"12/18/1972","1013.25"
"12/19/1972","1009.18"
"12/20/1972","1004.82"
"12/21/1972","1000"
"12/22/1972","1004.21"
"12/26/1972","1006.7"
"12/27/1972","1007.68"
"12/29/1972","1020.02"
"1/2/1973","1031.68"
"1/3/1973","1043.8"
"1/4/1973","1039.81"
"1/5/1973","1047.49"
"1/8/1973","1047.86"
"1/9/1973","1047.11"
"1/10/1973","1046.06"
"1/11/1973","1051.7"
"1/12/1973","1039.36"
"1/15/1973","1025.59"
"1/16/1973","1024.31"
"1/17/1973","1029.12"
"1/18/1973","1029.12"
"1/19/1973","1026.19"
"1/22/1973","1018.81"
"1/23/1973","1018.66"
"1/24/1973","1004.59"
"1/26/1973","1003.54"
"1/29/1973","996.46"
"1/30/1973","992.92"
"1/31/1973","999.02"
"2/1/1973","985.78"
"2/2/1973","980.81"
"2/5/1973","978.4"
"2/6/1973","979.91"
"2/7/1973","968.32"
"2/8/1973","967.19"
"2/9/1973","979.46"
"2/12/1973","991.57"
"2/13/1973","996.76"
"2/14/1973","979.91"
"2/15/1973","973.13"
"2/16/1973","979.23"
"2/20/1973","983.59"
"2/21/1973","974.34"
"2/22/1973","971.78"
"2/23/1973","959.89"
"2/26/1973","953.79"
"2/27/1973","947.92"
"2/28/1973","955.07"
"3/1/1973","949.65"
"3/2/1973","961.32"
"3/5/1973","966.89"
"3/6/1973","979"
"3/7/1973","979.98"
"3/8/1973","976.44"
"3/9/1973","972.23"
"3/12/1973","969.75"
"3/13/1973","976.07"
"3/14/1973","978.85"
"3/15/1973","969.82"
"3/16/1973","963.05"
"3/19/1973","952.06"
"3/20/1973","949.43"
"3/21/1973","938.37"
"3/22/1973","925.2"
"3/23/1973","922.71"
"3/26/1973","927.9"
"3/27/1973","944.91"
"3/28/1973","948"
"3/29/1973","959.14"
"3/30/1973","951.01"
"4/2/1973","936.18"
"4/3/1973","927.75"
"4/4/1973","925.05"
"4/5/1973","923.46"
"4/6/1973","931.07"
"4/9/1973","947.55"
"4/10/1973","960.49"
"4/11/1973","967.41"
"4/12/1973","964.03"
"4/13/1973","959.36"
"4/16/1973","956.73"
"4/17/1973","953.42"
"4/18/1973","958.31"
"4/19/1973","963.2"
"4/23/1973","955.37"
"4/24/1973","940.77"
"4/25/1973","930.54"
"4/26/1973","937.76"
"4/27/1973","922.19"
"4/30/1973","921.43"
"5/1/1973","921.21"
"5/2/1973","932.34"
"5/3/1973","945.67"
"5/4/1973","953.87"
"5/7/1973","950.71"
"5/8/1973","956.58"
"5/9/1973","949.05"
"5/10/1973","939.34"
"5/11/1973","927.98"
"5/14/1973","909.69"
"5/15/1973","917.44"
"5/16/1973","917.14"
"5/17/1973","911.72"
"5/18/1973","895.17"
"5/21/1973","886.51"
"5/22/1973","892.46"
"5/23/1973","895.02"
"5/24/1973","924.44"
"5/25/1973","930.84"
"5/29/1973","925.57"
"5/30/1973","908.87"
"5/31/1973","901.41"
"6/1/1973","893.96"
"6/4/1973","885.91"
"6/5/1973","900.81"
"6/6/1973","898.18"
"6/7/1973","909.62"
"6/8/1973","920"
"6/11/1973","915.11"
"6/12/1973","927"
"6/13/1973","915.49"
"6/14/1973","902.92"
"6/15/1973","888.55"
"6/18/1973","875.08"
"6/19/1973","881.55"
"6/20/1973","884.71"
"6/21/1973","873.65"
"6/22/1973","879.82"
"6/25/1973","869.13"
"6/26/1973","879.44"
"6/27/1973","884.63"
"6/28/1973","894.64"
"6/29/1973","891.71"
"7/2/1973","880.57"
"7/3/1973","874.17"
"7/5/1973","874.32"
"7/6/1973","870.11"
"7/9/1973","877.26"
"7/10/1973","888.32"
"7/11/1973","908.19"
"7/12/1973","901.94"
"7/13/1973","885.99"
"7/16/1973","897.58"
"7/17/1973","898.03"
"7/18/1973","905.4"
"7/19/1973","906.68"
"7/20/1973","910.9"
"7/23/1973","913.15"
"7/24/1973","918.72"
"7/25/1973","933.02"
"7/26/1973","934.53"
"7/27/1973","936.71"
"7/30/1973","933.77"
"7/31/1973","926.4"
"8/1/1973","912.18"
"8/2/1973","910.14"
"8/3/1973","908.87"
"8/6/1973","912.78"
"8/7/1973","911.95"
"8/8/1973","902.02"
"8/9/1973","901.49"
"8/10/1973","892.38"
"8/13/1973","883.2"
"8/14/1973","870.71"
"8/15/1973","874.17"
"8/16/1973","872.74"
"8/17/1973","871.84"
"8/20/1973","867.4"
"8/21/1973","857.84"
"8/22/1973","851.9"
"8/23/1973","864.46"
"8/24/1973","863.49"
"8/27/1973","870.71"
"8/28/1973","872.07"
"8/29/1973","883.43"
"8/30/1973","882.53"
"8/31/1973","887.57"
"9/4/1973","895.39"
"9/5/1973","899.08"
"9/6/1973","901.04"
"9/7/1973","898.63"
"9/10/1973","891.33"
"9/11/1973","885.76"
"9/12/1973","881.32"
"9/13/1973","880.57"
"9/14/1973","886.36"
"9/17/1973","892.99"
"9/18/1973","891.26"
"9/19/1973","910.37"
"9/20/1973","920.53"
"9/21/1973","927.9"
"9/24/1973","936.71"
"9/25/1973","940.55"
"9/26/1973","949.5"
"9/27/1973","953.27"
"9/28/1973","947.1"
"10/1/1973","948.83"
"10/2/1973","956.8"
"10/3/1973","964.55"
"10/4/1973","955.9"
"10/5/1973","971.25"
"10/8/1973","977.65"
"10/9/1973","974.19"
"10/10/1973","960.57"
"10/11/1973","976.07"
"10/12/1973","978.63"
"10/15/1973","967.04"
"10/16/1973","967.41"
"10/17/1973","962.52"
"10/18/1973","959.74"
"10/19/1973","963.73"
"10/22/1973","960.57"
"10/23/1973","966.51"
"10/24/1973","971.85"
"10/25/1973","974.49"
"10/26/1973","987.06"
"10/29/1973","984.8"
"10/30/1973","968.54"
"10/31/1973","956.58"
"11/1/1973","948.83"
"11/2/1973","935.28"
"11/5/1973","919.4"
"11/6/1973","913.08"
"11/7/1973","920.08"
"11/8/1973","932.65"
"11/9/1973","908.41"
"11/12/1973","897.65"
"11/13/1973","891.03"
"11/14/1973","869.88"
"11/15/1973","874.55"
"11/16/1973","891.33"
"11/19/1973","862.66"
"11/20/1973","844.9"
"11/21/1973","854.98"
"11/23/1973","854"
"11/26/1973","824.95"
"11/27/1973","817.73"
"11/28/1973","839.78"
"11/29/1973","835.11"
"11/30/1973","822.25"
"12/3/1973","806.52"
"12/4/1973","803.21"
"12/5/1973","788.31"
"12/6/1973","814.12"
"12/7/1973","838.05"
"12/10/1973","851.14"
"12/11/1973","834.18"
"12/12/1973","810.73"
"12/13/1973","800.43"
"12/14/1973","815.65"
"12/17/1973","811.12"
"12/18/1973","829.49"
"12/19/1973","829.57"
"12/20/1973","828.11"
"12/21/1973","818.73"
"12/24/1973","814.81"
"12/26/1973","837.56"
"12/27/1973","851.01"
"12/28/1973","848.02"
"12/31/1973","850.86"
"1/2/1974","855.32"
"1/3/1974","880.69"
"1/4/1974","880.23"
"1/7/1974","876.85"
"1/8/1974","861.78"
"1/9/1974","834.79"
"1/10/1974","823.11"
"1/11/1974","841.48"
"1/14/1974","840.18"
"1/15/1974","846.4"
"1/16/1974","856.09"
"1/17/1974","872.16"
"1/18/1974","855.47"
"1/21/1974","854.63"
"1/22/1974","863.47"
"1/23/1974","871"
"1/24/1974","863.08"
"1/25/1974","859.39"
"1/28/1974","853.01"
"1/29/1974","852.32"
"1/30/1974","862.32"
"1/31/1974","855.55"
"2/1/1974","843.94"
"2/4/1974","821.5"
"2/5/1974","820.64"
"2/6/1974","824.62"
"2/7/1974","828.46"
"2/8/1974","820.4"
"2/11/1974","803.9"
"2/12/1974","806.63"
"2/13/1974","806.87"
"2/14/1974","809.92"
"2/15/1974","820.32"
"2/19/1974","819.54"
"2/20/1974","831.04"
"2/21/1974","846.84"
"2/22/1974","855.99"
"2/25/1974","851.38"
"2/26/1974","859.51"
"2/27/1974","863.42"
"2/28/1974","860.53"
"3/1/1974","851.92"
"3/4/1974","853.18"
"3/5/1974","872.42"
"3/6/1974","879.85"
"3/7/1974","869.06"
"3/8/1974","878.05"
"3/11/1974","888.45"
"3/12/1974","887.12"
"3/13/1974","891.66"
"3/14/1974","889.78"
"3/15/1974","887.83"
"3/18/1974","874.22"
"3/19/1974","867.57"
"3/20/1974","872.34"
"3/21/1974","875.47"
"3/22/1974","878.13"
"3/25/1974","881.02"
"3/26/1974","883.68"
"3/27/1974","871.17"
"3/28/1974","854.35"
"3/29/1974","846.68"
"4/1/1974","843.48"
"4/2/1974","846.61"
"4/3/1974","858.03"
"4/4/1974","858.89"
"4/5/1974","847.54"
"4/8/1974","839.96"
"4/9/1974","846.84"
"4/10/1974","843.71"
"4/11/1974","844.81"
"4/15/1974","843.79"
"4/16/1974","861.23"
"4/17/1974","867.41"
"4/18/1974","869.92"
"4/19/1974","859.9"
"4/22/1974","858.57"
"4/23/1974","845.98"
"4/24/1974","832.37"
"4/25/1974","827.68"
"4/26/1974","834.64"
"4/29/1974","835.42"
"4/30/1974","836.75"
"5/1/1974","853.88"
"5/2/1974","851.06"
"5/3/1974","845.9"
"5/6/1974","844.88"
"5/7/1974","847.15"
"5/8/1974","850.99"
"5/9/1974","865.77"
"5/10/1974","850.44"
"5/13/1974","845.59"
"5/14/1974","847.86"
"5/15/1974","846.06"
"5/16/1974","835.34"
"5/17/1974","818.84"
"5/20/1974","812.42"
"5/21/1974","809.53"
"5/22/1974","802.57"
"5/23/1974","805.23"
"5/24/1974","816.65"
"5/28/1974","814.3"
"5/29/1974","795.37"
"5/30/1974","803.58"
"5/31/1974","802.17"
"6/3/1974","821.26"
"6/4/1974","828.69"
"6/5/1974","830.18"
"6/6/1974","845.35"
"6/7/1974","853.72"
"6/10/1974","859.67"
"6/11/1974","852.08"
"6/12/1974","848.56"
"6/13/1974","852.08"
"6/14/1974","843.09"
"6/17/1974","833.23"
"6/18/1974","830.26"
"6/19/1974","826.11"
"6/20/1974","820.79"
"6/21/1974","815.39"
"6/24/1974","816.33"
"6/25/1974","828.85"
"6/26/1974","816.96"
"6/27/1974","803.66"
"6/28/1974","802.41"
"7/1/1974","806.24"
"7/2/1974","790.68"
"7/3/1974","792.87"
"7/5/1974","791.77"
"7/8/1974","770.57"
"7/9/1974","772.29"
"7/10/1974","762.12"
"7/11/1974","759.62"
"7/12/1974","787.23"
"7/15/1974","786.61"
"7/16/1974","775.97"
"7/17/1974","784.97"
"7/18/1974","789.19"
"7/19/1974","787.94"
"7/22/1974","790.36"
"7/23/1974","797.72"
"7/24/1974","805.77"
"7/25/1974","795.68"
"7/26/1974","784.57"
"7/29/1974","770.89"
"7/30/1974","765.57"
"7/31/1974","757.43"
"8/1/1974","751.1"
"8/2/1974","752.58"
"8/5/1974","760.4"
"8/6/1974","773.78"
"8/7/1974","797.56"
"8/8/1974","784.89"
"8/9/1974","777.3"
"8/12/1974","767.29"
"8/13/1974","756.44"
"8/14/1974","740.54"
"8/15/1974","737.88"
"8/16/1974","731.54"
"8/19/1974","721.84"
"8/20/1974","726.85"
"8/21/1974","711.59"
"8/22/1974","704.63"
"8/23/1974","686.8"
"8/26/1974","688.13"
"8/27/1974","671.54"
"8/28/1974","666.61"
"8/29/1974","656.84"
"8/30/1974","678.58"
"9/3/1974","663.33"
"9/4/1974","648"
"9/5/1974","670.76"
"9/6/1974","677.88"
"9/9/1974","662.94"
"9/10/1974","658.17"
"9/11/1974","654.72"
"9/12/1974","641.74"
"9/13/1974","627.19"
"9/16/1974","639.79"
"9/17/1974","648.78"
"9/18/1974","651.91"
"9/19/1974","674.05"
"9/20/1974","670.76"
"9/23/1974","663.72"
"9/24/1974","654.1"
"9/25/1974","649.95"
"9/26/1974","637.98"
"9/27/1974","621.95"
"9/30/1974","607.87"
"10/1/1974","604.82"
"10/2/1974","601.53"
"10/3/1974","587.61"
"10/4/1974","584.56"
"10/7/1974","607.56"
"10/8/1974","602.63"
"10/9/1974","631.02"
"10/10/1974","648.08"
"10/11/1974","658.17"
"10/14/1974","673.5"
"10/15/1974","658.4"
"10/16/1974","642.29"
"10/17/1974","651.44"
"10/18/1974","654.88"
"10/21/1974","669.82"
"10/22/1974","662.86"
"10/23/1974","645.03"
"10/24/1974","636.26"
"10/25/1974","636.19"
"10/28/1974","633.84"
"10/29/1974","659.34"
"10/30/1974","673.03"
"10/31/1974","665.52"
"11/1/1974","665.28"
"11/4/1974","657.23"
"11/5/1974","674.75"
"11/6/1974","669.12"
"11/7/1974","671.93"
"11/8/1974","667.16"
"11/11/1974","672.64"
"11/12/1974","659.18"
"11/13/1974","659.18"
"11/14/1974","658.4"
"11/15/1974","647.61"
"11/18/1974","624.92"
"11/19/1974","614.05"
"11/20/1974","609.59"
"11/21/1974","608.57"
"11/22/1974","615.3"
"11/25/1974","611.94"
"11/26/1974","617.26"
"11/27/1974","619.29"
"11/29/1974","618.66"
"12/2/1974","603.02"
"12/3/1974","596.61"
"12/4/1974","598.64"
"12/5/1974","587.06"
"12/6/1974","577.6"
"12/9/1974","579.94"
"12/10/1974","593.87"
"12/11/1974","595.35"
"12/12/1974","596.37"
"12/13/1974","592.77"
"12/16/1974","586.83"
"12/17/1974","597.54"
"12/18/1974","603.49"
"12/19/1974","604.43"
"12/20/1974","598.48"
"12/23/1974","589.64"
"12/24/1974","598.4"
"12/26/1974","604.74"
"12/27/1974","602.16"
"12/30/1974","603.25"
"12/31/1974","616.24"
"1/2/1975","632.04"
"1/3/1975","634.54"
"1/6/1975","637.2"
"1/7/1975","641.19"
"1/8/1975","635.4"
"1/9/1975","645.26"
"1/10/1975","658.79"
"1/13/1975","654.18"
"1/14/1975","648.7"
"1/15/1975","653.39"
"1/16/1975","655.74"
"1/17/1975","644.63"
"1/20/1975","647.45"
"1/21/1975","641.9"
"1/22/1975","652.61"
"1/23/1975","656.76"
"1/24/1975","666.61"
"1/27/1975","692.66"
"1/28/1975","694.77"
"1/29/1975","705.96"
"1/30/1975","696.42"
"1/31/1975","703.69"
"2/3/1975","711.44"
"2/4/1975","708.07"
"2/5/1975","717.85"
"2/6/1975","714.17"
"2/7/1975","711.91"
"2/10/1975","708.39"
"2/11/1975","707.6"
"2/12/1975","715.03"
"2/13/1975","726.92"
"2/14/1975","734.2"
"2/18/1975","731.3"
"2/19/1975","736.39"
"2/20/1975","745.38"
"2/21/1975","749.77"
"2/24/1975","736.94"
"2/25/1975","719.18"
"2/26/1975","728.1"
"2/27/1975","731.15"
"2/28/1975","739.05"
"3/3/1975","753.13"
"3/4/1975","757.74"
"3/5/1975","752.82"
"3/6/1975","761.81"
"3/7/1975","770.1"
"3/10/1975","776.13"
"3/11/1975","770.89"
"3/12/1975","763.69"
"3/13/1975","762.98"
"3/14/1975","773.47"
"3/17/1975","786.53"
"3/18/1975","779.41"
"3/19/1975","769.48"
"3/20/1975","764"
"3/21/1975","763.06"
"3/24/1975","743.43"
"3/25/1975","747.89"
"3/26/1975","766.19"
"3/27/1975","770.26"
"3/31/1975","768.15"
"4/1/1975","761.58"
"4/2/1975","760.56"
"4/3/1975","752.19"
"4/4/1975","747.26"
"4/7/1975","742.88"
"4/8/1975","749.22"
"4/9/1975","767.99"
"4/10/1975","781.29"
"4/11/1975","789.5"
"4/14/1975","806.95"
"4/15/1975","815.08"
"4/16/1975","815.71"
"4/17/1975","819.46"
"4/18/1975","808.43"
"4/21/1975","815.86"
"4/22/1975","814.14"
"4/23/1975","802.49"
"4/24/1975","803.66"
"4/25/1975","811.8"
"4/28/1975","810"
"4/29/1975","803.04"
"4/30/1975","821.34"
"5/1/1975","830.96"
"5/2/1975","848.48"
"5/5/1975","855.6"
"5/6/1975","834.72"
"5/7/1975","836.44"
"5/8/1975","840.5"
"5/9/1975","850.13"
"5/12/1975","847.47"
"5/13/1975","850.13"
"5/14/1975","858.73"
"5/15/1975","848.8"
"5/16/1975","837.61"
"5/19/1975","837.69"
"5/20/1975","830.49"
"5/21/1975","818.68"
"5/22/1975","818.91"
"5/23/1975","831.9"
"5/27/1975","826.11"
"5/28/1975","817.04"
"5/29/1975","815"
"5/30/1975","832.29"
"6/2/1975","846.61"
"6/3/1975","846.14"
"6/4/1975","839.96"
"6/5/1975","842.15"
"6/6/1975","839.64"
"6/9/1975","830.1"
"6/10/1975","822.12"
"6/11/1975","824.55"
"6/12/1975","819.31"
"6/13/1975","824.47"
"6/16/1975","834.56"
"6/17/1975","828.61"
"6/18/1975","827.83"
"6/19/1975","845.35"
"6/20/1975","855.44"
"6/23/1975","864.83"
"6/24/1975","869.06"
"6/25/1975","872.73"
"6/26/1975","874.14"
"6/27/1975","873.12"
"6/30/1975","878.99"
"7/1/1975","877.42"
"7/2/1975","870.38"
"7/3/1975","871.79"
"7/7/1975","861.08"
"7/8/1975","857.79"
"7/9/1975","871.87"
"7/10/1975","871.87"
"7/11/1975","871.09"
"7/14/1975","875.86"
"7/15/1975","881.81"
"7/16/1975","872.11"
"7/17/1975","864.28"
"7/18/1975","862.41"
"7/21/1975","854.74"
"7/22/1975","846.76"
"7/23/1975","836.67"
"7/24/1975","840.27"
"7/25/1975","834.09"
"7/28/1975","827.83"
"7/29/1975","824.86"
"7/30/1975","831.66"
"7/31/1975","831.51"
"8/1/1975","826.5"
"8/4/1975","818.05"
"8/5/1975","810.15"
"8/6/1975","813.67"
"8/7/1975","815.79"
"8/8/1975","817.74"
"8/11/1975","823.76"
"8/12/1975","828.54"
"8/13/1975","820.56"
"8/14/1975","817.04"
"8/15/1975","825.64"
"8/18/1975","822.75"
"8/19/1975","808.51"
"8/20/1975","793.26"
"8/21/1975","791.69"
"8/22/1975","804.76"
"8/25/1975","812.34"
"8/26/1975","803.11"
"8/27/1975","807.2"
"8/28/1975","829.47"
"8/29/1975","835.34"
"9/2/1975","823.69"
"9/3/1975","832.29"
"9/4/1975","838.31"
"9/5/1975","835.97"
"9/8/1975","840.11"
"9/9/1975","827.75"
"9/10/1975","817.66"
"9/11/1975","812.66"
"9/12/1975","809.23"
"9/15/1975","803.19"
"9/16/1975","795.13"
"9/17/1975","799.05"
"9/18/1975","814.61"
"9/19/1975","829.79"
"9/22/1975","820.4"
"9/23/1975","819.85"
"9/24/1975","826.19"
"9/25/1975","820.24"
"9/26/1975","818.6"
"9/29/1975","805.23"
"9/30/1975","793.88"
"10/1/1975","784.16"
"10/2/1975","794.55"
"10/3/1975","813.21"
"10/6/1975","819.66"
"10/7/1975","816.51"
"10/8/1975","823.91"
"10/9/1975","824.54"
"10/10/1975","823.91"
"10/13/1975","837.77"
"10/14/1975","835.25"
"10/15/1975","837.22"
"10/16/1975","837.85"
"10/17/1975","832.18"
"10/20/1975","842.25"
"10/21/1975","846.82"
"10/22/1975","849.57"
"10/23/1975","855.16"
"10/24/1975","840.52"
"10/27/1975","838.48"
"10/28/1975","851.46"
"10/29/1975","838.63"
"10/30/1975","839.42"
"10/31/1975","836.04"
"11/3/1975","825.72"
"11/4/1975","830.13"
"11/5/1975","836.27"
"11/6/1975","840.92"
"11/7/1975","835.8"
"11/10/1975","835.48"
"11/11/1975","838.55"
"11/12/1975","852.25"
"11/13/1975","851.23"
"11/14/1975","853.67"
"11/17/1975","856.66"
"11/18/1975","855.24"
"11/19/1975","848.24"
"11/20/1975","843.51"
"11/21/1975","840.76"
"11/24/1975","845.64"
"11/25/1975","855.4"
"11/26/1975","858.55"
"11/28/1975","860.67"
"12/1/1975","856.34"
"12/2/1975","843.2"
"12/3/1975","825.49"
"12/4/1975","829.11"
"12/5/1975","818.8"
"12/8/1975","821.63"
"12/9/1975","824.15"
"12/10/1975","833.99"
"12/11/1975","832.73"
"12/12/1975","832.81"
"12/15/1975","836.59"
"12/16/1975","844.3"
"12/17/1975","846.27"
"12/18/1975","852.09"
"12/19/1975","844.38"
"12/22/1975","838.63"
"12/23/1975","843.75"
"12/24/1975","851.94"
"12/26/1975","859.81"
"12/29/1975","856.66"
"12/30/1975","852.41"
"12/31/1975","852.41"
"1/2/1976","858.71"
"1/5/1976","877.83"
"1/6/1976","890.82"
"1/7/1976","898.69"
"1/8/1976","907.98"
"1/9/1976","911.13"
"1/12/1976","922.39"
"1/13/1976","912.94"
"1/14/1976","929.63"
"1/15/1976","924.51"
"1/16/1976","929.63"
"1/19/1976","943.72"
"1/20/1976","949.86"
"1/21/1976","946.24"
"1/22/1976","943.48"
"1/23/1976","953.95"
"1/26/1976","961.51"
"1/27/1976","957.81"
"1/28/1976","951.35"
"1/29/1976","968.75"
"1/30/1976","975.28"
"2/2/1976","971.35"
"2/3/1976","972.61"
"2/4/1976","976.62"
"2/5/1976","964.81"
"2/6/1976","954.9"
"2/9/1976","957.18"
"2/10/1976","968.75"
"2/11/1976","971.9"
"2/12/1976","966.78"
"2/13/1976","958.36"
"2/17/1976","950.57"
"2/18/1976","960.09"
"2/19/1976","975.76"
"2/20/1976","987.8"
"2/23/1976","985.28"
"2/24/1976","993.55"
"2/25/1976","994.57"
"2/26/1976","978.83"
"2/27/1976","972.61"
"3/1/1976","975.36"
"3/2/1976","985.12"
"3/3/1976","978.83"
"3/4/1976","970.64"
"3/5/1976","972.92"
"3/8/1976","988.74"
"3/9/1976","993.7"
"3/10/1976","995.28"
"3/11/1976","1003.31"
"3/12/1976","987.64"
"3/15/1976","974.5"
"3/16/1976","983.47"
"3/17/1976","985.99"
"3/18/1976","979.85"
"3/19/1976","979.85"
"3/22/1976","982.29"
"3/23/1976","995.43"
"3/24/1976","1009.21"
"3/25/1976","1002.13"
"3/26/1976","1003.46"
"3/29/1976","997.4"
"3/30/1976","992.13"
"3/31/1976","999.45"
"4/1/1976","994.1"
"4/2/1976","991.58"
"4/5/1976","1004.09"
"4/6/1976","1001.65"
"4/7/1976","986.22"
"4/8/1976","977.09"
"4/9/1976","968.28"
"4/12/1976","971.27"
"4/13/1976","984.26"
"4/14/1976","974.65"
"4/15/1976","980.48"
"4/19/1976","988.11"
"4/20/1976","1003.46"
"4/21/1976","1011.02"
"4/22/1976","1007.71"
"4/23/1976","1000.71"
"4/26/1976","1002.76"
"4/27/1976","995.51"
"4/28/1976","1000.7"
"4/29/1976","1002.13"
"4/30/1976","996.85"
"5/3/1976","990.32"
"5/4/1976","993.7"
"5/5/1976","986.46"
"5/6/1976","989.53"
"5/7/1976","996.22"
"5/10/1976","1007.48"
"5/11/1976","1006.61"
"5/12/1976","1005.67"
"5/13/1976","1001.1"
"5/14/1976","992.64"
"5/17/1976","987.64"
"5/18/1976","989.45"
"5/19/1976","988.9"
"5/20/1976","997.27"
"5/21/1976","990.75"
"5/24/1976","971.53"
"5/25/1976","971.69"
"5/26/1976","968.63"
"5/27/1976","965.57"
"5/28/1976","975.23"
"6/1/1976","973.13"
"6/2/1976","975.93"
"6/3/1976","973.8"
"6/4/1976","963.9"
"6/7/1976","958.09"
"6/8/1976","959.97"
"6/9/1976","958.09"
"6/10/1976","964.39"
"6/11/1976","978.8"
"6/14/1976","991.24"
"6/15/1976","985.92"
"6/16/1976","988.62"
"6/17/1976","1003.19"
"6/18/1976","1001.88"
"6/21/1976","1007.45"
"6/22/1976","997.63"
"6/23/1976","996.56"
"6/24/1976","1003.77"
"6/25/1976","999.84"
"6/28/1976","997.38"
"6/29/1976","1000.68"
"6/30/1976","1002.78"
"7/1/1976","994.84"
"7/2/1976","999.84"
"7/6/1976","991.81"
"7/7/1976","991.16"
"7/8/1976","991.98"
"7/9/1976","1003.11"
"7/12/1976","1011.21"
"7/13/1976","1006.06"
"7/14/1976","1005.16"
"7/15/1976","997.46"
"7/16/1976","993.21"
"7/19/1976","990.83"
"7/20/1976","988.29"
"7/21/1976","989.44"
"7/22/1976","991.08"
"7/23/1976","990.91"
"7/26/1976","991.51"
"7/27/1976","984.13"
"7/28/1976","981.33"
"7/29/1976","979.29"
"7/30/1976","984.64"
"8/2/1976","982.26"
"8/3/1976","990.33"
"8/4/1976","992.28"
"8/5/1976","986.68"
"8/6/1976","986"
"8/9/1976","983.46"
"8/10/1976","993.43"
"8/11/1976","986.79"
"8/12/1976","987.12"
"8/13/1976","990.19"
"8/16/1976","992.77"
"8/17/1976","999.34"
"8/18/1976","995.01"
"8/19/1976","983.88"
"8/20/1976","974.07"
"8/23/1976","971.49"
"8/24/1976","962.93"
"8/25/1976","970.83"
"8/26/1976","960.44"
"8/27/1976","963.93"
"8/30/1976","968.92"
"8/31/1976","973.74"
"9/1/1976","985.95"
"9/2/1976","984.79"
"9/3/1976","989.11"
"9/7/1976","996.59"
"9/8/1976","992.94"
"9/9/1976","986.87"
"9/10/1976","988.36"
"9/13/1976","983.29"
"9/14/1976","978.64"
"9/15/1976","979.31"
"9/16/1976","987.95"
"9/17/1976","995.1"
"9/20/1976","994.51"
"9/21/1976","1014.79"
"9/22/1976","1014.05"
"9/23/1976","1010.8"
"9/24/1976","1009.31"
"9/27/1976","1013.13"
"9/28/1976","994.93"
"9/29/1976","991.19"
"9/30/1976","990.19"
"10/1/1976","979.89"
"10/4/1976","977.98"
"10/5/1976","966.76"
"10/6/1976","959.69"
"10/7/1976","965.09"
"10/8/1976","952.38"
"10/11/1976","940.82"
"10/12/1976","932.35"
"10/13/1976","948.3"
"10/14/1976","935.92"
"10/15/1976","937"
"10/18/1976","946.56"
"10/19/1976","949.97"
"10/20/1976","954.87"
"10/21/1976","944.9"
"10/22/1976","938.75"
"10/25/1976","938"
"10/26/1976","948.14"
"10/27/1976","956.12"
"10/28/1976","952.63"
"10/29/1976","964.93"
"11/1/1976","966.09"
"11/3/1976","956.53"
"11/4/1976","960.44"
"11/5/1976","943.07"
"11/8/1976","933.68"
"11/9/1976","930.77"
"11/10/1976","924.04"
"11/11/1976","931.43"
"11/12/1976","927.69"
"11/15/1976","935.42"
"11/16/1976","935.34"
"11/17/1976","938.08"
"11/18/1976","950.13"
"11/19/1976","948.8"
"11/22/1976","955.87"
"11/23/1976","949.3"
"11/24/1976","950.96"
"11/26/1976","956.62"
"11/29/1976","950.05"
"11/30/1976","947.22"
"12/1/1976","949.38"
"12/2/1976","946.64"
"12/3/1976","950.55"
"12/6/1976","961.77"
"12/7/1976","960.69"
"12/8/1976","963.26"
"12/9/1976","970.74"
"12/10/1976","973.15"
"12/13/1976","974.24"
"12/14/1976","980.63"
"12/15/1976","983.79"
"12/16/1976","981.3"
"12/17/1976","979.06"
"12/20/1976","972.41"
"12/21/1976","978.39"
"12/22/1976","984.54"
"12/23/1976","985.62"
"12/27/1976","996.09"
"12/28/1976","1000.08"
"12/29/1976","994.93"
"12/30/1976","999.09"
"12/31/1976","1004.65"
"1/3/1977","999.75"
"1/4/1977","987.87"
"1/5/1977","978.06"
"1/6/1977","979.89"
"1/7/1977","983.13"
"1/10/1977","986.87"
"1/11/1977","976.65"
"1/12/1977","968.25"
"1/13/1977","976.15"
"1/14/1977","972.16"
"1/17/1977","967.25"
"1/18/1977","962.43"
"1/19/1977","968.67"
"1/20/1977","959.03"
"1/21/1977","962.43"
"1/24/1977","963.6"
"1/25/1977","965.92"
"1/26/1977","958.53"
"1/27/1977","954.54"
"1/28/1977","957.53"
"1/31/1977","954.37"
"2/1/1977","958.36"
"2/2/1977","952.79"
"2/3/1977","947.14"
"2/4/1977","947.89"
"2/7/1977","946.31"
"2/8/1977","942.24"
"2/9/1977","933.84"
"2/10/1977","937.92"
"2/11/1977","931.52"
"2/14/1977","938.33"
"2/15/1977","944.32"
"2/16/1977","948.3"
"2/17/1977","943.73"
"2/18/1977","940.24"
"2/22/1977","939.91"
"2/23/1977","938.25"
"2/24/1977","932.6"
"2/25/1977","933.43"
"2/28/1977","936.42"
"3/1/1977","944.73"
"3/2/1977","942.07"
"3/3/1977","948.64"
"3/4/1977","953.46"
"3/7/1977","955.12"
"3/8/1977","952.04"
"3/9/1977","942.9"
"3/10/1977","946.73"
"3/11/1977","947.72"
"3/14/1977","958.36"
"3/15/1977","965.01"
"3/16/1977","968"
"3/17/1977","964.84"
"3/18/1977","961.02"
"3/21/1977","953.54"
"3/22/1977","950.96"
"3/23/1977","942.32"
"3/24/1977","935.67"
"3/25/1977","928.86"
"3/28/1977","926.11"
"3/29/1977","932.01"
"3/30/1977","921.21"
"3/31/1977","919.13"
"4/1/1977","927.36"
"4/4/1977","915.56"
"4/5/1977","916.14"
"4/6/1977","914.73"
"4/7/1977","918.88"
"4/11/1977","924.1"
"4/12/1977","937.16"
"4/13/1977","938.18"
"4/14/1977","947"
"4/15/1977","947.76"
"4/18/1977","942.76"
"4/19/1977","938.77"
"4/20/1977","942.59"
"4/21/1977","935.8"
"4/22/1977","927.07"
"4/25/1977","914.6"
"4/26/1977","915.62"
"4/27/1977","923.76"
"4/28/1977","927.32"
"4/29/1977","926.9"
"5/2/1977","931.22"
"5/3/1977","934.19"
"5/4/1977","940.72"
"5/5/1977","943.44"
"5/6/1977","936.74"
"5/9/1977","933.09"
"5/10/1977","936.14"
"5/11/1977","926.9"
"5/12/1977","925.54"
"5/13/1977","928.34"
"5/16/1977","932.5"
"5/17/1977","936.48"
"5/18/1977","941.91"
"5/19/1977","936.48"
"5/20/1977","930.46"
"5/23/1977","917.06"
"5/24/1977","912.4"
"5/25/1977","903.24"
"5/26/1977","908.07"
"5/27/1977","898.83"
"5/31/1977","898.66"
"6/1/1977","906.55"
"6/2/1977","903.15"
"6/3/1977","912.23"
"6/6/1977","903.04"
"6/7/1977","908.67"
"6/8/1977","912.99"
"6/9/1977","909.85"
"6/10/1977","910.79"
"6/13/1977","912.4"
"6/14/1977","922.57"
"6/15/1977","917.57"
"6/16/1977","920.45"
"6/17/1977","920.45"
"6/20/1977","924.27"
"6/21/1977","928.6"
"6/22/1977","926.31"
"6/23/1977","925.37"
"6/24/1977","929.7"
"6/27/1977","924.1"
"6/28/1977","915.62"
"6/29/1977","913.33"
"6/30/1977","916.3"
"7/1/1977","912.65"
"7/5/1977","913.59"
"7/6/1977","907.73"
"7/7/1977","909.51"
"7/8/1977","907.99"
"7/11/1977","905.53"
"7/12/1977","903.41"
"7/13/1977","902.99"
"7/15/1977","905.95"
"7/18/1977","910.6"
"7/19/1977","919.27"
"7/20/1977","920.48"
"7/21/1977","921.78"
"7/22/1977","923.42"
"7/25/1977","914.24"
"7/26/1977","908.18"
"7/27/1977","888.43"
"7/28/1977","889.99"
"7/29/1977","890.07"
"8/1/1977","891.81"
"8/2/1977","887.39"
"8/3/1977","886"
"8/4/1977","888.17"
"8/5/1977","888.69"
"8/8/1977","879.42"
"8/9/1977","879.42"
"8/10/1977","887.04"
"8/11/1977","877.43"
"8/12/1977","871.1"
"8/15/1977","874.13"
"8/16/1977","869.28"
"8/17/1977","864.69"
"8/18/1977","864.26"
"8/19/1977","863.48"
"8/22/1977","867.29"
"8/23/1977","865.56"
"8/24/1977","862.87"
"8/25/1977","854.12"
"8/26/1977","855.42"
"8/29/1977","864.09"
"8/30/1977","858.89"
"8/31/1977","861.49"
"9/1/1977","864.86"
"9/2/1977","872.31"
"9/6/1977","873.27"
"9/7/1977","876.39"
"9/8/1977","869.16"
"9/9/1977","857.04"
"9/12/1977","854.38"
"9/13/1977","854.56"
"9/14/1977","858.71"
"9/15/1977","860.79"
"9/16/1977","856.81"
"9/19/1977","851.52"
"9/20/1977","851.78"
"9/21/1977","840.96"
"9/22/1977","839.41"
"9/23/1977","839.14"
"9/26/1977","841.65"
"9/27/1977","835.85"
"9/28/1977","834.72"
"9/29/1977","840.09"
"9/30/1977","847.11"
"10/3/1977","851.96"
"10/4/1977","842"
"10/5/1977","837.32"
"10/6/1977","842.08"
"10/7/1977","840.35"
"10/10/1977","840.26"
"10/11/1977","832.29"
"10/12/1977","823.98"
"10/13/1977","818.17"
"10/14/1977","821.64"
"10/17/1977","820.34"
"10/18/1977","820.51"
"10/19/1977","812.2"
"10/20/1977","814.8"
"10/21/1977","808.3"
"10/24/1977","802.32"
"10/25/1977","801.54"
"10/26/1977","813.41"
"10/27/1977","818.61"
"10/28/1977","822.68"
"10/31/1977","818.35"
"11/1/1977","806.91"
"11/2/1977","800.85"
"11/3/1977","802.67"
"11/4/1977","809.94"
"11/7/1977","816.44"
"11/8/1977","816.27"
"11/9/1977","818.43"
"11/10/1977","832.55"
"11/11/1977","845.89"
"11/14/1977","838.36"
"11/15/1977","842.78"
"11/16/1977","837.06"
"11/17/1977","831.86"
"11/18/1977","835.76"
"11/21/1977","836.11"
"11/22/1977","842.52"
"11/23/1977","843.3"
"11/25/1977","844.42"
"11/28/1977","839.57"
"11/29/1977","827.27"
"11/30/1977","829.7"
"12/1/1977","825.71"
"12/2/1977","823.98"
"12/5/1977","821.03"
"12/6/1977","806.91"
"12/7/1977","807.43"
"12/8/1977","806.91"
"12/9/1977","815.23"
"12/12/1977","815.75"
"12/13/1977","815.23"
"12/14/1977","822.68"
"12/15/1977","817.91"
"12/16/1977","815.32"
"12/19/1977","807.95"
"12/20/1977","806.22"
"12/21/1977","813.93"
"12/22/1977","821.81"
"12/23/1977","829.87"
"12/27/1977","829.7"
"12/28/1977","829.7"
"12/29/1977","830.39"
"12/30/1977","831.17"
"1/3/1978","817.74"
"1/4/1978","813.58"
"1/5/1978","804.92"
"1/6/1978","793.49"
"1/9/1978","784.56"
"1/10/1978","781.53"
"1/11/1978","775.9"
"1/12/1978","778.15"
"1/13/1978","775.73"
"1/16/1978","771.74"
"1/17/1978","779.02"
"1/18/1978","786.3"
"1/19/1978","778.67"
"1/20/1978","776.94"
"1/23/1978","770.7"
"1/24/1978","771.57"
"1/25/1978","772.44"
"1/26/1978","763.34"
"1/27/1978","764.12"
"1/30/1978","772.44"
"1/31/1978","769.92"
"2/1/1978","774.34"
"2/2/1978","775.38"
"2/3/1978","770.96"
"2/6/1978","768.62"
"2/7/1978","778.85"
"2/8/1978","782.6"
"2/9/1978","777.81"
"2/10/1978","775.99"
"2/13/1978","774.43"
"2/14/1978","765.16"
"2/15/1978","761.69"
"2/16/1978","753.29"
"2/17/1978","752.69"
"2/21/1978","749.31"
"2/22/1978","749.05"
"2/23/1978","750.95"
"2/24/1978","756.24"
"2/27/1978","748.35"
"2/28/1978","742.12"
"3/1/1978","743.33"
"3/2/1978","746.45"
"3/3/1978","747.31"
"3/6/1978","742.72"
"3/7/1978","746.79"
"3/8/1978","750.87"
"3/9/1978","750"
"3/10/1978","758.58"
"3/13/1978","759.96"
"3/14/1978","762.56"
"3/15/1978","758.58"
"3/16/1978","762.82"
"3/17/1978","768.71"
"3/20/1978","773.82"
"3/21/1978","762.82"
"3/22/1978","757.54"
"3/23/1978","756.5"
"3/27/1978","753.21"
"3/28/1978","758.84"
"3/29/1978","761.78"
"3/30/1978","759.62"
"3/31/1978","757.36"
"4/3/1978","751.04"
"4/4/1978","755.37"
"4/5/1978","763.08"
"4/6/1978","763.95"
"4/7/1978","769.58"
"4/10/1978","773.65"
"4/11/1978","770.18"
"4/12/1978","766.29"
"4/13/1978","775.21"
"4/14/1978","795.13"
"4/17/1978","810.12"
"4/18/1978","803.27"
"4/19/1978","808.04"
"4/20/1978","814.54"
"4/21/1978","812.8"
"4/24/1978","826.06"
"4/25/1978","833.59"
"4/26/1978","836.97"
"4/27/1978","826.92"
"4/28/1978","837.32"
"5/1/1978","844.33"
"5/2/1978","840.18"
"5/3/1978","828.83"
"5/4/1978","824.41"
"5/5/1978","829.09"
"5/8/1978","824.58"
"5/9/1978","822.07"
"5/10/1978","822.16"
"5/11/1978","834.2"
"5/12/1978","840.7"
"5/15/1978","846.76"
"5/16/1978","854.3"
"5/17/1978","858.37"
"5/18/1978","850.92"
"5/19/1978","846.85"
"5/22/1978","855.42"
"5/23/1978","845.29"
"5/24/1978","837.92"
"5/25/1978","835.41"
"5/26/1978","831.69"
"5/30/1978","834.2"
"5/31/1978","840.61"
"6/1/1978","840.7"
"6/2/1978","847.54"
"6/5/1978","863.83"
"6/6/1978","866.51"
"6/7/1978","861.92"
"6/8/1978","862.09"
"6/9/1978","859.23"
"6/12/1978","856.72"
"6/13/1978","856.98"
"6/14/1978","854.56"
"6/15/1978","844.25"
"6/16/1978","836.97"
"6/19/1978","838.62"
"6/20/1978","830.04"
"6/21/1978","824.93"
"6/22/1978","827.7"
"6/23/1978","823.02"
"6/26/1978","812.28"
"6/27/1978","817.31"
"6/28/1978","819.91"
"6/29/1978","821.64"
"6/30/1978","818.95"
"7/3/1978","812.89"
"7/5/1978","805.79"
"7/6/1978","807.19"
"7/7/1978","812.46"
"7/10/1978","816.79"
"7/11/1978","821.29"
"7/12/1978","824.93"
"7/13/1978","824.76"
"7/14/1978","839.83"
"7/17/1978","839.05"
"7/18/1978","829"
"7/19/1978","840.7"
"7/20/1978","838.62"
"7/21/1978","833.42"
"7/24/1978","831.6"
"7/25/1978","839.57"
"7/26/1978","847.19"
"7/27/1978","850.57"
"7/28/1978","856.29"
"7/31/1978","862.27"
"8/1/1978","860.71"
"8/2/1978","883.49"
"8/3/1978","886.87"
"8/4/1978","888.43"
"8/7/1978","885.05"
"8/8/1978","889.21"
"8/9/1978","891.63"
"8/10/1978","885.48"
"8/11/1978","890.85"
"8/14/1978","888.17"
"8/15/1978","887.13"
"8/16/1978","894.58"
"8/17/1978","900.12"
"8/18/1978","896.83"
"8/21/1978","888.95"
"8/22/1978","892.41"
"8/23/1978","897"
"8/24/1978","897.35"
"8/25/1978","895.53"
"8/28/1978","884.88"
"8/29/1978","880.2"
"8/30/1978","880.72"
"8/31/1978","876.82"
"9/1/1978","879.33"
"9/5/1978","886.61"
"9/6/1978","895.79"
"9/7/1978","893.71"
"9/8/1978","907.74"
"9/11/1978","907.74"
"9/12/1978","906.44"
"9/13/1978","899.6"
"9/14/1978","887.04"
"9/15/1978","878.55"
"9/18/1978","870.15"
"9/19/1978","861.57"
"9/20/1978","857.16"
"9/21/1978","861.14"
"9/22/1978","862.44"
"9/25/1978","862.35"
"9/26/1978","868.16"
"9/27/1978","860.19"
"9/28/1978","861.31"
"9/29/1978","865.82"
"10/2/1978","871.36"
"10/3/1978","867.9"
"10/4/1978","873.96"
"10/5/1978","876.47"
"10/6/1978","880.02"
"10/9/1978","893.19"
"10/10/1978","891.63"
"10/11/1978","901.42"
"10/12/1978","896.74"
"10/13/1978","897.09"
"10/16/1978","875.17"
"10/17/1978","866.34"
"10/18/1978","859.67"
"10/19/1978","846.41"
"10/20/1978","838.01"
"10/23/1978","839.66"
"10/24/1978","832.55"
"10/25/1978","830.21"
"10/26/1978","821.12"
"10/27/1978","806.05"
"10/30/1978","811.85"
"10/31/1978","792.45"
"11/1/1978","827.79"
"11/2/1978","816.96"
"11/3/1978","823.11"
"11/6/1978","814.88"
"11/7/1978","800.07"
"11/8/1978","807.61"
"11/9/1978","803.97"
"11/10/1978","807.09"
"11/13/1978","792.01"
"11/14/1978","785.26"
"11/15/1978","785.6"
"11/16/1978","794.18"
"11/17/1978","797.73"
"11/20/1978","805.61"
"11/21/1978","804.05"
"11/22/1978","807"
"11/24/1978","810.12"
"11/27/1978","813.84"
"11/28/1978","804.14"
"11/29/1978","790.11"
"11/30/1978","799.03"
"12/1/1978","811.5"
"12/4/1978","806.83"
"12/5/1978","820.51"
"12/6/1978","821.9"
"12/7/1978","816.09"
"12/8/1978","811.85"
"12/11/1978","817.65"
"12/12/1978","814.97"
"12/13/1978","809.86"
"12/14/1978","812.54"
"12/15/1978","805.35"
"12/18/1978","787.51"
"12/19/1978","789.85"
"12/20/1978","793.66"
"12/21/1978","794.79"
"12/22/1978","808.47"
"12/26/1978","816.01"
"12/27/1978","808.56"
"12/28/1978","805.96"
"12/29/1978","805.01"
"1/2/1979","811.42"
"1/3/1979","817.39"
"1/4/1979","826.14"
"1/5/1979","830.73"
"1/8/1979","828.14"
"1/9/1979","831.43"
"1/10/1979","824.93"
"1/11/1979","828.05"
"1/12/1979","836.28"
"1/15/1979","848.67"
"1/16/1979","835.59"
"1/17/1979","834.2"
"1/18/1979","839.14"
"1/19/1979","837.49"
"1/22/1979","838.53"
"1/23/1979","846.85"
"1/24/1979","846.41"
"1/25/1979","854.64"
"1/26/1979","859.75"
"1/29/1979","855.77"
"1/30/1979","851.78"
"1/31/1979","839.22"
"2/1/1979","840.87"
"2/2/1979","834.63"
"2/5/1979","823.98"
"2/6/1979","822.85"
"2/7/1979","816.01"
"2/8/1979","818.87"
"2/9/1979","822.23"
"2/12/1979","824.84"
"2/13/1979","830.21"
"2/14/1979","829.78"
"2/15/1979","829.09"
"2/16/1979","827.01"
"2/20/1979","834.55"
"2/21/1979","834.55"
"2/22/1979","828.57"
"2/23/1979","823.28"
"2/26/1979","821.12"
"2/27/1979","807"
"2/28/1979","808.82"
"3/1/1979","815.84"
"3/2/1979","815.75"
"3/5/1979","827.36"
"3/6/1979","826.58"
"3/7/1979","834.29"
"3/8/1979","844.85"
"3/9/1979","842.86"
"3/12/1979","844.68"
"3/13/1979","846.93"
"3/14/1979","845.37"
"3/15/1979","847.02"
"3/16/1979","852.82"
"3/19/1979","857.59"
"3/20/1979","850.31"
"3/21/1979","857.76"
"3/22/1979","861.31"
"3/23/1979","859.75"
"3/26/1979","854.82"
"3/27/1979","871.36"
"3/28/1979","866.25"
"3/29/1979","866.77"
"3/30/1979","862.18"
"4/2/1979","855.25"
"4/3/1979","868.35"
"4/4/1979","869.8"
"4/5/1979","877.6"
"4/6/1979","875.69"
"4/9/1979","873.7"
"4/10/1979","878.72"
"4/11/1979","871.71"
"4/12/1979","870.5"
"4/16/1979","860.45"
"4/17/1979","857.93"
"4/18/1979","860.27"
"4/19/1979","855.25"
"4/20/1979","856.98"
"4/23/1979","860.1"
"4/24/1979","866.86"
"4/25/1979","867.46"
"4/26/1979","860.97"
"4/27/1979","856.64"
"4/30/1979","854.9"
"5/1/1979","855.51"
"5/2/1979","855.51"
"5/3/1979","857.59"
"5/4/1979","847.54"
"5/7/1979","833.42"
"5/8/1979","834.89"
"5/9/1979","838.62"
"5/10/1979","828.92"
"5/11/1979","830.56"
"5/14/1979","825.02"
"5/15/1979","825.88"
"5/16/1979","828.48"
"5/17/1979","842.95"
"5/18/1979","841.91"
"5/21/1979","842.43"
"5/22/1979","845.37"
"5/23/1979","837.4"
"5/24/1979","837.66"
"5/25/1979","836.28"
"5/29/1979","832.55"
"5/30/1979","822.16"
"5/31/1979","822.33"
"6/1/1979","821.21"
"6/4/1979","821.9"
"6/5/1979","831.34"
"6/6/1979","835.5"
"6/7/1979","836.97"
"6/8/1979","835.15"
"6/11/1979","837.58"
"6/12/1979","845.29"
"6/13/1979","842.17"
"6/14/1979","842.34"
"6/15/1979","843.3"
"6/18/1979","839.4"
"6/19/1979","839.4"
"6/20/1979","839.83"
"6/21/1979","843.64"
"6/22/1979","849.1"
"6/25/1979","844.25"
"6/26/1979","837.66"
"6/27/1979","840.52"
"6/28/1979","843.04"
"6/29/1979","841.98"
"7/2/1979","834.04"
"7/3/1979","835.58"
"7/5/1979","835.75"
"7/6/1979","846.16"
"7/9/1979","852.99"
"7/10/1979","850.34"
"7/11/1979","843.86"
"7/12/1979","836.86"
"7/13/1979","833.53"
"7/16/1979","834.9"
"7/17/1979","828.5"
"7/18/1979","828.58"
"7/19/1979","827.3"
"7/20/1979","828.07"
"7/23/1979","825.51"
"7/24/1979","829.78"
"7/25/1979","839.51"
"7/26/1979","839.76"
"7/27/1979","839.76"
"7/30/1979","838.74"
"7/31/1979","846.42"
"8/1/1979","850.34"
"8/2/1979","847.95"
"8/3/1979","846.16"
"8/6/1979","848.55"
"8/7/1979","859.81"
"8/8/1979","863.14"
"8/9/1979","858.28"
"8/10/1979","867.06"
"8/13/1979","875.26"
"8/14/1979","876.71"
"8/15/1979","885.84"
"8/16/1979","884.04"
"8/17/1979","883.36"
"8/20/1979","886.52"
"8/21/1979","886.01"
"8/22/1979","885.84"
"8/23/1979","880.38"
"8/24/1979","880.2"
"8/27/1979","885.41"
"8/28/1979","884.64"
"8/29/1979","884.9"
"8/30/1979","883.7"
"8/31/1979","887.63"
"9/4/1979","872.61"
"9/5/1979","866.13"
"9/6/1979","867.32"
"9/7/1979","874.15"
"9/10/1979","876.88"
"9/11/1979","869.71"
"9/12/1979","870.9"
"9/13/1979","870.73"
"9/14/1979","879.1"
"9/17/1979","881.31"
"9/18/1979","874.15"
"9/19/1979","876.45"
"9/20/1979","893.69"
"9/21/1979","893.94"
"9/24/1979","885.84"
"9/25/1979","886.18"
"9/26/1979","886.35"
"9/27/1979","887.46"
"9/28/1979","878.58"
"10/1/1979","872.95"
"10/2/1979","885.32"
"10/3/1979","885.15"
"10/4/1979","890.1"
"10/5/1979","897.61"
"10/8/1979","884.04"
"10/9/1979","857.59"
"10/10/1979","849.32"
"10/11/1979","844.62"
"10/12/1979","838.99"
"10/15/1979","831.06"
"10/16/1979","829.52"
"10/17/1979","830.72"
"10/18/1979","830.12"
"10/19/1979","814.68"
"10/22/1979","809.13"
"10/23/1979","806.83"
"10/24/1979","808.36"
"10/25/1979","808.46"
"10/26/1979","809.3"
"10/29/1979","808.62"
"10/30/1979","823.81"
"10/31/1979","815.7"
"11/1/1979","820.14"
"11/2/1979","818.94"
"11/5/1979","812.63"
"11/6/1979","806.48"
"11/7/1979","796.67"
"11/8/1979","797.61"
"11/9/1979","806.48"
"11/12/1979","821.93"
"11/13/1979","814.08"
"11/14/1979","816.55"
"11/15/1979","821.33"
"11/16/1979","815.7"
"11/19/1979","815.27"
"11/20/1979","809.22"
"11/21/1979","807.42"
"11/23/1979","811.77"
"11/26/1979","828.75"
"11/27/1979","825.85"
"11/28/1979","830.46"
"11/29/1979","831.74"
"11/30/1979","822.35"
"12/3/1979","819.62"
"12/4/1979","824.91"
"12/5/1979","828.41"
"12/6/1979","835.07"
"12/7/1979","833.19"
"12/10/1979","833.87"
"12/11/1979","833.7"
"12/12/1979","835.67"
"12/13/1979","836.09"
"12/14/1979","842.75"
"12/17/1979","844.62"
"12/18/1979","838.65"
"12/19/1979","838.91"
"12/20/1979","843.34"
"12/21/1979","838.91"
"12/24/1979","839.16"
"12/26/1979","838.14"
"12/27/1979","840.1"
"12/28/1979","838.91"
"12/31/1979","838.71"
"1/2/1980","824.57"
"1/3/1980","820.31"
"1/4/1980","828.84"
"1/7/1980","832"
"1/8/1980","851.71"
"1/9/1980","850.09"
"1/10/1980","858.96"
"1/11/1980","858.53"
"1/14/1980","863.57"
"1/15/1980","868.6"
"1/16/1980","865.19"
"1/17/1980","863.57"
"1/18/1980","867.15"
"1/21/1980","872.78"
"1/22/1980","866.21"
"1/23/1980","877.56"
"1/24/1980","879.95"
"1/25/1980","876.11"
"1/28/1980","878.5"
"1/29/1980","874.4"
"1/30/1980","881.91"
"1/31/1980","875.85"
"2/1/1980","881.48"
"2/4/1980","875.09"
"2/5/1980","876.62"
"2/6/1980","881.83"
"2/7/1980","885.49"
"2/8/1980","895.73"
"2/11/1980","889.59"
"2/12/1980","898.98"
"2/13/1980","903.84"
"2/14/1980","893.77"
"2/15/1980","884.98"
"2/19/1980","876.02"
"2/20/1980","886.86"
"2/21/1980","868.52"
"2/22/1980","868.77"
"2/25/1980","859.81"
"2/26/1980","864.25"
"2/27/1980","855.12"
"2/28/1980","854.44"
"2/29/1980","863.14"
"3/3/1980","854.35"
"3/4/1980","856.48"
"3/5/1980","844.88"
"3/6/1980","828.07"
"3/7/1980","820.56"
"3/10/1980","818.94"
"3/11/1980","826.45"
"3/12/1980","819.54"
"3/13/1980","809.56"
"3/14/1980","811.69"
"3/17/1980","788.65"
"3/18/1980","801.62"
"3/19/1980","800.94"
"3/20/1980","789.08"
"3/21/1980","785.15"
"3/24/1980","765.44"
"3/25/1980","767.83"
"3/26/1980","762.12"
"3/27/1980","759.98"
"3/28/1980","777.65"
"3/31/1980","785.75"
"4/1/1980","784.47"
"4/2/1980","787.8"
"4/3/1980","784.13"
"4/7/1980","768.34"
"4/8/1980","775"
"4/9/1980","785.92"
"4/10/1980","791.47"
"4/11/1980","791.55"
"4/14/1980","784.9"
"4/15/1980","783.36"
"4/16/1980","771.25"
"4/17/1980","768.86"
"4/18/1980","763.4"
"4/21/1980","759.13"
"4/22/1980","789.85"
"4/23/1980","789.25"
"4/24/1980","797.1"
"4/25/1980","803.58"
"4/28/1980","805.46"
"4/29/1980","811.09"
"4/30/1980","817.06"
"5/1/1980","808.79"
"5/2/1980","810.92"
"5/5/1980","816.3"
"5/6/1980","816.04"
"5/7/1980","821.25"
"5/8/1980","815.19"
"5/9/1980","805.8"
"5/12/1980","805.2"
"5/13/1980","816.89"
"5/14/1980","819.62"
"5/15/1980","822.53"
"5/16/1980","826.88"
"5/19/1980","830.89"
"5/20/1980","832.51"
"5/21/1980","831.06"
"5/22/1980","842.92"
"5/23/1980","854.1"
"5/27/1980","857.76"
"5/28/1980","860.32"
"5/29/1980","846.25"
"5/30/1980","850.85"
"6/2/1980","847.35"
"6/3/1980","843.77"
"6/4/1980","858.02"
"6/5/1980","858.7"
"6/6/1980","861.52"
"6/9/1980","860.67"
"6/10/1980","863.99"
"6/11/1980","872.7"
"6/12/1980","872.61"
"6/13/1980","876.37"
"6/16/1980","877.73"
"6/17/1980","879.27"
"6/18/1980","881.91"
"6/19/1980","870.9"
"6/20/1980","869.71"
"6/23/1980","873.81"
"6/24/1980","877.3"
"6/25/1980","887.54"
"6/26/1980","883.45"
"6/27/1980","881.83"
"6/30/1980","867.92"
"7/1/1980","872.27"
"7/2/1980","876.02"
"7/3/1980","888.91"
"7/7/1980","898.21"
"7/8/1980","897.35"
"7/9/1980","897.27"
"7/10/1980","885.92"
"7/11/1980","887.13"
"7/14/1980","905.55"
"7/15/1980","901.54"
"7/16/1980","904.44"
"7/17/1980","915.1"
"7/18/1980","923.98"
"7/21/1980","928.67"
"7/22/1980","927.3"
"7/23/1980","928.58"
"7/24/1980","926.11"
"7/25/1980","918.09"
"7/28/1980","925.43"
"7/29/1980","931.91"
"7/30/1980","936.18"
"7/31/1980","935.32"
"8/1/1980","931.48"
"8/4/1980","931.06"
"8/5/1980","929.78"
"8/6/1980","938.23"
"8/7/1980","950.94"
"8/8/1980","954.69"
"8/11/1980","964.08"
"8/12/1980","952.39"
"8/13/1980","949.23"
"8/14/1980","962.63"
"8/15/1980","966.72"
"8/18/1980","948.63"
"8/19/1980","939.85"
"8/20/1980","945.31"
"8/21/1980","955.03"
"8/22/1980","958.19"
"8/25/1980","956.23"
"8/26/1980","953.41"
"8/27/1980","943.09"
"8/28/1980","930.38"
"8/29/1980","932.59"
"9/2/1980","940.78"
"9/3/1980","953.16"
"9/4/1980","948.81"
"9/5/1980","940.96"
"9/8/1980","928.58"
"9/9/1980","934.73"
"9/10/1980","938.48"
"9/11/1980","941.3"
"9/12/1980","936.52"
"9/15/1980","937.63"
"9/16/1980","945.9"
"9/17/1980","961.26"
"9/18/1980","956.48"
"9/19/1980","963.74"
"9/22/1980","974.57"
"9/23/1980","962.03"
"9/24/1980","964.76"
"9/25/1980","955.97"
"9/26/1980","940.1"
"9/29/1980","921.93"
"9/30/1980","932.42"
"10/1/1980","939.42"
"10/2/1980","942.24"
"10/3/1980","950.68"
"10/6/1980","965.7"
"10/7/1980","960.67"
"10/8/1980","963.99"
"10/9/1980","958.96"
"10/10/1980","950.68"
"10/13/1980","959.9"
"10/14/1980","962.2"
"10/15/1980","972.44"
"10/16/1980","958.7"
"10/17/1980","956.14"
"10/20/1980","960.84"
"10/21/1980","954.44"
"10/22/1980","955.12"
"10/23/1980","939.51"
"10/24/1980","943.6"
"10/27/1980","931.74"
"10/28/1980","932.59"
"10/29/1980","929.18"
"10/30/1980","917.75"
"10/31/1980","924.49"
"11/3/1980","937.2"
"11/5/1980","953.16"
"11/6/1980","935.41"
"11/7/1980","932.42"
"11/10/1980","933.79"
"11/11/1980","944.03"
"11/12/1980","964.93"
"11/13/1980","982.42"
"11/14/1980","986.35"
"11/17/1980","986.26"
"11/18/1980","997.95"
"11/19/1980","991.04"
"11/20/1980","1000.17"
"11/21/1980","989.93"
"11/24/1980","978.75"
"11/25/1980","982.68"
"11/26/1980","989.68"
"11/28/1980","993.34"
"12/1/1980","969.46"
"12/2/1980","974.4"
"12/3/1980","972.27"
"12/4/1980","970.48"
"12/5/1980","956.23"
"12/8/1980","933.7"
"12/9/1980","934.04"
"12/10/1980","916.21"
"12/11/1980","908.45"
"12/12/1980","917.15"
"12/15/1980","911.6"
"12/16/1980","918.09"
"12/17/1980","928.5"
"12/18/1980","930.2"
"12/19/1980","937.2"
"12/22/1980","958.79"
"12/23/1980","958.28"
"12/24/1980","963.05"
"12/26/1980","966.38"
"12/29/1980","960.58"
"12/30/1980","962.03"
"12/31/1980","963.99"
"1/2/1981","972.78"
"1/5/1981","992.66"
"1/6/1981","1004.69"
"1/7/1981","980.89"
"1/8/1981","965.7"
"1/9/1981","968.69"
"1/12/1981","968.77"
"1/13/1981","965.1"
"1/14/1981","966.47"
"1/15/1981","969.97"
"1/16/1981","973.29"
"1/19/1981","970.99"
"1/20/1981","950.68"
"1/21/1981","946.25"
"1/22/1981","940.44"
"1/23/1981","940.19"
"1/26/1981","938.91"
"1/27/1981","949.49"
"1/28/1981","942.58"
"1/29/1981","948.89"
"1/30/1981","947.27"
"2/2/1981","932.25"
"2/3/1981","941.38"
"2/4/1981","941.98"
"2/5/1981","946.76"
"2/6/1981","952.3"
"2/9/1981","947.18"
"2/10/1981","948.63"
"2/11/1981","942.49"
"2/12/1981","936.6"
"2/13/1981","931.57"
"2/17/1981","939.68"
"2/18/1981","947.1"
"2/19/1981","933.36"
"2/20/1981","936.09"
"2/23/1981","945.23"
"2/24/1981","946.1"
"2/25/1981","954.4"
"2/26/1981","966.81"
"2/27/1981","974.58"
"3/2/1981","977.99"
"3/3/1981","966.02"
"3/4/1981","971.44"
"3/5/1981","964.62"
"3/6/1981","964.62"
"3/9/1981","976.42"
"3/10/1981","972.66"
"3/11/1981","967.67"
"3/12/1981","989.82"
"3/13/1981","985.77"
"3/16/1981","1002.79"
"3/17/1981","992.53"
"3/18/1981","994.06"
"3/19/1981","986.58"
"3/20/1981","992.8"
"3/23/1981","1004.23"
"3/24/1981","996.13"
"3/25/1981","1015.22"
"3/26/1981","1005.76"
"3/27/1981","994.78"
"3/30/1981","992.16"
"3/31/1981","1003.87"
"4/1/1981","1014.14"
"4/2/1981","1009.01"
"4/3/1981","1007.11"
"4/6/1981","994.24"
"4/7/1981","992.89"
"4/8/1981","993.43"
"4/9/1981","998.83"
"4/10/1981","1000.27"
"4/13/1981","993.16"
"4/14/1981","989.1"
"4/15/1981","1001.71"
"4/16/1981","1005.58"
"4/20/1981","1015.94"
"4/21/1981","1005.94"
"4/22/1981","1007.02"
"4/23/1981","1010.27"
"4/24/1981","1020.35"
"4/27/1981","1024.05"
"4/28/1981","1016.93"
"4/29/1981","1004.32"
"4/30/1981","997.75"
"5/1/1981","995.59"
"5/4/1981","979.11"
"5/5/1981","972.44"
"5/6/1981","973.34"
"5/7/1981","978.39"
"5/8/1981","976.4"
"5/11/1981","963.44"
"5/12/1981","970.82"
"5/13/1981","967.76"
"5/14/1981","973.07"
"5/15/1981","985.95"
"5/18/1981","985.77"
"5/19/1981","980.01"
"5/20/1981","976.86"
"5/21/1981","976.59"
"5/22/1981","971.72"
"5/26/1981","983.96"
"5/27/1981","993.14"
"5/28/1981","994.25"
"5/29/1981","991.75"
"6/1/1981","997.96"
"6/2/1981","987.48"
"6/3/1981","989.71"
"6/4/1981","986.74"
"6/5/1981","993.79"
"6/8/1981","995.64"
"6/9/1981","994.44"
"6/10/1981","993.88"
"6/11/1981","1007.42"
"6/12/1981","1006.28"
"6/15/1981","1011.99"
"6/16/1981","1003.33"
"6/17/1981","1006.56"
"6/18/1981","995.15"
"6/19/1981","996.19"
"6/22/1981","994.2"
"6/23/1981","1006.66"
"6/24/1981","999.33"
"6/25/1981","996.77"
"6/26/1981","992.87"
"6/29/1981","984.59"
"6/30/1981","976.88"
"7/1/1981","967.66"
"7/2/1981","959.19"
"7/6/1981","949.3"
"7/7/1981","954.15"
"7/8/1981","953.48"
"7/9/1981","959"
"7/10/1981","955.67"
"7/13/1981","954.34"
"7/14/1981","948.25"
"7/15/1981","954.15"
"7/16/1981","955.48"
"7/17/1981","958.9"
"7/20/1981","949.54"
"7/21/1981","934.46"
"7/22/1981","924.66"
"7/23/1981","928.56"
"7/24/1981","936.74"
"7/27/1981","945.87"
"7/28/1981","939.4"
"7/29/1981","937.4"
"7/30/1981","945.11"
"7/31/1981","952.34"
"8/3/1981","946.25"
"8/4/1981","945.97"
"8/5/1981","953.58"
"8/6/1981","952.91"
"8/7/1981","942.54"
"8/10/1981","943.68"
"8/11/1981","949.3"
"8/12/1981","945.21"
"8/13/1981","944.35"
"8/14/1981","936.93"
"8/17/1981","926.75"
"8/18/1981","924.37"
"8/19/1981","926.46"
"8/20/1981","928.37"
"8/21/1981","920.57"
"8/24/1981","900.11"
"8/25/1981","901.83"
"8/26/1981","899.26"
"8/27/1981","889.08"
"8/28/1981","892.22"
"8/31/1981","881.47"
"9/1/1981","882.71"
"9/2/1981","884.23"
"9/3/1981","867.01"
"9/4/1981","861.68"
"9/8/1981","851.12"
"9/9/1981","853.88"
"9/10/1981","862.44"
"9/11/1981","872.81"
"9/14/1981","866.15"
"9/15/1981","858.35"
"9/16/1981","851.6"
"9/17/1981","840.09"
"9/18/1981","836.19"
"9/21/1981","846.56"
"9/22/1981","845.7"
"9/23/1981","840.94"
"9/24/1981","835.14"
"9/25/1981","824.01"
"9/28/1981","842.56"
"9/29/1981","847.89"
"9/30/1981","849.98"
"10/1/1981","852.26"
"10/2/1981","860.73"
"10/5/1981","859.87"
"10/6/1981","856.26"
"10/7/1981","868.72"
"10/8/1981","878.14"
"10/9/1981","873"
"10/12/1981","869.48"
"10/13/1981","865.58"
"10/14/1981","850.65"
"10/15/1981","856.26"
"10/16/1981","851.69"
"10/19/1981","847.13"
"10/20/1981","851.88"
"10/21/1981","851.03"
"10/22/1981","848.27"
"10/23/1981","837.99"
"10/26/1981","830.96"
"10/27/1981","838.38"
"10/28/1981","837.61"
"10/29/1981","832.95"
"10/30/1981","852.55"
"11/2/1981","866.82"
"11/3/1981","868.72"
"11/4/1981","866.82"
"11/5/1981","859.11"
"11/6/1981","852.45"
"11/9/1981","855.21"
"11/10/1981","853.98"
"11/11/1981","857.12"
"11/12/1981","860.54"
"11/13/1981","855.88"
"11/16/1981","845.03"
"11/17/1981","850.17"
"11/18/1981","844.08"
"11/19/1981","844.75"
"11/20/1981","852.93"
"11/23/1981","851.79"
"11/24/1981","870.24"
"11/25/1981","878.14"
"11/27/1981","885.94"
"11/30/1981","888.98"
"12/1/1981","890.22"
"12/2/1981","882.61"
"12/3/1981","883.85"
"12/4/1981","892.69"
"12/7/1981","886.99"
"12/8/1981","881.75"
"12/9/1981","888.22"
"12/10/1981","892.03"
"12/11/1981","886.51"
"12/14/1981","871.48"
"12/15/1981","875.95"
"12/16/1981","868.72"
"12/17/1981","870.53"
"12/18/1981","875.76"
"12/21/1981","873.1"
"12/22/1981","871.96"
"12/23/1981","869.67"
"12/24/1981","873.38"
"12/28/1981","870.34"
"12/29/1981","868.25"
"12/30/1981","873.1"
"12/31/1981","875"
"1/4/1982","882.52"
"1/5/1982","865.3"
"1/6/1982","861.02"
"1/7/1982","861.78"
"1/8/1982","866.53"
"1/11/1982","850.46"
"1/12/1982","847.7"
"1/13/1982","838.95"
"1/14/1982","842.28"
"1/15/1982","847.6"
"1/18/1982","855.12"
"1/19/1982","847.41"
"1/20/1982","845.89"
"1/21/1982","848.27"
"1/22/1982","845.03"
"1/25/1982","842.75"
"1/26/1982","841.51"
"1/27/1982","842.66"
"1/28/1982","864.25"
"1/29/1982","871.1"
"2/1/1982","851.69"
"2/2/1982","852.55"
"2/3/1982","845.03"
"2/4/1982","847.03"
"2/5/1982","851.03"
"2/8/1982","833.43"
"2/9/1982","830.57"
"2/10/1982","836.66"
"2/11/1982","834.67"
"2/12/1982","833.81"
"2/16/1982","831.34"
"2/17/1982","827.63"
"2/18/1982","828.96"
"2/19/1982","824.3"
"2/22/1982","811.26"
"2/23/1982","812.98"
"2/24/1982","826.77"
"2/25/1982","825.82"
"2/26/1982","824.39"
"3/1/1982","828.39"
"3/2/1982","825.82"
"3/3/1982","815.16"
"3/4/1982","807.55"
"3/5/1982","807.36"
"3/8/1982","795.47"
"3/9/1982","803.84"
"3/10/1982","804.89"
"3/11/1982","805.56"
"3/12/1982","797.37"
"3/15/1982","800.99"
"3/16/1982","798.33"
"3/17/1982","795.85"
"3/18/1982","805.27"
"3/19/1982","805.65"
"3/22/1982","819.54"
"3/23/1982","826.67"
"3/24/1982","823.34"
"3/25/1982","827.63"
"3/26/1982","817.92"
"3/29/1982","823.82"
"3/30/1982","824.49"
"3/31/1982","822.77"
"4/1/1982","833.24"
"4/2/1982","838.57"
"4/5/1982","835.33"
"4/6/1982","839.33"
"4/7/1982","836.85"
"4/8/1982","842.94"
"4/12/1982","841.32"
"4/13/1982","841.04"
"4/14/1982","838.09"
"4/15/1982","839.61"
"4/16/1982","843.42"
"4/19/1982","846.08"
"4/20/1982","840.56"
"4/21/1982","843.42"
"4/22/1982","853.12"
"4/23/1982","862.16"
"4/26/1982","865.58"
"4/27/1982","857.5"
"4/28/1982","852.64"
"4/29/1982","844.94"
"4/30/1982","848.36"
"5/3/1982","849.03"
"5/4/1982","854.45"
"5/5/1982","854.45"
"5/6/1982","863.2"
"5/7/1982","869.2"
"5/10/1982","860.92"
"5/11/1982","865.87"
"5/12/1982","865.77"
"5/13/1982","859.11"
"5/14/1982","857.78"
"5/17/1982","845.32"
"5/18/1982","840.85"
"5/19/1982","835.9"
"5/20/1982","832.48"
"5/21/1982","835.9"
"5/24/1982","836.38"
"5/25/1982","834.57"
"5/26/1982","828.77"
"5/27/1982","824.96"
"5/28/1982","819.54"
"6/1/1982","814.97"
"6/2/1982","816.88"
"6/3/1982","816.5"
"6/4/1982","804.98"
"6/7/1982","804.03"
"6/8/1982","802.23"
"6/9/1982","795.57"
"6/10/1982","798.71"
"6/11/1982","809.74"
"6/14/1982","801.85"
"6/15/1982","801.27"
"6/16/1982","796.9"
"6/17/1982","791.48"
"6/18/1982","788.62"
"6/21/1982","789.95"
"6/22/1982","799.66"
"6/23/1982","813.17"
"6/24/1982","810.41"
"6/25/1982","803.08"
"6/28/1982","811.93"
"6/29/1982","812.21"
"6/30/1982","811.93"
"7/1/1982","803.27"
"7/2/1982","796.99"
"7/6/1982","798.9"
"7/7/1982","799.66"
"7/8/1982","804.98"
"7/9/1982","814.12"
"7/12/1982","824.87"
"7/13/1982","824.2"
"7/14/1982","828.39"
"7/15/1982","827.34"
"7/16/1982","828.67"
"7/19/1982","826.1"
"7/20/1982","833.43"
"7/21/1982","832.19"
"7/22/1982","832"
"7/23/1982","830.57"
"7/26/1982","825.44"
"7/27/1982","822.77"
"7/28/1982","811.83"
"7/29/1982","812.21"
"7/30/1982","808.6"
"8/2/1982","822.11"
"8/3/1982","816.4"
"8/4/1982","803.46"
"8/5/1982","795.85"
"8/6/1982","784.34"
"8/9/1982","780.35"
"8/10/1982","779.3"
"8/11/1982","777.21"
"8/12/1982","776.92"
"8/13/1982","788.05"
"8/16/1982","792.43"
"8/17/1982","831.24"
"8/18/1982","829.43"
"8/19/1982","838.57"
"8/20/1982","869.29"
"8/23/1982","891.17"
"8/24/1982","874.9"
"8/25/1982","884.89"
"8/26/1982","892.41"
"8/27/1982","883.47"
"8/30/1982","893.3"
"8/31/1982","901.31"
"9/1/1982","895.05"
"9/2/1982","909.4"
"9/3/1982","925.13"
"9/7/1982","914.28"
"9/8/1982","915.75"
"9/9/1982","912.53"
"9/10/1982","906.82"
"9/13/1982","918.69"
"9/14/1982","923.01"
"9/15/1982","930.46"
"9/16/1982","927.8"
"9/17/1982","916.94"
"9/20/1982","916.3"
"9/21/1982","934.79"
"9/22/1982","927.61"
"9/23/1982","925.77"
"9/24/1982","919.52"
"9/27/1982","920.9"
"9/28/1982","919.33"
"9/29/1982","906.27"
"9/30/1982","896.25"
"10/1/1982","907.74"
"10/4/1982","903.61"
"10/5/1982","907.19"
"10/6/1982","944.26"
"10/7/1982","965.97"
"10/8/1982","986.85"
"10/11/1982","1012.79"
"10/12/1982","1003.68"
"10/13/1982","1015.18"
"10/14/1982","996.87"
"10/15/1982","993.1"
"10/18/1982","1019.22"
"10/19/1982","1013.8"
"10/20/1982","1034.12"
"10/21/1982","1036.98"
"10/22/1982","1031.46"
"10/25/1982","995.13"
"10/26/1982","1006.07"
"10/27/1982","1006.35"
"10/28/1982","990.99"
"10/29/1982","991.72"
"11/1/1982","1005.7"
"11/2/1982","1022.08"
"11/3/1982","1065.49"
"11/4/1982","1050.22"
"11/5/1982","1051.78"
"11/8/1982","1037.44"
"11/9/1982","1060.25"
"11/10/1982","1044.52"
"11/11/1982","1054.73"
"11/12/1982","1039.92"
"11/15/1982","1021.43"
"11/16/1982","1008"
"11/17/1982","1027.5"
"11/18/1982","1032.1"
"11/19/1982","1021.25"
"11/22/1982","1000"
"11/23/1982","990.99"
"11/24/1982","1000"
"11/26/1982","1007.36"
"11/29/1982","1002.85"
"11/30/1982","1039.28"
"12/1/1982","1031.09"
"12/2/1982","1033.11"
"12/3/1982","1031.36"
"12/6/1982","1055.65"
"12/7/1982","1056.94"
"12/8/1982","1047.09"
"12/9/1982","1027.96"
"12/10/1982","1018.76"
"12/13/1982","1024.28"
"12/14/1982","1009.38"
"12/15/1982","992.64"
"12/16/1982","990.25"
"12/17/1982","1011.5"
"12/20/1982","1004.51"
"12/21/1982","1030.26"
"12/22/1982","1035.04"
"12/23/1982","1045.07"
"12/27/1982","1070.55"
"12/28/1982","1058.87"
"12/29/1982","1059.6"
"12/30/1982","1047.37"
"12/31/1982","1046.54"
"1/3/1983","1027.04"
"1/4/1983","1046.08"
"1/5/1983","1044.89"
"1/6/1983","1070.92"
"1/7/1983","1076.07"
"1/10/1983","1092.35"
"1/11/1983","1083.79"
"1/12/1983","1083.61"
"1/13/1983","1073.95"
"1/14/1983","1080.85"
"1/17/1983","1084.83"
"1/18/1983","1079.63"
"1/19/1983","1068.06"
"1/20/1983","1070.82"
"1/21/1983","1052.98"
"1/24/1983","1030.17"
"1/25/1983","1042.03"
"1/26/1983","1037.99"
"1/27/1983","1063.65"
"1/28/1983","1064.74"
"1/31/1983","1075.7"
"2/1/1983","1059.79"
"2/2/1983","1062.64"
"2/3/1983","1064.66"
"2/4/1983","1077.91"
"2/7/1983","1087.1"
"2/8/1983","1075.33"
"2/9/1983","1067.42"
"2/10/1983","1087.75"
"2/11/1983","1086.5"
"2/14/1983","1097.1"
"2/15/1983","1093.1"
"2/16/1983","1087.43"
"2/17/1983","1088.91"
"2/18/1983","1092.82"
"2/22/1983","1080.4"
"2/23/1983","1096.94"
"2/24/1983","1121.81"
"2/25/1983","1120.94"
"2/28/1983","1112.62"
"3/1/1983","1130.71"
"3/2/1983","1135.06"
"3/3/1983","1138.06"
"3/4/1983","1140.96"
"3/7/1983","1141.74"
"3/8/1983","1119.78"
"3/9/1983","1132.64"
"3/10/1983","1120.94"
"3/11/1983","1117.74"
"3/14/1983","1114.45"
"3/15/1983","1124.52"
"3/16/1983","1116"
"3/17/1983","1116.97"
"3/18/1983","1117.74"
"3/21/1983","1125.29"
"3/22/1983","1122.97"
"3/23/1983","1140.87"
"3/24/1983","1145.9"
"3/25/1983","1140.09"
"3/28/1983","1133.32"
"3/29/1983","1131.19"
"3/30/1983","1143.29"
"3/31/1983","1130.03"
"4/4/1983","1127.61"
"4/5/1983","1120.16"
"4/6/1983","1113.49"
"4/7/1983","1117.65"
"4/8/1983","1124.71"
"4/11/1983","1141.83"
"4/12/1983","1145.32"
"4/13/1983","1156.64"
"4/14/1983","1165.25"
"4/15/1983","1171.34"
"4/18/1983","1183.24"
"4/19/1983","1174.54"
"4/20/1983","1191.47"
"4/21/1983","1188.27"
"4/22/1983","1196.3"
"4/25/1983","1187.21"
"4/26/1983","1209.46"
"4/27/1983","1208.4"
"4/28/1983","1219.52"
"4/29/1983","1226.2"
"5/2/1983","1204.33"
"5/3/1983","1208.01"
"5/4/1983","1212.65"
"5/5/1983","1219.72"
"5/6/1983","1232.59"
"5/9/1983","1228.23"
"5/10/1983","1229.68"
"5/11/1983","1219.72"
"5/12/1983","1214.4"
"5/13/1983","1218.75"
"5/16/1983","1202.98"
"5/17/1983","1205.79"
"5/18/1983","1203.56"
"5/19/1983","1191.37"
"5/20/1983","1190.02"
"5/23/1983","1200.56"
"5/24/1983","1219.04"
"5/25/1983","1229.01"
"5/26/1983","1223.49"
"5/27/1983","1216.14"
"5/31/1983","1199.98"
"6/1/1983","1202.21"
"6/2/1983","1211.44"
"6/3/1983","1213.04"
"6/6/1983","1214.24"
"6/7/1983","1194.91"
"6/8/1983","1185.5"
"6/9/1983","1189"
"6/10/1983","1196.11"
"6/13/1983","1220.55"
"6/14/1983","1227.26"
"6/15/1983","1237.28"
"6/16/1983","1248.3"
"6/17/1983","1242.19"
"6/20/1983","1239.18"
"6/21/1983","1247.4"
"6/22/1983","1245.69"
"6/23/1983","1241.79"
"6/24/1983","1241.69"
"6/27/1983","1229.47"
"6/28/1983","1209.23"
"6/29/1983","1213.84"
"6/30/1983","1221.96"
"7/1/1983","1225.26"
"7/5/1983","1208.53"
"7/6/1983","1220.65"
"7/7/1983","1210.44"
"7/8/1983","1207.23"
"7/11/1983","1215.54"
"7/12/1983","1198.52"
"7/13/1983","1197.82"
"7/14/1983","1204.33"
"7/15/1983","1192.31"
"7/18/1983","1189.9"
"7/19/1983","1197.12"
"7/20/1983","1227.86"
"7/21/1983","1229.37"
"7/22/1983","1231.17"
"7/25/1983","1232.87"
"7/26/1983","1243.69"
"7/27/1983","1230.47"
"7/28/1983","1216.35"
"7/29/1983","1199.22"
"8/1/1983","1194.21"
"8/2/1983","1188"
"8/3/1983","1197.82"
"8/4/1983","1183.09"
"8/5/1983","1183.29"
"8/8/1983","1163.06"
"8/9/1983","1168.27"
"8/10/1983","1175.98"
"8/11/1983","1174.39"
"8/12/1983","1182.83"
"8/15/1983","1193.5"
"8/16/1983","1190.45"
"8/17/1983","1206.5"
"8/18/1983","1192.48"
"8/19/1983","1194.21"
"8/22/1983","1203.15"
"8/23/1983","1192.89"
"8/24/1983","1184.25"
"8/25/1983","1185.01"
"8/26/1983","1192.07"
"8/29/1983","1194.11"
"8/30/1983","1196.04"
"8/31/1983","1216.16"
"9/1/1983","1206.81"
"9/2/1983","1215.45"
"9/6/1983","1238.72"
"9/7/1983","1244.11"
"9/8/1983","1246.14"
"9/9/1983","1239.74"
"9/12/1983","1229.07"
"9/13/1983","1224.09"
"9/14/1983","1229.47"
"9/15/1983","1215.04"
"9/16/1983","1225.71"
"9/19/1983","1233.94"
"9/20/1983","1249.19"
"9/21/1983","1243.29"
"9/22/1983","1257.52"
"9/23/1983","1255.59"
"9/26/1983","1260.77"
"9/27/1983","1247.97"
"9/28/1983","1241.97"
"9/29/1983","1240.14"
"9/30/1983","1233.13"
"10/3/1983","1231.3"
"10/4/1983","1236.69"
"10/5/1983","1250.2"
"10/6/1983","1268.8"
"10/7/1983","1272.15"
"10/10/1983","1284.65"
"10/11/1983","1265.14"
"10/12/1983","1259.65"
"10/13/1983","1261.38"
"10/14/1983","1263.52"
"10/17/1983","1268.7"
"10/18/1983","1250.81"
"10/19/1983","1246.75"
"10/20/1983","1251.52"
"10/21/1983","1248.88"
"10/24/1983","1248.98"
"10/25/1983","1252.44"
"10/26/1983","1243.8"
"10/27/1983","1242.07"
"10/28/1983","1223.48"
"10/31/1983","1225.2"
"11/1/1983","1229.27"
"11/2/1983","1237.3"
"11/3/1983","1227.13"
"11/4/1983","1218.29"
"11/7/1983","1214.84"
"11/8/1983","1214.94"
"11/9/1983","1232.52"
"11/10/1983","1235.87"
"11/11/1983","1250.2"
"11/14/1983","1254.07"
"11/15/1983","1247.97"
"11/16/1983","1251.32"
"11/17/1983","1254.67"
"11/18/1983","1251.02"
"11/21/1983","1268.8"
"11/22/1983","1275.81"
"11/23/1983","1275.61"
"11/25/1983","1277.44"
"11/28/1983","1269.82"
"11/29/1983","1287.2"
"11/30/1983","1276.02"
"12/1/1983","1275.1"
"12/2/1983","1265.24"
"12/5/1983","1270.53"
"12/6/1983","1269.31"
"12/7/1983","1273.78"
"12/8/1983","1261.89"
"12/9/1983","1260.06"
"12/12/1983","1261.59"
"12/13/1983","1255.89"
"12/14/1983","1246.65"
"12/15/1983","1236.79"
"12/16/1983","1242.17"
"12/19/1983","1244.61"
"12/20/1983","1241.97"
"12/21/1983","1254.98"
"12/22/1983","1253.66"
"12/23/1983","1250.51"
"12/27/1983","1263.72"
"12/28/1983","1263.21"
"12/29/1983","1260.16"
"12/30/1983","1258.64"
"1/3/1984","1252.74"
"1/4/1984","1269.05"
"1/5/1984","1282.24"
"1/6/1984","1286.64"
"1/9/1984","1286.22"
"1/10/1984","1278.48"
"1/11/1984","1277.32"
"1/12/1984","1279.31"
"1/13/1984","1270.1"
"1/16/1984","1267.59"
"1/17/1984","1271.46"
"1/18/1984","1269.37"
"1/19/1984","1266.02"
"1/20/1984","1259.11"
"1/23/1984","1244.45"
"1/24/1984","1242.88"
"1/25/1984","1231.89"
"1/26/1984","1229.69"
"1/27/1984","1230"
"1/30/1984","1221.52"
"1/31/1984","1220.58"
"2/1/1984","1212.31"
"2/2/1984","1213.88"
"2/3/1984","1197.03"
"2/6/1984","1174.31"
"2/7/1984","1180.49"
"2/8/1984","1156.3"
"2/9/1984","1152.74"
"2/10/1984","1160.7"
"2/13/1984","1150.13"
"2/14/1984","1163.84"
"2/15/1984","1158.71"
"2/16/1984","1154.94"
"2/17/1984","1148.87"
"2/21/1984","1139.34"
"2/22/1984","1134.21"
"2/23/1984","1134.63"
"2/24/1984","1165.1"
"2/27/1984","1179.96"
"2/28/1984","1157.14"
"2/29/1984","1154.65"
"3/1/1984","1159.44"
"3/2/1984","1171.48"
"3/5/1984","1165.2"
"3/6/1984","1152.53"
"3/7/1984","1143.63"
"3/8/1984","1147.09"
"3/9/1984","1139.76"
"3/12/1984","1155.36"
"3/13/1984","1164.78"
"3/14/1984","1166.04"
"3/15/1984","1167.4"
"3/16/1984","1184.36"
"3/19/1984","1171.38"
"3/20/1984","1175.77"
"3/21/1984","1170.85"
"3/22/1984","1155.88"
"3/23/1984","1154.84"
"3/26/1984","1152.95"
"3/27/1984","1154.31"
"3/28/1984","1174.62"
"3/29/1984","1170.75"
"3/30/1984","1164.89"
"4/2/1984","1153.16"
"4/3/1984","1148.76"
"4/4/1984","1148.56"
"4/5/1984","1130.55"
"4/6/1984","1132.22"
"4/9/1984","1133.9"
"4/10/1984","1138.3"
"4/11/1984","1130.97"
"4/12/1984","1157.14"
"4/13/1984","1150.13"
"4/16/1984","1160.28"
"4/17/1984","1164.57"
"4/18/1984","1156.51"
"4/19/1984","1158.08"
"4/23/1984","1149.5"
"4/24/1984","1162.9"
"4/25/1984","1163.53"
"4/26/1984","1175.25"
"4/27/1984","1169.07"
"4/30/1984","1170.75"
"5/1/1984","1183.06"
"5/2/1984","1186.56"
"5/3/1984","1181.53"
"5/4/1984","1165.31"
"5/7/1984","1166.56"
"5/8/1984","1176.3"
"5/9/1984","1165.52"
"5/10/1984","1167.19"
"5/11/1984","1157.14"
"5/14/1984","1151.07"
"5/15/1984","1150.86"
"5/16/1984","1153.16"
"5/17/1984","1142.27"
"5/18/1984","1133.79"
"5/21/1984","1125.31"
"5/22/1984","1116.62"
"5/23/1984","1113.8"
"5/24/1984","1103.43"
"5/25/1984","1107.1"
"5/29/1984","1101.24"
"5/30/1984","1102.59"
"5/31/1984","1104.85"
"6/1/1984","1124.35"
"6/4/1984","1131.57"
"6/5/1984","1124.89"
"6/6/1984","1133.84"
"6/7/1984","1132.44"
"6/8/1984","1131.25"
"6/11/1984","1115.61"
"6/12/1984","1110.53"
"6/13/1984","1110.53"
"6/14/1984","1097.61"
"6/15/1984","1086.9"
"6/18/1984","1109.65"
"6/19/1984","1115.83"
"6/20/1984","1131.63"
"6/21/1984","1127.21"
"6/22/1984","1131.07"
"6/25/1984","1130.52"
"6/26/1984","1122.79"
"6/27/1984","1116.72"
"6/28/1984","1126.55"
"6/29/1984","1132.4"
"7/2/1984","1130.08"
"7/3/1984","1134.28"
"7/5/1984","1124.56"
"7/6/1984","1122.57"
"7/9/1984","1134.05"
"7/10/1984","1126.88"
"7/11/1984","1108.55"
"7/12/1984","1104.57"
"7/13/1984","1109.87"
"7/16/1984","1116.83"
"7/17/1984","1122.9"
"7/18/1984","1111.64"
"7/19/1984","1102.92"
"7/20/1984","1101.37"
"7/23/1984","1096.62"
"7/24/1984","1086.57"
"7/25/1984","1096.95"
"7/26/1984","1107.55"
"7/27/1984","1114.62"
"7/30/1984","1109.98"
"7/31/1984","1115.28"
"8/1/1984","1134.61"
"8/2/1984","1166.08"
"8/3/1984","1202.08"
"8/6/1984","1202.96"
"8/7/1984","1204.62"
"8/8/1984","1196.11"
"8/9/1984","1224.05"
"8/10/1984","1218.09"
"8/13/1984","1220.08"
"8/14/1984","1214.11"
"8/15/1984","1198.98"
"8/16/1984","1209.14"
"8/17/1984","1211.9"
"8/20/1984","1216.98"
"8/21/1984","1239.73"
"8/22/1984","1231.78"
"8/23/1984","1232.44"
"8/24/1984","1236.53"
"8/27/1984","1227.92"
"8/28/1984","1232.11"
"8/29/1984","1226.92"
"8/30/1984","1223.28"
"8/31/1984","1224.38"
"9/4/1984","1212.35"
"9/5/1984","1209.03"
"9/6/1984","1218.86"
"9/7/1984","1207.38"
"9/10/1984","1202.52"
"9/11/1984","1197.99"
"9/12/1984","1200.31"
"9/13/1984","1228.25"
"9/14/1984","1237.52"
"9/17/1984","1237.08"
"9/18/1984","1226.26"
"9/19/1984","1213.01"
"9/20/1984","1216.54"
"9/21/1984","1201.74"
"9/24/1984","1205.06"
"9/25/1984","1207.16"
"9/26/1984","1212.12"
"9/27/1984","1216.76"
"9/28/1984","1206.74"
"10/1/1984","1198.98"
"10/2/1984","1191.36"
"10/3/1984","1182.86"
"10/4/1984","1187.39"
"10/5/1984","1182.53"
"10/8/1984","1177.89"
"10/9/1984","1175.13"
"10/10/1984","1177.23"
"10/11/1984","1183.08"
"10/12/1984","1190.7"
"10/15/1984","1202.96"
"10/16/1984","1197.77"
"10/17/1984","1195.89"
"10/18/1984","1225.38"
"10/19/1984","1225.93"
"10/22/1984","1217.2"
"10/23/1984","1213.01"
"10/24/1984","1216.43"
"10/25/1984","1211.02"
"10/26/1984","1204.95"
"10/29/1984","1201.41"
"10/30/1984","1217.31"
"10/31/1984","1207.38"
"11/1/1984","1217.09"
"11/2/1984","1216.65"
"11/5/1984","1229.24"
"11/6/1984","1244.15"
"11/7/1984","1233.22"
"11/8/1984","1228.69"
"11/9/1984","1218.97"
"11/12/1984","1219.19"
"11/13/1984","1206.6"
"11/14/1984","1206.93"
"11/15/1984","1206.16"
"11/16/1984","1187.94"
"11/19/1984","1185.29"
"11/20/1984","1195.12"
"11/21/1984","1201.52"
"11/23/1984","1220.3"
"11/26/1984","1212.35"
"11/27/1984","1220.19"
"11/28/1984","1205.39"
"11/29/1984","1193.46"
"11/30/1984","1188.94"
"12/3/1984","1182.42"
"12/4/1984","1185.07"
"12/5/1984","1171.6"
"12/6/1984","1170.49"
"12/7/1984","1163.21"
"12/10/1984","1172.26"
"12/11/1984","1178.33"
"12/12/1984","1175.13"
"12/13/1984","1168.84"
"12/14/1984","1175.91"
"12/17/1984","1176.79"
"12/18/1984","1211.57"
"12/19/1984","1208.04"
"12/20/1984","1203.29"
"12/21/1984","1198.98"
"12/24/1984","1210.14"
"12/26/1984","1208.92"
"12/27/1984","1202.52"
"12/28/1984","1204.17"
"12/31/1984","1211.57"
"1/2/1985","1198.87"
"1/3/1985","1189.82"
"1/4/1985","1184.96"
"1/7/1985","1190.59"
"1/8/1985","1191.7"
"1/9/1985","1202.74"
"1/10/1985","1223.5"
"1/11/1985","1218.09"
"1/14/1985","1234.54"
"1/15/1985","1230.79"
"1/16/1985","1230.68"
"1/17/1985","1228.69"
"1/18/1985","1227.36"
"1/21/1985","1261.37"
"1/22/1985","1259.5"
"1/23/1985","1274.73"
"1/24/1985","1270.43"
"1/25/1985","1276.06"
"1/28/1985","1277.83"
"1/29/1985","1292.62"
"1/30/1985","1287.88"
"1/31/1985","1286.77"
"2/1/1985","1277.72"
"2/4/1985","1290.08"
"2/5/1985","1285.23"
"2/6/1985","1280.59"
"2/7/1985","1290.08"
"2/8/1985","1289.97"
"2/11/1985","1276.06"
"2/12/1985","1276.61"
"2/13/1985","1297.92"
"2/14/1985","1287.88"
"2/15/1985","1282.02"
"2/19/1985","1280.59"
"2/20/1985","1283.13"
"2/21/1985","1279.04"
"2/22/1985","1275.84"
"2/25/1985","1277.5"
"2/26/1985","1286.11"
"2/27/1985","1281.03"
"2/28/1985","1284.01"
"3/1/1985","1299.36"
"3/4/1985","1289.53"
"3/5/1985","1291.85"
"3/6/1985","1280.37"
"3/7/1985","1271.53"
"3/8/1985","1269.66"
"3/11/1985","1268.55"
"3/12/1985","1271.75"
"3/13/1985","1261.7"
"3/14/1985","1260.05"
"3/15/1985","1247.35"
"3/18/1985","1249.67"
"3/19/1985","1271.09"
"3/20/1985","1265.24"
"3/21/1985","1268.22"
"3/22/1985","1267.45"
"3/25/1985","1259.94"
"3/26/1985","1259.72"
"3/27/1985","1264.91"
"3/28/1985","1260.71"
"3/29/1985","1266.78"
"4/1/1985","1272.75"
"4/2/1985","1265.68"
"4/3/1985","1258.06"
"4/4/1985","1259.05"
"4/8/1985","1252.98"
"4/9/1985","1253.86"
"4/10/1985","1259.94"
"4/11/1985","1263.69"
"4/12/1985","1265.68"
"4/15/1985","1266.78"
"4/16/1985","1269.55"
"4/17/1985","1272.31"
"4/18/1985","1265.13"
"4/19/1985","1266.56"
"4/22/1985","1266.56"
"4/23/1985","1278.71"
"4/24/1985","1278.49"
"4/25/1985","1284.78"
"4/26/1985","1275.18"
"4/29/1985","1259.72"
"4/30/1985","1258.06"
"5/1/1985","1242.05"
"5/2/1985","1242.27"
"5/3/1985","1247.24"
"5/6/1985","1247.79"
"5/7/1985","1252.76"
"5/8/1985","1249.78"
"5/9/1985","1260.27"
"5/10/1985","1274.18"
"5/13/1985","1277.5"
"5/14/1985","1273.3"
"5/15/1985","1273.52"
"5/16/1985","1278.05"
"5/17/1985","1285.34"
"5/20/1985","1304.88"
"5/21/1985","1309.7"
"5/22/1985","1303.76"
"5/23/1985","1296.71"
"5/24/1985","1301.97"
"5/28/1985","1301.52"
"5/29/1985","1302.98"
"5/30/1985","1305.78"
"5/31/1985","1315.41"
"6/3/1985","1310.93"
"6/4/1985","1315.3"
"6/5/1985","1320.56"
"6/6/1985","1327.28"
"6/7/1985","1316.42"
"6/10/1985","1318.44"
"6/11/1985","1313.84"
"6/12/1985","1306.34"
"6/13/1985","1290.1"
"6/14/1985","1300.96"
"6/17/1985","1298.39"
"6/18/1985","1304.77"
"6/19/1985","1297.38"
"6/20/1985","1299.73"
"6/21/1985","1324.48"
"6/24/1985","1320.56"
"6/25/1985","1323.03"
"6/26/1985","1323.81"
"6/27/1985","1332.21"
"6/28/1985","1335.46"
"7/1/1985","1337.14"
"7/2/1985","1334.01"
"7/3/1985","1326.39"
"7/5/1985","1334.45"
"7/8/1985","1328.41"
"7/9/1985","1321.91"
"7/10/1985","1332.89"
"7/11/1985","1337.7"
"7/12/1985","1338.6"
"7/15/1985","1335.46"
"7/16/1985","1347.89"
"7/17/1985","1357.97"
"7/18/1985","1350.92"
"7/19/1985","1359.54"
"7/22/1985","1357.64"
"7/23/1985","1351.81"
"7/24/1985","1348.9"
"7/25/1985","1353.61"
"7/26/1985","1357.08"
"7/29/1985","1343.86"
"7/30/1985","1346.1"
"7/31/1985","1347.45"
"8/1/1985","1355.62"
"8/2/1985","1353.05"
"8/5/1985","1346.89"
"8/6/1985","1325.16"
"8/7/1985","1325.04"
"8/8/1985","1329.86"
"8/9/1985","1320.79"
"8/12/1985","1314.29"
"8/13/1985","1315.3"
"8/14/1985","1316.98"
"8/15/1985","1317.76"
"8/16/1985","1312.72"
"8/19/1985","1312.5"
"8/20/1985","1323.7"
"8/21/1985","1329.53"
"8/22/1985","1318.1"
"8/23/1985","1318.32"
"8/26/1985","1317.65"
"8/27/1985","1322.47"
"8/28/1985","1331.09"
"8/29/1985","1335.13"
"8/30/1985","1334.01"
"9/3/1985","1329.19"
"9/4/1985","1326.72"
"9/5/1985","1325.83"
"9/6/1985","1335.69"
"9/9/1985","1339.27"
"9/10/1985","1333.45"
"9/11/1985","1319.44"
"9/12/1985","1312.39"
"9/13/1985","1307.68"
"9/16/1985","1309.14"
"9/17/1985","1298.16"
"9/18/1985","1300.4"
"9/19/1985","1306.79"
"9/20/1985","1297.94"
"9/23/1985","1316.31"
"9/24/1985","1321.12"
"9/25/1985","1312.05"
"9/26/1985","1320.79"
"9/30/1985","1328.63"
"10/1/1985","1340.95"
"10/2/1985","1333.67"
"10/3/1985","1333.11"
"10/4/1985","1328.74"
"10/7/1985","1324.37"
"10/8/1985","1325.49"
"10/9/1985","1326.72"
"10/10/1985","1328.07"
"10/11/1985","1339.94"
"10/14/1985","1354.73"
"10/15/1985","1350.81"
"10/16/1985","1368.5"
"10/17/1985","1369.29"
"10/18/1985","1368.84"
"10/21/1985","1364.14"
"10/22/1985","1364.36"
"10/23/1985","1367.16"
"10/24/1985","1362.34"
"10/25/1985","1356.52"
"10/28/1985","1359.99"
"10/29/1985","1368.73"
"10/30/1985","1375.57"
"10/31/1985","1374.31"
"11/1/1985","1390.25"
"11/4/1985","1389.68"
"11/5/1985","1396.67"
"11/6/1985","1403.44"
"11/7/1985","1399.54"
"11/8/1985","1404.36"
"11/11/1985","1431.88"
"11/12/1985","1433.6"
"11/13/1985","1427.75"
"11/14/1985","1439.22"
"11/15/1985","1435.09"
"11/18/1985","1440.02"
"11/19/1985","1438.99"
"11/20/1985","1439.22"
"11/21/1985","1462.27"
"11/22/1985","1464.33"
"11/25/1985","1456.65"
"11/26/1985","1456.77"
"11/27/1985","1475.69"
"11/29/1985","1472.13"
"12/2/1985","1457.91"
"12/3/1985","1459.06"
"12/4/1985","1484.4"
"12/5/1985","1482.91"
"12/6/1985","1477.18"
"12/9/1985","1497.02"
"12/10/1985","1499.2"
"12/11/1985","1511.7"
"12/12/1985","1511.24"
"12/13/1985","1535.21"
"12/16/1985","1553.1"
"12/17/1985","1544.5"
"12/18/1985","1542.43"
"12/19/1985","1543.92"
"12/20/1985","1543"
"12/23/1985","1528.78"
"12/24/1985","1519.15"
"12/26/1985","1526.49"
"12/27/1985","1543"
"12/30/1985","1550.46"
"12/31/1985","1546.67"
"1/2/1986","1537.73"
"1/3/1986","1549.2"
"1/6/1986","1547.59"
"1/7/1986","1565.71"
"1/8/1986","1526.61"
"1/9/1986","1518.23"
"1/10/1986","1513.53"
"1/13/1986","1520.53"
"1/14/1986","1519.04"
"1/15/1986","1527.29"
"1/16/1986","1541.63"
"1/17/1986","1536.7"
"1/20/1986","1529.13"
"1/21/1986","1514.45"
"1/22/1986","1502.29"
"1/23/1986","1511.24"
"1/24/1986","1529.93"
"1/27/1986","1537.61"
"1/28/1986","1556.42"
"1/29/1986","1558.94"
"1/30/1986","1552.18"
"1/31/1986","1570.99"
"2/3/1986","1594.27"
"2/4/1986","1593.23"
"2/5/1986","1593.12"
"2/6/1986","1600.69"
"2/7/1986","1613.42"
"2/10/1986","1626.38"
"2/11/1986","1622.82"
"2/12/1986","1629.93"
"2/13/1986","1645.07"
"2/14/1986","1664.45"
"2/18/1986","1678.78"
"2/19/1986","1658.26"
"2/20/1986","1672.82"
"2/21/1986","1697.71"
"2/24/1986","1698.28"
"2/25/1986","1692.66"
"2/26/1986","1696.9"
"2/27/1986","1713.99"
"2/28/1986","1709.06"
"3/3/1986","1696.67"
"3/4/1986","1686.42"
"3/5/1986","1686.66"
"3/6/1986","1696.6"
"3/7/1986","1699.83"
"3/10/1986","1702.95"
"3/11/1986","1746.05"
"3/12/1986","1745.45"
"3/13/1986","1753.71"
"3/14/1986","1792.74"
"3/17/1986","1776.82"
"3/18/1986","1789.87"
"3/19/1986","1787.95"
"3/20/1986","1804.24"
"3/21/1986","1768.56"
"3/24/1986","1782.93"
"3/25/1986","1778.5"
"3/26/1986","1810.7"
"3/27/1986","1821.72"
"3/31/1986","1818.61"
"4/1/1986","1790.11"
"4/2/1986","1795.26"
"4/3/1986","1766.4"
"4/4/1986","1739.22"
"4/7/1986","1735.51"
"4/8/1986","1769.76"
"4/9/1986","1778.62"
"4/10/1986","1794.3"
"4/11/1986","1790.18"
"4/14/1986","1805.31"
"4/15/1986","1809.65"
"4/16/1986","1847.97"
"4/17/1986","1855.03"
"4/18/1986","1840.4"
"4/21/1986","1855.9"
"4/22/1986","1830.98"
"4/23/1986","1829.61"
"4/24/1986","1831.72"
"4/25/1986","1835.57"
"4/28/1986","1843.75"
"4/29/1986","1825.89"
"4/30/1986","1783.98"
"5/1/1986","1777.78"
"5/2/1986","1774.68"
"5/5/1986","1793.77"
"5/6/1986","1787.95"
"5/7/1986","1775.3"
"5/8/1986","1786.21"
"5/9/1986","1789.43"
"5/12/1986","1787.33"
"5/13/1986","1785.34"
"5/14/1986","1808.28"
"5/15/1986","1774.68"
"5/16/1986","1759.8"
"5/19/1986","1758.18"
"5/20/1986","1783.98"
"5/21/1986","1775.17"
"5/22/1986","1806.3"
"5/23/1986","1823.29"
"5/27/1986","1853.03"
"5/28/1986","1878.28"
"5/29/1986","1882.35"
"5/30/1986","1876.71"
"6/2/1986","1861.95"
"6/3/1986","1870.43"
"6/4/1986","1863.29"
"6/5/1986","1879.44"
"6/6/1986","1885.9"
"6/9/1986","1840.15"
"6/10/1986","1837.19"
"6/11/1986","1846.07"
"6/12/1986","1838.13"
"6/13/1986","1874.19"
"6/16/1986","1871.77"
"6/17/1986","1865.78"
"6/18/1986","1868.94"
"6/19/1986","1855.86"
"6/20/1986","1879.54"
"6/23/1986","1864.26"
"6/24/1986","1875.55"
"6/25/1986","1885.05"
"6/26/1986","1880.2"
"6/27/1986","1885.26"
"6/30/1986","1892.72"
"7/1/1986","1903.54"
"7/2/1986","1909.03"
"7/3/1986","1900.87"
"7/7/1986","1839"
"7/8/1986","1820.73"
"7/9/1986","1826.07"
"7/10/1986","1831.83"
"7/11/1986","1821.43"
"7/14/1986","1793.45"
"7/15/1986","1768.7"
"7/16/1986","1774.18"
"7/17/1986","1781.78"
"7/18/1986","1777.98"
"7/21/1986","1779.11"
"7/22/1986","1795.13"
"7/23/1986","1798.37"
"7/24/1986","1791.62"
"7/25/1986","1810.04"
"7/28/1986","1773.9"
"7/29/1986","1766.87"
"7/30/1986","1779.39"
"7/31/1986","1775.31"
"8/1/1986","1763.64"
"8/4/1986","1769.97"
"8/5/1986","1777"
"8/6/1986","1779.53"
"8/7/1986","1786.28"
"8/8/1986","1782.62"
"8/11/1986","1811.16"
"8/12/1986","1835.49"
"8/13/1986","1844.49"
"8/14/1986","1844.91"
"8/15/1986","1855.6"
"8/18/1986","1869.52"
"8/19/1986","1862.91"
"8/20/1986","1881.33"
"8/21/1986","1881.19"
"8/22/1986","1887.8"
"8/25/1986","1871.77"
"8/26/1986","1904.25"
"8/27/1986","1904.53"
"8/28/1986","1900.17"
"8/29/1986","1898.34"
"9/2/1986","1870.36"
"9/3/1986","1881.33"
"9/4/1986","1919.71"
"9/5/1986","1899.75"
"9/8/1986","1888.64"
"9/9/1986","1884.14"
"9/10/1986","1879.5"
"9/11/1986","1792.89"
"9/12/1986","1758.72"
"9/15/1986","1767.58"
"9/16/1986","1778.54"
"9/17/1986","1769.4"
"9/18/1986","1774.18"
"9/19/1986","1762.65"
"9/22/1986","1793.45"
"9/23/1986","1797.81"
"9/24/1986","1803.29"
"9/25/1986","1768.56"
"9/26/1986","1769.69"
"9/29/1986","1755.2"
"9/30/1986","1767.58"
"10/1/1986","1782.9"
"10/2/1986","1781.21"
"10/3/1986","1774.18"
"10/6/1986","1784.45"
"10/7/1986","1784.45"
"10/8/1986","1803.85"
"10/9/1986","1796.82"
"10/10/1986","1793.17"
"10/13/1986","1798.37"
"10/14/1986","1800.2"
"10/15/1986","1831.69"
"10/16/1986","1836.19"
"10/17/1986","1837.04"
"10/20/1986","1811.02"
"10/21/1986","1805.68"
"10/22/1986","1808.35"
"10/23/1986","1834.93"
"10/24/1986","1832.26"
"10/27/1986","1841.82"
"10/28/1986","1845.47"
"10/29/1986","1851.8"
"10/30/1986","1878.37"
"10/31/1986","1877.81"
"11/3/1986","1894.26"
"11/4/1986","1892.44"
"11/5/1986","1899.04"
"11/6/1986","1891.59"
"11/7/1986","1886.53"
"11/10/1986","1892.29"
"11/11/1986","1895.95"
"11/12/1986","1893.7"
"11/13/1986","1862.2"
"11/14/1986","1873.59"
"11/17/1986","1860.52"
"11/18/1986","1817.21"
"11/19/1986","1826.63"
"11/20/1986","1860.66"
"11/21/1986","1893.56"
"11/24/1986","1906.07"
"11/25/1986","1912.12"
"11/26/1986","1916.76"
"11/28/1986","1914.23"
"12/1/1986","1912.68"
"12/2/1986","1955.57"
"12/3/1986","1947.27"
"12/4/1986","1939.68"
"12/5/1986","1925.06"
"12/8/1986","1930.26"
"12/9/1986","1916.9"
"12/10/1986","1932.93"
"12/11/1986","1923.65"
"12/12/1986","1912.26"
"12/15/1986","1922.81"
"12/16/1986","1936.16"
"12/17/1986","1918.31"
"12/18/1986","1912.82"
"12/19/1986","1928.85"
"12/22/1986","1926.18"
"12/23/1986","1914.37"
"12/24/1986","1926.88"
"12/26/1986","1930.4"
"12/29/1986","1912.12"
"12/30/1986","1908.61"
"12/31/1986","1895.95"
