"Citation: Samuel H. Williamson, 'Daily Closing Value of the Dow Jones Average, 1885 to Present,' MeasuringWorth, 2026. "
"Date","DJIA"
"12/31/1914","54.58"
"1/2/1915","54.63"
"1/4/1915","55.44"
"1/5/1915","55.5"
"1/6/1915","55.4"
"1/7/1915","56.08"
"1/8/1915","56.55"
"1/9/1915","56.54"
"1/11/1915","57.37"
"1/12/1915","57.44"
"1/13/1915","57.35"
"1/14/1915","57.51"
"1/15/1915","57.9"
"1/16/1915","57.19"
"1/18/1915","58.12"
"1/19/1915","58.11"
"1/20/1915","58.42"
"1/21/1915","58.51"
"1/22/1915","58.21"
"1/23/1915","58.52"
"1/25/1915","58.06"
"1/26/1915","58.24"
"1/27/1915","57.07"
"1/28/1915","57.25"
"1/29/1915","56.54"
"1/30/1915","57.16"
"2/1/1915","55.59"
"2/2/1915","57.26"
"2/3/1915","56.9"
"2/4/1915","56.83"
"2/5/1915","56.16"
"2/6/1915","56.33"
"2/8/1915","56.31"
"2/9/1915","56.85"
"2/10/1915","57.05"
"2/11/1915","57.83"
"2/13/1915","57.2"
"2/15/1915","57.02"
"2/16/1915","56.64"
"2/17/1915","55.7"
"2/18/1915","55.53"
"2/19/1915","55.38"
"2/20/1915","55.2"
"2/23/1915","54.4"
"2/24/1915","54.22"
"2/25/1915","54.61"
"2/26/1915","55.02"
"2/27/1915","55.18"
"3/1/1915","55.29"
"3/2/1915","55.66"
"3/3/1915","55.88"
"3/4/1915","56"
"3/5/1915","56.51"
"3/6/1915","56.41"
"3/8/1915","56.98"
"3/9/1915","56.88"
"3/10/1915","56.66"
"3/11/1915","56.86"
"3/12/1915","56.66"
"3/13/1915","56.35"
"3/15/1915","56.7"
"3/16/1915","56.59"
"3/17/1915","56.67"
"3/18/1915","56.57"
"3/19/1915","56.98"
"3/20/1915","57.4"
"3/22/1915","58.1"
"3/23/1915","59.1"
"3/24/1915","59.26"
"3/25/1915","59.25"
"3/26/1915","59.51"
"3/27/1915","59.6"
"3/29/1915","60.13"
"3/30/1915","61.3"
"3/31/1915","60.83"
"4/1/1915","61.05"
"4/3/1915","61.49"
"4/5/1915","62.29"
"4/6/1915","62.78"
"4/7/1915","62.55"
"4/8/1915","63.15"
"4/9/1915","65.02"
"4/10/1915","65.15"
"4/12/1915","64.66"
"4/13/1915","65.54"
"4/14/1915","66.14"
"4/15/1915","67.42"
"4/16/1915","69.36"
"4/17/1915","69.6"
"4/19/1915","67.86"
"4/20/1915","68.64"
"4/21/1915","68.43"
"4/22/1915","68.2"
"4/23/1915","68.65"
"4/24/1915","69.64"
"4/26/1915","68.97"
"4/27/1915","68.9"
"4/28/1915","70.22"
"4/29/1915","70.95"
"4/30/1915","71.78"
"5/1/1915","71.51"
"5/3/1915","69.54"
"5/4/1915","69.58"
"5/5/1915","67.53"
"5/6/1915","68.23"
"5/7/1915","65.13"
"5/8/1915","62.77"
"5/10/1915","62.06"
"5/11/1915","64.64"
"5/12/1915","64.46"
"5/13/1915","63.01"
"5/14/1915","60.38"
"5/15/1915","61.93"
"5/17/1915","63.41"
"5/18/1915","62.7"
"5/19/1915","63.08"
"5/20/1915","63.68"
"5/21/1915","64.88"
"5/22/1915","65.5"
"5/24/1915","65.46"
"5/25/1915","64.79"
"5/26/1915","64.42"
"5/27/1915","64.95"
"5/28/1915","65.01"
"5/29/1915","64.67"
"6/1/1915","64.86"
"6/2/1915","65.72"
"6/3/1915","67.75"
"6/4/1915","67.71"
"6/5/1915","68.56"
"6/7/1915","69.21"
"6/8/1915","68.92"
"6/9/1915","67.27"
"6/10/1915","69.02"
"6/11/1915","70.55"
"6/12/1915","71.12"
"6/14/1915","70.93"
"6/15/1915","71.05"
"6/16/1915","71.3"
"6/17/1915","71.16"
"6/18/1915","70.98"
"6/19/1915","71.16"
"6/21/1915","71.83"
"6/22/1915","71.9"
"6/23/1915","71.28"
"6/24/1915","69.78"
"6/25/1915","70.23"
"6/26/1915","70.71"
"6/28/1915","70.74"
"6/29/1915","70.08"
"6/30/1915","70.06"
"7/1/1915","69.85"
"7/2/1915","69.98"
"7/3/1915","69.56"
"7/6/1915","69.87"
"7/7/1915","68.85"
"7/8/1915","68.65"
"7/9/1915","67.88"
"7/10/1915","68.38"
"7/12/1915","70.05"
"7/13/1915","70.26"
"7/14/1915","70.8"
"7/15/1915","71.5"
"7/16/1915","71.78"
"7/17/1915","71.85"
"7/19/1915","70.84"
"7/20/1915","71"
"7/21/1915","72.05"
"7/22/1915","73.82"
"7/23/1915","74.1"
"7/24/1915","74.18"
"7/26/1915","74.6"
"7/27/1915","74.83"
"7/28/1915","75.53"
"7/29/1915","75.79"
"7/30/1915","75.53"
"7/31/1915","75.34"
"8/2/1915","76.46"
"8/3/1915","76.71"
"8/4/1915","77.33"
"8/5/1915","77.21"
"8/6/1915","77.21"
"8/7/1915","76.71"
"8/9/1915","77.7"
"8/10/1915","77.86"
"8/11/1915","77.45"
"8/12/1915","78.14"
"8/13/1915","78.38"
"8/14/1915","78.82"
"8/16/1915","81.28"
"8/17/1915","81.78"
"8/18/1915","81.86"
"8/19/1915","80.31"
"8/20/1915","79.31"
"8/21/1915","76.76"
"8/23/1915","76.88"
"8/24/1915","79.07"
"8/25/1915","80.65"
"8/26/1915","81.12"
"8/27/1915","81.88"
"8/28/1915","81.95"
"8/30/1915","81.7"
"8/31/1915","81.2"
"9/1/1915","81.79"
"9/2/1915","81.03"
"9/3/1915","80.7"
"9/4/1915","80.9"
"9/7/1915","81.02"
"9/8/1915","81.16"
"9/9/1915","81.88"
"9/10/1915","80.96"
"9/11/1915","80.4"
"9/13/1915","81.4"
"9/14/1915","81.51"
"9/15/1915","81.91"
"9/16/1915","81.71"
"9/17/1915","82.54"
"9/18/1915","83.27"
"9/20/1915","84.26"
"9/21/1915","84.83"
"9/22/1915","85.88"
"9/23/1915","85.55"
"9/24/1915","86.48"
"9/25/1915","86.81"
"9/27/1915","89.2"
"9/28/1915","89.73"
"9/29/1915","89.9"
"9/30/1915","90.58"
"10/1/1915","90.88"
"10/2/1915","91.98"
"10/4/1915","90.98"
"10/5/1915","89.16"
"10/6/1915","88.23"
"10/7/1915","90.2"
"10/8/1915","90.5"
"10/9/1915","90.63"
"10/11/1915","92.37"
"10/13/1915","93.63"
"10/14/1915","92.76"
"10/15/1915","92.56"
"10/16/1915","93.34"
"10/18/1915","94.61"
"10/19/1915","93.38"
"10/20/1915","94.61"
"10/21/1915","95.35"
"10/22/1915","96.46"
"10/23/1915","96.11"
"10/25/1915","95.88"
"10/26/1915","95.81"
"10/27/1915","94.72"
"10/28/1915","93.34"
"10/29/1915","95.34"
"10/30/1915","96.02"
"11/1/1915","95.16"
"11/3/1915","94.76"
"11/4/1915","96.06"
"11/5/1915","94.81"
"11/6/1915","94.18"
"11/8/1915","92.8"
"11/9/1915","91.08"
"11/10/1915","92.18"
"11/11/1915","93.64"
"11/12/1915","94.71"
"11/13/1915","95.33"
"11/15/1915","95.05"
"11/16/1915","96.33"
"11/17/1915","96.18"
"11/18/1915","95.48"
"11/19/1915","95.27"
"11/20/1915","95.02"
"11/22/1915","95.45"
"11/23/1915","95.87"
"11/24/1915","97.18"
"11/26/1915","97.28"
"11/27/1915","97.07"
"11/29/1915","97.56"
"11/30/1915","96.71"
"12/1/1915","95.9"
"12/2/1915","94.78"
"12/3/1915","95.91"
"12/4/1915","96.78"
"12/6/1915","97.86"
"12/7/1915","97.71"
"12/8/1915","98.45"
"12/9/1915","97.18"
"12/10/1915","96.13"
"12/11/1915","96.51"
"12/13/1915","95.96"
"12/14/1915","98.3"
"12/15/1915","98.18"
"12/16/1915","96.57"
"12/17/1915","97.4"
"12/18/1915","97.57"
"12/20/1915","97.7"
"12/21/1915","97.66"
"12/22/1915","97.98"
"12/23/1915","98.25"
"12/24/1915","98.36"
"12/27/1915","99.21"
"12/28/1915","99.16"
"12/29/1915","97.96"
"12/30/1915","98.2"
"12/31/1915","99.15"
"1/3/1916","98.81"
"1/4/1916","97.72"
"1/5/1916","97.41"
"1/6/1916","96.44"
"1/7/1916","97.34"
"1/8/1916","97.52"
"1/10/1916","95.69"
"1/11/1916","94.07"
"1/12/1916","95.31"
"1/13/1916","94.71"
"1/14/1916","96.47"
"1/15/1916","96.55"
"1/17/1916","96.63"
"1/18/1916","96.16"
"1/19/1916","95.25"
"1/20/1916","93.6"
"1/21/1916","94.78"
"1/22/1916","94.65"
"1/24/1916","93.87"
"1/25/1916","94.24"
"1/26/1916","93.49"
"1/27/1916","92.99"
"1/28/1916","93.25"
"1/29/1916","91.93"
"1/31/1916","90.58"
"2/1/1916","91.93"
"2/2/1916","93.69"
"2/3/1916","94.4"
"2/4/1916","93.19"
"2/5/1916","93.39"
"2/7/1916","94.96"
"2/8/1916","94.91"
"2/9/1916","95.86"
"2/10/1916","96.1"
"2/11/1916","96.15"
"2/14/1916","95.28"
"2/15/1916","95.26"
"2/16/1916","94.5"
"2/17/1916","94.11"
"2/18/1916","94.35"
"2/19/1916","94.77"
"2/21/1916","94.36"
"2/23/1916","94.35"
"2/24/1916","93.37"
"2/25/1916","93.85"
"2/26/1916","92.78"
"2/28/1916","90.89"
"2/29/1916","91.03"
"3/1/1916","90.69"
"3/2/1916","90.52"
"3/3/1916","91.71"
"3/4/1916","91.48"
"3/6/1916","92.93"
"3/7/1916","92.58"
"3/8/1916","92.58"
"3/9/1916","93.5"
"3/10/1916","93.11"
"3/11/1916","92.9"
"3/13/1916","94.75"
"3/14/1916","95.4"
"3/15/1916","95.76"
"3/16/1916","96.08"
"3/17/1916","96"
"3/18/1916","95.76"
"3/20/1916","93.6"
"3/21/1916","93.58"
"3/22/1916","93.97"
"3/23/1916","93.76"
"3/24/1916","93.65"
"3/25/1916","93.23"
"3/27/1916","93.57"
"3/28/1916","93.81"
"3/29/1916","93.36"
"3/30/1916","92.73"
"3/31/1916","93.25"
"4/1/1916","93.69"
"4/3/1916","94.13"
"4/4/1916","93.97"
"4/5/1916","94.12"
"4/6/1916","94.46"
"4/7/1916","93.38"
"4/8/1916","93.31"
"4/10/1916","94.22"
"4/11/1916","93.77"
"4/12/1916","93.28"
"4/13/1916","91.28"
"4/14/1916","91.63"
"4/15/1916","91.48"
"4/17/1916","91.08"
"4/18/1916","90.65"
"4/19/1916","88.46"
"4/20/1916","88.11"
"4/22/1916","84.96"
"4/24/1916","87"
"4/25/1916","88.12"
"4/26/1916","87.23"
"4/27/1916","88.78"
"4/28/1916","89.65"
"4/29/1916","89.78"
"5/1/1916","90.3"
"5/2/1916","89.02"
"5/3/1916","88.61"
"5/4/1916","87.71"
"5/5/1916","88.51"
"5/6/1916","90.51"
"5/8/1916","90.36"
"5/9/1916","89.71"
"5/10/1916","89.78"
"5/11/1916","90.08"
"5/12/1916","90.94"
"5/13/1916","91.71"
"5/15/1916","92.43"
"5/16/1916","92.01"
"5/17/1916","91.51"
"5/18/1916","92.05"
"5/19/1916","91.76"
"5/20/1916","91.81"
"5/22/1916","92.06"
"5/23/1916","92.1"
"5/24/1916","92.37"
"5/25/1916","92.62"
"5/26/1916","92.29"
"5/27/1916","91.62"
"5/29/1916","91.95"
"5/31/1916","91.8"
"6/1/1916","91.87"
"6/2/1916","91.22"
"6/3/1916","91.53"
"6/5/1916","92.19"
"6/6/1916","91.73"
"6/7/1916","91.84"
"6/8/1916","92.01"
"6/9/1916","92.78"
"6/10/1916","92.7"
"6/12/1916","93.61"
"6/13/1916","93.19"
"6/14/1916","93.33"
"6/15/1916","93.33"
"6/16/1916","92.49"
"6/17/1916","91.9"
"6/19/1916","90"
"6/20/1916","90.57"
"6/21/1916","90.03"
"6/22/1916","89.54"
"6/23/1916","88.88"
"6/24/1916","89.26"
"6/26/1916","87.68"
"6/27/1916","88.43"
"6/28/1916","88.29"
"6/29/1916","89.51"
"6/30/1916","89.58"
"7/1/1916","88.93"
"7/3/1916","89.37"
"7/5/1916","90.53"
"7/6/1916","90.4"
"7/7/1916","89.71"
"7/8/1916","89.51"
"7/10/1916","88.6"
"7/11/1916","87.63"
"7/12/1916","87.63"
"7/13/1916","86.42"
"7/14/1916","86.95"
"7/15/1916","87.36"
"7/17/1916","87.15"
"7/18/1916","87.25"
"7/19/1916","88.1"
"7/20/1916","89"
"7/21/1916","89.03"
"7/22/1916","89.75"
"7/24/1916","89.1"
"7/25/1916","88.83"
"7/26/1916","88.13"
"7/27/1916","88"
"7/28/1916","88.35"
"7/29/1916","88.79"
"7/31/1916","89.25"
"8/1/1916","89.05"
"8/2/1916","88.34"
"8/3/1916","88.83"
"8/4/1916","88.41"
"8/5/1916","88.55"
"8/7/1916","88.88"
"8/8/1916","88.15"
"8/9/1916","90.26"
"8/10/1916","90.05"
"8/11/1916","90.32"
"8/12/1916","90.5"
"8/14/1916","90.75"
"8/15/1916","91.48"
"8/16/1916","91.91"
"8/17/1916","92.08"
"8/18/1916","92.08"
"8/19/1916","91.93"
"8/21/1916","93.25"
"8/22/1916","93.83"
"8/23/1916","93.61"
"8/24/1916","93.66"
"8/25/1916","92.9"
"8/26/1916","92.91"
"8/28/1916","92.49"
"8/29/1916","91.63"
"8/30/1916","91.32"
"8/31/1916","92.25"
"9/1/1916","91.19"
"9/2/1916","92.29"
"9/5/1916","93.36"
"9/6/1916","94.51"
"9/7/1916","94.59"
"9/8/1916","94.63"
"9/9/1916","95.53"
"9/11/1916","95.74"
"9/12/1916","96.65"
"9/13/1916","97.71"
"9/14/1916","98.84"
"9/15/1916","98.39"
"9/16/1916","98"
"9/18/1916","98.51"
"9/19/1916","98.57"
"9/20/1916","98.47"
"9/21/1916","99.55"
"9/22/1916","100.77"
"9/23/1916","101.3"
"9/25/1916","100.89"
"9/26/1916","101.39"
"9/27/1916","101.85"
"9/28/1916","103.11"
"9/29/1916","103.73"
"9/30/1916","102.9"
"10/2/1916","103.01"
"10/3/1916","103.45"
"10/4/1916","103.41"
"10/5/1916","104.15"
"10/6/1916","102.85"
"10/7/1916","103.4"
"10/9/1916","100.23"
"10/10/1916","101.35"
"10/11/1916","99.98"
"10/13/1916","98.94"
"10/14/1916","98.98"
"10/16/1916","101.42"
"10/17/1916","102.42"
"10/18/1916","102.35"
"10/19/1916","102.55"
"10/20/1916","103.68"
"10/21/1916","103.88"
"10/23/1916","105.17"
"10/24/1916","105.15"
"10/25/1916","104.57"
"10/26/1916","104.56"
"10/27/1916","105.28"
"10/28/1916","104.83"
"10/30/1916","104.3"
"10/31/1916","104.61"
"11/1/1916","105.9"
"11/2/1916","105.7"
"11/3/1916","106.28"
"11/4/1916","105.93"
"11/6/1916","107.21"
"11/8/1916","106.83"
"11/9/1916","107.68"
"11/10/1916","107.65"
"11/11/1916","106.72"
"11/13/1916","105.63"
"11/14/1916","107.04"
"11/15/1916","107.72"
"11/16/1916","108.48"
"11/17/1916","109.62"
"11/18/1916","110.13"
"11/20/1916","110.1"
"11/21/1916","110.15"
"11/22/1916","108.65"
"11/23/1916","107.48"
"11/24/1916","109.07"
"11/25/1916","109.95"
"11/27/1916","108.23"
"11/28/1916","107.01"
"11/29/1916","105.97"
"12/1/1916","106.17"
"12/2/1916","106.81"
"12/4/1916","106.2"
"12/5/1916","106.43"
"12/6/1916","106.76"
"12/7/1916","106.43"
"12/8/1916","106.51"
"12/9/1916","105.68"
"12/11/1916","104.67"
"12/12/1916","100.35"
"12/13/1916","102.61"
"12/14/1916","98.23"
"12/15/1916","97.93"
"12/16/1916","99.11"
"12/18/1916","98.07"
"12/19/1916","97.76"
"12/20/1916","95.26"
"12/21/1916","90.16"
"12/22/1916","95.09"
"12/23/1916","94.6"
"12/26/1916","96.1"
"12/27/1916","95.63"
"12/28/1916","94.01"
"12/29/1916","95"
"1/2/1917","96.15"
"1/3/1917","99.18"
"1/4/1917","97.15"
"1/5/1917","96.16"
"1/6/1917","96.75"
"1/8/1917","96.4"
"1/9/1917","97.64"
"1/10/1917","95.7"
"1/11/1917","96.02"
"1/12/1917","95.75"
"1/13/1917","95.13"
"1/15/1917","95.59"
"1/16/1917","97.55"
"1/17/1917","96.6"
"1/18/1917","97.5"
"1/19/1917","97.35"
"1/20/1917","97.97"
"1/22/1917","96.6"
"1/23/1917","96.26"
"1/24/1917","96.66"
"1/25/1917","97.41"
"1/26/1917","97.36"
"1/27/1917","96.71"
"1/29/1917","95.78"
"1/30/1917","95.83"
"1/31/1917","95.43"
"2/1/1917","88.52"
"2/2/1917","87.01"
"2/3/1917","89.97"
"2/5/1917","92.03"
"2/6/1917","92.81"
"2/7/1917","92.19"
"2/8/1917","90.94"
"2/9/1917","90.2"
"2/10/1917","91.56"
"2/13/1917","92.37"
"2/14/1917","91.86"
"2/15/1917","91.65"
"2/16/1917","91.81"
"2/17/1917","92.7"
"2/19/1917","93.66"
"2/20/1917","94.91"
"2/21/1917","93.97"
"2/23/1917","92.56"
"2/24/1917","92.22"
"2/26/1917","93.35"
"2/27/1917","92.68"
"2/28/1917","91.56"
"3/1/1917","91.1"
"3/2/1917","92.82"
"3/3/1917","93.63"
"3/5/1917","95.04"
"3/6/1917","95.3"
"3/7/1917","95.3"
"3/8/1917","95.28"
"3/9/1917","96.46"
"3/10/1917","96.78"
"3/12/1917","95.03"
"3/13/1917","95.05"
"3/14/1917","95.16"
"3/15/1917","95.63"
"3/16/1917","95.65"
"3/17/1917","96.22"
"3/19/1917","96.97"
"3/20/1917","98.2"
"3/21/1917","97.61"
"3/22/1917","96.78"
"3/23/1917","97.27"
"3/24/1917","97.73"
"3/26/1917","96.32"
"3/27/1917","96.46"
"3/28/1917","97.01"
"3/29/1917","96.75"
"3/30/1917","96.72"
"3/31/1917","95.41"
"4/2/1917","97.06"
"4/3/1917","96.34"
"4/4/1917","95.83"
"4/5/1917","94.61"
"4/7/1917","93.1"
"4/9/1917","92.41"
"4/10/1917","91.2"
"4/11/1917","92.82"
"4/12/1917","93.1"
"4/13/1917","93.18"
"4/14/1917","93.76"
"4/16/1917","92.21"
"4/17/1917","91.87"
"4/18/1917","91.63"
"4/19/1917","91.83"
"4/20/1917","90.84"
"4/21/1917","90.98"
"4/23/1917","90.96"
"4/24/1917","90.66"
"4/25/1917","92.98"
"4/26/1917","93.06"
"4/27/1917","93.1"
"4/28/1917","92.65"
"4/30/1917","93.23"
"5/1/1917","93.42"
"5/2/1917","92.48"
"5/3/1917","90.98"
"5/4/1917","90.45"
"5/5/1917","90.2"
"5/7/1917","91.2"
"5/8/1917","90.22"
"5/9/1917","89.08"
"5/10/1917","90.41"
"5/11/1917","89.77"
"5/12/1917","89.62"
"5/14/1917","90.78"
"5/15/1917","90.19"
"5/16/1917","92.26"
"5/17/1917","92.75"
"5/18/1917","91.96"
"5/19/1917","92.37"
"5/21/1917","93.47"
"5/22/1917","94.09"
"5/23/1917","94.26"
"5/24/1917","95.2"
"5/25/1917","96.76"
"5/26/1917","97.58"
"5/28/1917","97.2"
"5/29/1917","97.41"
"5/31/1917","97.38"
"6/1/1917","97.89"
"6/2/1917","97.59"
"6/4/1917","97"
"6/6/1917","98.43"
"6/7/1917","98.16"
"6/8/1917","98.58"
"6/9/1917","99.08"
"6/11/1917","97.86"
"6/12/1917","97.52"
"6/13/1917","98.31"
"6/14/1917","97.95"
"6/15/1917","97.22"
"6/16/1917","96.95"
"6/18/1917","94.89"
"6/19/1917","95.36"
"6/20/1917","94.78"
"6/21/1917","95.77"
"6/22/1917","96.63"
"6/23/1917","97.6"
"6/25/1917","97.57"
"6/26/1917","96.81"
"6/27/1917","95.98"
"6/28/1917","95.41"
"6/29/1917","95.38"
"6/30/1917","95.87"
"7/2/1917","95.23"
"7/3/1917","95.31"
"7/5/1917","93.57"
"7/6/1917","93.9"
"7/7/1917","94.28"
"7/9/1917","93.64"
"7/10/1917","93.1"
"7/11/1917","94.14"
"7/12/1917","93.64"
"7/13/1917","92.33"
"7/14/1917","92.57"
"7/16/1917","91.38"
"7/17/1917","91.95"
"7/18/1917","91.05"
"7/19/1917","90.48"
"7/20/1917","91.59"
"7/21/1917","92.61"
"7/23/1917","91.61"
"7/24/1917","91.26"
"7/25/1917","91.24"
"7/26/1917","91.42"
"7/27/1917","91.75"
"7/28/1917","92.11"
"7/30/1917","92.13"
"7/31/1917","91.75"
"8/1/1917","92.26"
"8/2/1917","92.87"
"8/3/1917","92.96"
"8/6/1917","93.85"
"8/7/1917","93.3"
"8/8/1917","91.47"
"8/9/1917","92.23"
"8/10/1917","91.9"
"8/11/1917","91.81"
"8/13/1917","92.65"
"8/14/1917","91.69"
"8/15/1917","92.1"
"8/16/1917","91.44"
"8/17/1917","91.61"
"8/18/1917","91.42"
"8/20/1917","91.27"
"8/21/1917","90.75"
"8/22/1917","89.16"
"8/23/1917","88.15"
"8/24/1917","88.91"
"8/25/1917","89.06"
"8/27/1917","88.4"
"8/28/1917","86.12"
"8/29/1917","85.95"
"8/30/1917","84.51"
"8/31/1917","83.4"
"9/4/1917","81.2"
"9/5/1917","83.66"
"9/6/1917","83.42"
"9/7/1917","83.49"
"9/8/1917","83.18"
"9/10/1917","83.88"
"9/11/1917","83.51"
"9/12/1917","82.19"
"9/13/1917","83.14"
"9/14/1917","83.44"
"9/15/1917","83.04"
"9/17/1917","81.55"
"9/18/1917","81.63"
"9/19/1917","84.01"
"9/20/1917","84.82"
"9/21/1917","85.23"
"9/22/1917","84.53"
"9/24/1917","85.7"
"9/25/1917","86.02"
"9/26/1917","84.61"
"9/27/1917","84.6"
"9/28/1917","83.46"
"9/29/1917","83.81"
"10/1/1917","83.58"
"10/2/1917","83.49"
"10/3/1917","82.45"
"10/4/1917","80.62"
"10/5/1917","81.75"
"10/6/1917","81.35"
"10/8/1917","80.48"
"10/9/1917","79.26"
"10/10/1917","77.32"
"10/11/1917","77.83"
"10/15/1917","75.13"
"10/16/1917","77.08"
"10/17/1917","76.11"
"10/18/1917","77.85"
"10/19/1917","78.21"
"10/20/1917","79.8"
"10/22/1917","79.06"
"10/23/1917","78.5"
"10/24/1917","78.3"
"10/25/1917","77.68"
"10/26/1917","77.35"
"10/27/1917","78.91"
"10/29/1917","76.28"
"10/30/1917","75.53"
"10/31/1917","74.5"
"11/1/1917","71.41"
"11/2/1917","72.52"
"11/3/1917","72.32"
"11/5/1917","69.93"
"11/7/1917","71.54"
"11/8/1917","68.58"
"11/9/1917","69.36"
"11/10/1917","70.3"
"11/12/1917","70.65"
"11/13/1917","70.35"
"11/14/1917","69.15"
"11/15/1917","69.1"
"11/16/1917","69.75"
"11/17/1917","70.41"
"11/19/1917","71.51"
"11/20/1917","72.8"
"11/21/1917","73.57"
"11/22/1917","72.95"
"11/23/1917","74.23"
"11/24/1917","73.51"
"11/26/1917","74.03"
"11/27/1917","73.8"
"11/28/1917","73.25"
"11/30/1917","72.65"
"12/1/1917","72.86"
"12/3/1917","72.55"
"12/4/1917","70.72"
"12/5/1917","71.68"
"12/6/1917","71.01"
"12/7/1917","70.29"
"12/8/1917","70.31"
"12/10/1917","70.49"
"12/11/1917","68.78"
"12/12/1917","67.3"
"12/13/1917","66.96"
"12/14/1917","68.65"
"12/15/1917","67.53"
"12/17/1917","67.08"
"12/18/1917","67.31"
"12/19/1917","65.95"
"12/20/1917","67.13"
"12/21/1917","68.25"
"12/22/1917","68.23"
"12/24/1917","69.29"
"12/26/1917","68.33"
"12/27/1917","70.49"
"12/28/1917","72.13"
"12/29/1917","72.45"
"12/31/1917","74.38"
"1/2/1918","76.68"
"1/3/1918","76.18"
"1/4/1918","75.56"
"1/5/1918","73.75"
"1/7/1918","74.86"
"1/8/1918","74.63"
"1/9/1918","75.61"
"1/10/1918","76.33"
"1/11/1918","75"
"1/12/1918","74.48"
"1/14/1918","73.48"
"1/15/1918","73.38"
"1/16/1918","74.6"
"1/17/1918","74.48"
"1/18/1918","74.55"
"1/19/1918","74.89"
"1/21/1918","76.11"
"1/22/1918","75.75"
"1/23/1918","75.43"
"1/24/1918","75.92"
"1/25/1918","76.5"
"1/26/1918","76.44"
"1/29/1918","77.13"
"1/30/1918","76.98"
"1/31/1918","79.8"
"2/1/1918","79.28"
"2/2/1918","79.77"
"2/5/1918","79.28"
"2/6/1918","78.93"
"2/7/1918","77.78"
"2/8/1918","78.44"
"2/9/1918","78.98"
"2/13/1918","78.73"
"2/14/1918","78.71"
"2/15/1918","79.96"
"2/16/1918","80.08"
"2/18/1918","81.53"
"2/19/1918","82.08"
"2/20/1918","81.28"
"2/21/1918","80.53"
"2/23/1918","79.88"
"2/25/1918","79.17"
"2/26/1918","80.65"
"2/27/1918","80.5"
"2/28/1918","80.39"
"3/1/1918","79.93"
"3/2/1918","78.98"
"3/4/1918","79.01"
"3/5/1918","79.5"
"3/6/1918","79.2"
"3/7/1918","79.53"
"3/8/1918","79.5"
"3/9/1918","79.71"
"3/11/1918","79.78"
"3/12/1918","78.67"
"3/13/1918","78.68"
"3/14/1918","79.13"
"3/15/1918","79.06"
"3/16/1918","78.98"
"3/18/1918","77.93"
"3/19/1918","78.13"
"3/20/1918","78.14"
"3/21/1918","78.71"
"3/22/1918","77.71"
"3/23/1918","76.24"
"3/25/1918","76.45"
"3/26/1918","76.49"
"3/27/1918","76.72"
"3/28/1918","76.41"
"3/30/1918","76.72"
"4/1/1918","77.16"
"4/2/1918","76.69"
"4/3/1918","77.01"
"4/4/1918","77.42"
"4/5/1918","77.03"
"4/6/1918","77.95"
"4/8/1918","77.69"
"4/9/1918","77.4"
"4/10/1918","76.85"
"4/11/1918","75.58"
"4/12/1918","76.25"
"4/13/1918","76.01"
"4/15/1918","77.51"
"4/16/1918","77.21"
"4/17/1918","76.89"
"4/18/1918","78.11"
"4/19/1918","78.6"
"4/20/1918","79.73"
"4/22/1918","79.42"
"4/23/1918","78.3"
"4/24/1918","78.01"
"4/25/1918","77.88"
"4/26/1918","78.23"
"4/27/1918","77.86"
"4/29/1918","77.79"
"4/30/1918","77.51"
"5/1/1918","78.16"
"5/2/1918","78.9"
"5/3/1918","78.64"
"5/4/1918","78.59"
"5/6/1918","79.36"
"5/7/1918","80.51"
"5/8/1918","80.32"
"5/9/1918","81.3"
"5/10/1918","81.29"
"5/11/1918","81.82"
"5/13/1918","82.16"
"5/14/1918","82.21"
"5/15/1918","84.04"
"5/16/1918","84.03"
"5/17/1918","83.5"
"5/18/1918","83.35"
"5/20/1918","82.47"
"5/21/1918","82.87"
"5/22/1918","82.22"
"5/23/1918","82.21"
"5/24/1918","81.58"
"5/25/1918","81.16"
"5/27/1918","78.65"
"5/28/1918","78.42"
"5/29/1918","78.44"
"5/31/1918","78.08"
"6/1/1918","77.93"
"6/3/1918","78.55"
"6/4/1918","79.6"
"6/5/1918","79.54"
"6/6/1918","78.95"
"6/7/1918","78.53"
"6/8/1918","79.16"
"6/10/1918","78.93"
"6/11/1918","79.1"
"6/12/1918","79.76"
"6/13/1918","80.53"
"6/14/1918","80.61"
"6/15/1918","81.21"
"6/17/1918","80.61"
"6/18/1918","80.98"
"6/19/1918","80.93"
"6/20/1918","81.83"
"6/21/1918","81.65"
"6/22/1918","81.95"
"6/24/1918","82.5"
"6/25/1918","82.4"
"6/26/1918","83.02"
"6/27/1918","82.78"
"6/28/1918","82.58"
"6/29/1918","82.68"
"7/1/1918","81.81"
"7/2/1918","81.98"
"7/3/1918","82.49"
"7/5/1918","82.96"
"7/6/1918","83.2"
"7/8/1918","82.6"
"7/9/1918","82.76"
"7/10/1918","82.09"
"7/11/1918","81.09"
"7/12/1918","81.23"
"7/13/1918","81.15"
"7/15/1918","80.58"
"7/16/1918","81.71"
"7/17/1918","81.45"
"7/18/1918","82.92"
"7/19/1918","82.31"
"7/20/1918","82.29"
"7/22/1918","81.22"
"7/23/1918","80.51"
"7/24/1918","80.93"
"7/25/1918","81.28"
"7/26/1918","81.51"
"7/27/1918","81.49"
"7/29/1918","81.1"
"7/30/1918","80.79"
"7/31/1918","81.23"
"8/1/1918","80.71"
"8/2/1918","80.76"
"8/3/1918","80.9"
"8/5/1918","81.57"
"8/6/1918","81.13"
"8/7/1918","80.97"
"8/8/1918","81.13"
"8/9/1918","81.65"
"8/10/1918","82.04"
"8/12/1918","81.58"
"8/13/1918","81.68"
"8/14/1918","81.7"
"8/15/1918","81.58"
"8/16/1918","81.77"
"8/17/1918","81.51"
"8/19/1918","81.63"
"8/20/1918","81.92"
"8/21/1918","81.91"
"8/22/1918","81.61"
"8/23/1918","82.15"
"8/24/1918","82.83"
"8/26/1918","82.93"
"8/27/1918","83.01"
"8/28/1918","83.18"
"8/29/1918","82.73"
"8/30/1918","82.46"
"8/31/1918","82.84"
"9/3/1918","83.84"
"9/4/1918","83.61"
"9/5/1918","83.63"
"9/6/1918","82.56"
"9/7/1918","82.91"
"9/9/1918","81.8"
"9/10/1918","81.33"
"9/11/1918","80.46"
"9/13/1918","80.29"
"9/14/1918","81.49"
"9/16/1918","81.48"
"9/17/1918","81.8"
"9/18/1918","81.92"
"9/19/1918","81.64"
"9/20/1918","81.96"
"9/21/1918","82.33"
"9/23/1918","82.44"
"9/24/1918","82.8"
"9/25/1918","82.64"
"9/26/1918","82.84"
"9/27/1918","84.03"
"9/28/1918","83.85"
"9/30/1918","84.68"
"10/1/1918","83.95"
"10/2/1918","84.45"
"10/3/1918","84.95"
"10/4/1918","85.31"
"10/5/1918","84.87"
"10/7/1918","84.35"
"10/8/1918","84.3"
"10/9/1918","83.36"
"10/10/1918","84.15"
"10/11/1918","84.83"
"10/14/1918","86.35"
"10/15/1918","86.21"
"10/16/1918","86.63"
"10/17/1918","88.27"
"10/18/1918","89.07"
"10/19/1918","88.88"
"10/21/1918","88.15"
"10/22/1918","87.79"
"10/23/1918","87.1"
"10/24/1918","87.1"
"10/25/1918","86.52"
"10/26/1918","87.7"
"10/28/1918","87.28"
"10/29/1918","86.39"
"10/30/1918","84.08"
"10/31/1918","85.51"
"11/1/1918","85.53"
"11/2/1918","85.23"
"11/4/1918","85.74"
"11/6/1918","86.62"
"11/7/1918","87.61"
"11/8/1918","87.66"
"11/9/1918","88.06"
"11/12/1918","86.56"
"11/13/1918","86.12"
"11/14/1918","85.53"
"11/15/1918","86.15"
"11/16/1918","85.35"
"11/18/1918","85.01"
"11/19/1918","84.68"
"11/20/1918","84.33"
"11/21/1918","83.84"
"11/22/1918","82.6"
"11/23/1918","81.83"
"11/25/1918","79.87"
"11/26/1918","81.43"
"11/27/1918","80.16"
"11/29/1918","80.93"
"11/30/1918","81.13"
"12/2/1918","81.13"
"12/3/1918","82.46"
"12/4/1918","82.45"
"12/5/1918","82.89"
"12/6/1918","82.45"
"12/7/1918","82.71"
"12/9/1918","83.41"
"12/10/1918","84.5"
"12/11/1918","84.27"
"12/12/1918","83.53"
"12/13/1918","82.65"
"12/14/1918","82.96"
"12/16/1918","83.23"
"12/17/1918","83.41"
"12/18/1918","83.01"
"12/19/1918","82.4"
"12/20/1918","81.72"
"12/21/1918","81.89"
"12/23/1918","81.51"
"12/24/1918","80.59"
"12/26/1918","80.44"
"12/27/1918","81.17"
"12/28/1918","81.55"
"12/30/1918","80.78"
"12/31/1918","82.2"
"1/2/1919","82.6"
"1/3/1919","83.35"
"1/4/1919","83.05"
"1/6/1919","82.45"
"1/7/1919","82.44"
"1/8/1919","82.6"
"1/9/1919","82.76"
"1/10/1919","82.3"
"1/11/1919","81.66"
"1/13/1919","81.79"
"1/14/1919","82"
"1/15/1919","82.4"
"1/16/1919","82.2"
"1/17/1919","81.35"
"1/18/1919","80.93"
"1/20/1919","80.14"
"1/21/1919","79.88"
"1/22/1919","80"
"1/23/1919","80.2"
"1/24/1919","81.75"
"1/25/1919","81.33"
"1/27/1919","81.47"
"1/28/1919","81.6"
"1/29/1919","80.56"
"1/30/1919","80.94"
"1/31/1919","80.61"
"2/1/1919","80.55"
"2/3/1919","80.91"
"2/4/1919","81.08"
"2/5/1919","80.7"
"2/6/1919","79.68"
"2/7/1919","79.35"
"2/8/1919","79.15"
"2/10/1919","79.65"
"2/11/1919","80.25"
"2/13/1919","81.07"
"2/14/1919","81.2"
"2/15/1919","81.96"
"2/17/1919","82.55"
"2/18/1919","81.92"
"2/19/1919","82.58"
"2/20/1919","82.93"
"2/21/1919","84.21"
"2/24/1919","84.62"
"2/25/1919","84.61"
"2/26/1919","85.6"
"2/27/1919","85.68"
"2/28/1919","84.81"
"3/1/1919","84.04"
"3/3/1919","85.58"
"3/4/1919","85.1"
"3/5/1919","84.24"
"3/6/1919","85.64"
"3/7/1919","86.23"
"3/8/1919","87.27"
"3/10/1919","87.43"
"3/11/1919","88.1"
"3/12/1919","88.3"
"3/13/1919","88.18"
"3/14/1919","87.87"
"3/15/1919","87.68"
"3/17/1919","88.41"
"3/18/1919","87.87"
"3/19/1919","88.26"
"3/20/1919","87.81"
"3/21/1919","89.05"
"3/22/1919","88.66"
"3/24/1919","87.97"
"3/26/1919","86.83"
"3/27/1919","87.65"
"3/28/1919","88.86"
"3/29/1919","88.88"
"3/31/1919","88.85"
"4/1/1919","88.84"
"4/2/1919","89.3"
"4/3/1919","88.91"
"4/4/1919","89.59"
"4/5/1919","89.65"
"4/7/1919","90.18"
"4/8/1919","90.59"
"4/9/1919","91.01"
"4/10/1919","90.11"
"4/11/1919","90.11"
"4/12/1919","89.61"
"4/14/1919","90.48"
"4/15/1919","91.47"
"4/16/1919","91.07"
"4/17/1919","90.88"
"4/19/1919","91.67"
"4/21/1919","92.21"
"4/22/1919","92.24"
"4/23/1919","92.36"
"4/24/1919","91.65"
"4/25/1919","92.09"
"4/26/1919","92.48"
"4/28/1919","93.17"
"4/29/1919","93.51"
"4/30/1919","92.88"
"5/1/1919","93.26"
"5/2/1919","94.3"
"5/3/1919","94.78"
"5/5/1919","94.92"
"5/7/1919","96.16"
"5/8/1919","97.65"
"5/9/1919","98.61"
"5/10/1919","98.19"
"5/12/1919","98.53"
"5/13/1919","99.23"
"5/14/1919","100.37"
"5/15/1919","99.45"
"5/16/1919","99.92"
"5/17/1919","100.1"
"5/19/1919","99.16"
"5/20/1919","99.88"
"5/21/1919","99.65"
"5/22/1919","99.88"
"5/23/1919","100.47"
"5/24/1919","101.6"
"5/26/1919","103.8"
"5/27/1919","103.58"
"5/28/1919","104"
"5/29/1919","105.5"
"6/2/1919","106.92"
"6/3/1919","103.83"
"6/4/1919","105.66"
"6/5/1919","107.55"
"6/6/1919","107.46"
"6/7/1919","107.55"
"6/9/1919","107.35"
"6/10/1919","105.43"
"6/11/1919","105.16"
"6/12/1919","105.05"
"6/13/1919","102.85"
"6/14/1919","102.78"
"6/16/1919","99.56"
"6/17/1919","103.28"
"6/18/1919","105.08"
"6/19/1919","104.49"
"6/20/1919","106.13"
"6/21/1919","106.45"
"6/23/1919","106.09"
"6/24/1919","104.58"
"6/25/1919","104.91"
"6/26/1919","105.63"
"6/27/1919","106.66"
"6/28/1919","107.14"
"6/30/1919","106.98"
"7/1/1919","108.13"
"7/2/1919","108.56"
"7/3/1919","109.9"
"7/7/1919","109.41"
"7/8/1919","109.97"
"7/9/1919","110.46"
"7/10/1919","110"
"7/11/1919","109.92"
"7/12/1919","110.71"
"7/14/1919","112.23"
"7/15/1919","111.66"
"7/16/1919","111.47"
"7/17/1919","110.65"
"7/18/1919","110.69"
"7/21/1919","107.24"
"7/22/1919","109.34"
"7/23/1919","110.73"
"7/24/1919","109.98"
"7/25/1919","110.03"
"7/26/1919","111.1"
"7/28/1919","110.94"
"7/29/1919","109.72"
"7/30/1919","108.91"
"7/31/1919","107.16"
"8/1/1919","107.99"
"8/4/1919","102.82"
"8/5/1919","102.4"
"8/6/1919","105.78"
"8/7/1919","100.8"
"8/8/1919","101.88"
"8/9/1919","104.33"
"8/11/1919","103.94"
"8/12/1919","105.1"
"8/13/1919","104.28"
"8/14/1919","102.86"
"8/15/1919","102.25"
"8/18/1919","99.7"
"8/19/1919","100.58"
"8/20/1919","98.46"
"8/21/1919","99.47"
"8/22/1919","100.84"
"8/23/1919","101.44"
"8/25/1919","101.63"
"8/26/1919","103.29"
"8/27/1919","101.91"
"8/28/1919","103.01"
"8/29/1919","104.75"
"9/2/1919","106.26"
"9/3/1919","108.55"
"9/4/1919","108.27"
"9/5/1919","106.96"
"9/6/1919","106.33"
"9/8/1919","106.51"
"9/9/1919","108.3"
"9/11/1919","107.68"
"9/12/1919","107.1"
"9/13/1919","108.3"
"9/15/1919","108.39"
"9/16/1919","108.81"
"9/17/1919","107.55"
"9/18/1919","106.78"
"9/19/1919","105.84"
"9/20/1919","104.99"
"9/22/1919","106.3"
"9/23/1919","106.89"
"9/24/1919","106.83"
"9/25/1919","107.3"
"9/26/1919","108.66"
"9/27/1919","110.06"
"9/29/1919","110.32"
"9/30/1919","111.42"
"10/1/1919","111.12"
"10/2/1919","111.19"
"10/3/1919","108.9"
"10/4/1919","110.26"
"10/6/1919","112.04"
"10/7/1919","112.55"
"10/8/1919","113.55"
"10/9/1919","113.4"
"10/10/1919","114.42"
"10/11/1919","114.39"
"10/14/1919","112.41"
"10/15/1919","112.88"
"10/16/1919","112.51"
"10/17/1919","112.98"
"10/18/1919","113.2"
"10/20/1919","115.43"
"10/21/1919","115.62"
"10/22/1919","117.62"
"10/23/1919","114.88"
"10/24/1919","115.57"
"10/25/1919","112.73"
"10/27/1919","114.88"
"10/28/1919","116.3"
"10/29/1919","117.43"
"10/30/1919","117.33"
"10/31/1919","118.92"
"11/1/1919","118.63"
"11/3/1919","119.62"
"11/5/1919","118.48"
"11/6/1919","117.78"
"11/7/1919","117.18"
"11/8/1919","115.54"
"11/10/1919","112.93"
"11/11/1919","110.75"
"11/12/1919","107.15"
"11/13/1919","110.69"
"11/14/1919","110.49"
"11/15/1919","109.81"
"11/17/1919","109.09"
"11/18/1919","107.45"
"11/19/1919","106.15"
"11/20/1919","108.19"
"11/21/1919","107.73"
"11/22/1919","108.42"
"11/24/1919","108.86"
"11/25/1919","109.02"
"11/26/1919","107.5"
"11/28/1919","103.72"
"11/29/1919","103.6"
"12/1/1919","104.03"
"12/2/1919","104.41"
"12/3/1919","105.75"
"12/4/1919","107.97"
"12/5/1919","107.42"
"12/6/1919","107.39"
"12/8/1919","107.83"
"12/9/1919","106.85"
"12/10/1919","107.01"
"12/11/1919","105.01"
"12/12/1919","103.73"
"12/13/1919","105.61"
"12/15/1919","105.05"
"12/16/1919","106.61"
"12/17/1919","107.26"
"12/18/1919","103.78"
"12/19/1919","104.63"
"12/20/1919","104.55"
"12/22/1919","103.55"
"12/23/1919","103.79"
"12/24/1919","103.95"
"12/26/1919","105.63"
"12/27/1919","106.08"
"12/29/1919","105.18"
"12/30/1919","105.46"
"12/31/1919","107.23"
"1/2/1920","108.76"
"1/3/1920","109.88"
"1/5/1920","108.85"
"1/6/1920","107.36"
"1/7/1920","107.55"
"1/8/1920","107.24"
"1/9/1920","106.59"
"1/10/1920","106.33"
"1/12/1920","104.22"
"1/13/1920","104.53"
"1/14/1920","102"
"1/15/1920","103.62"
"1/16/1920","101.94"
"1/17/1920","102.43"
"1/19/1920","102.72"
"1/20/1920","103.48"
"1/21/1920","102.62"
"1/22/1920","102.36"
"1/23/1920","101.9"
"1/24/1920","102.65"
"1/26/1920","103.74"
"1/27/1920","104.15"
"1/28/1920","103.96"
"1/29/1920","103.6"
"1/30/1920","104.21"
"1/31/1920","103.82"
"2/2/1920","103.01"
"2/3/1920","99.96"
"2/4/1920","97.23"
"2/5/1920","95.5"
"2/6/1920","95.75"
"2/7/1920","96.13"
"2/9/1920","95.73"
"2/10/1920","92.12"
"2/11/1920","90.66"
"2/13/1920","92.66"
"2/14/1920","94.21"
"2/16/1920","92.6"
"2/17/1920","93.56"
"2/18/1920","94.44"
"2/19/1920","94.15"
"2/20/1920","95.57"
"2/21/1920","95.63"
"2/24/1920","92.98"
"2/25/1920","89.98"
"2/26/1920","91.37"
"2/27/1920","91.18"
"2/28/1920","91.31"
"3/1/1920","92.4"
"3/2/1920","91.68"
"3/3/1920","91.95"
"3/4/1920","94.22"
"3/5/1920","94.58"
"3/6/1920","94.55"
"3/8/1920","97.38"
"3/9/1920","97.11"
"3/10/1920","99.46"
"3/11/1920","99.8"
"3/12/1920","98.55"
"3/13/1920","99.31"
"3/15/1920","100.55"
"3/16/1920","100.39"
"3/17/1920","102.11"
"3/18/1920","103.98"
"3/19/1920","103.66"
"3/20/1920","103.56"
"3/22/1920","104.17"
"3/23/1920","103.55"
"3/24/1920","100.33"
"3/25/1920","101.54"
"3/26/1920","103.63"
"3/27/1920","103.4"
"3/29/1920","102.23"
"3/30/1920","102.45"
"3/31/1920","102.81"
"4/1/1920","102.66"
"4/5/1920","102.98"
"4/6/1920","104.32"
"4/7/1920","105.45"
"4/8/1920","105.65"
"4/9/1920","105.38"
"4/10/1920","105.23"
"4/12/1920","103.94"
"4/13/1920","104.61"
"4/14/1920","105.18"
"4/15/1920","104.41"
"4/16/1920","104.73"
"4/17/1920","104.45"
"4/19/1920","101.87"
"4/20/1920","99.48"
"4/21/1920","95.93"
"4/22/1920","97.15"
"4/23/1920","95.46"
"4/24/1920","95.76"
"4/26/1920","97.2"
"4/27/1920","96.41"
"4/28/1920","94.75"
"4/29/1920","93.16"
"4/30/1920","93.54"
"5/3/1920","94.03"
"5/4/1920","94.27"
"5/5/1920","94.41"
"5/6/1920","94.17"
"5/7/1920","93.45"
"5/8/1920","94.75"
"5/10/1920","93.33"
"5/11/1920","92.52"
"5/12/1920","91.29"
"5/13/1920","90.8"
"5/14/1920","91.35"
"5/15/1920","91.9"
"5/17/1920","91.24"
"5/18/1920","91.21"
"5/19/1920","87.36"
"5/20/1920","88.16"
"5/21/1920","88.2"
"5/22/1920","88.4"
"5/24/1920","87.57"
"5/25/1920","90.24"
"5/26/1920","90.01"
"5/27/1920","91.01"
"5/28/1920","91.81"
"5/29/1920","92.06"
"6/1/1920","90.2"
"6/2/1920","90.65"
"6/3/1920","90.9"
"6/4/1920","91.9"
"6/5/1920","92.25"
"6/7/1920","91.13"
"6/8/1920","91.46"
"6/9/1920","92.2"
"6/10/1920","91.92"
"6/11/1920","93.06"
"6/12/1920","93.2"
"6/14/1920","91.75"
"6/15/1920","91.68"
"6/16/1920","91.75"
"6/17/1920","91.37"
"6/18/1920","92"
"6/19/1920","91.92"
"6/21/1920","91.32"
"6/22/1920","90.16"
"6/23/1920","90.83"
"6/24/1920","90.88"
"6/25/1920","90.95"
"6/26/1920","90.88"
"6/28/1920","90.45"
"6/29/1920","90.36"
"6/30/1920","90.76"
"7/1/1920","91.26"
"7/2/1920","92.2"
"7/6/1920","93"
"7/7/1920","94.04"
"7/8/1920","94.51"
"7/9/1920","94.43"
"7/10/1920","94.2"
"7/12/1920","92.08"
"7/13/1920","91.58"
"7/14/1920","91.2"
"7/15/1920","90.26"
"7/16/1920","89.95"
"7/17/1920","90.24"
"7/19/1920","90.21"
"7/20/1920","90.68"
"7/21/1920","90.45"
"7/22/1920","90.74"
"7/23/1920","89.63"
"7/24/1920","89.85"
"7/26/1920","87.66"
"7/27/1920","87.68"
"7/28/1920","86.96"
"7/29/1920","87.89"
"7/30/1920","86.86"
"7/31/1920","86.85"
"8/2/1920","84.95"
"8/3/1920","85.54"
"8/4/1920","85.58"
"8/5/1920","84.06"
"8/6/1920","84.56"
"8/7/1920","84.1"
"8/9/1920","83.24"
"8/10/1920","83.2"
"8/11/1920","84.83"
"8/12/1920","84.75"
"8/13/1920","85.89"
"8/14/1920","85.57"
"8/16/1920","85.07"
"8/17/1920","83.9"
"8/18/1920","84.01"
"8/19/1920","85.31"
"8/20/1920","86.22"
"8/21/1920","86.86"
"8/23/1920","85.78"
"8/24/1920","87.29"
"8/25/1920","86.93"
"8/26/1920","87.22"
"8/27/1920","86.81"
"8/28/1920","86.6"
"8/30/1920","86.43"
"8/31/1920","86.16"
"9/1/1920","86.34"
"9/2/1920","87.22"
"9/3/1920","88.05"
"9/7/1920","88.21"
"9/8/1920","87.13"
"9/9/1920","88.33"
"9/10/1920","87.98"
"9/11/1920","86.98"
"9/13/1920","86.96"
"9/14/1920","87.64"
"9/15/1920","87.82"
"9/16/1920","88.63"
"9/17/1920","89.95"
"9/18/1920","89.81"
"9/20/1920","88.88"
"9/21/1920","87.96"
"9/22/1920","87.45"
"9/23/1920","86.47"
"9/24/1920","85.9"
"9/25/1920","86.35"
"9/27/1920","83.82"
"9/28/1920","84.53"
"9/29/1920","83.83"
"9/30/1920","82.95"
"10/1/1920","84"
"10/2/1920","84.5"
"10/4/1920","85.25"
"10/5/1920","85.56"
"10/6/1920","85.6"
"10/7/1920","85.23"
"10/8/1920","84.4"
"10/9/1920","84.42"
"10/11/1920","84"
"10/13/1920","84.39"
"10/14/1920","85.22"
"10/15/1920","85.4"
"10/16/1920","84.96"
"10/18/1920","84.31"
"10/19/1920","84.6"
"10/20/1920","85.26"
"10/21/1920","84.65"
"10/22/1920","85.06"
"10/23/1920","85.57"
"10/25/1920","85.73"
"10/26/1920","85.61"
"10/27/1920","84.92"
"10/28/1920","84.61"
"10/29/1920","85.08"
"10/30/1920","84.95"
"11/1/1920","85.48"
"11/3/1920","84.99"
"11/4/1920","84.45"
"11/5/1920","83.48"
"11/6/1920","82.86"
"11/8/1920","81.51"
"11/9/1920","79.94"
"11/10/1920","80.62"
"11/11/1920","79.95"
"11/12/1920","77.56"
"11/13/1920","76.9"
"11/15/1920","76.63"
"11/16/1920","76.65"
"11/17/1920","75.21"
"11/18/1920","74.36"
"11/19/1920","73.12"
"11/20/1920","74.03"
"11/22/1920","77.15"
"11/23/1920","77.2"
"11/24/1920","76.65"
"11/26/1920","75.53"
"11/27/1920","75.46"
"11/29/1920","76.18"
"11/30/1920","76.04"
"12/1/1920","76.5"
"12/2/1920","77.3"
"12/3/1920","77.08"
"12/4/1920","77.63"
"12/6/1920","76.73"
"12/7/1920","76.73"
"12/8/1920","75.49"
"12/9/1920","74.22"
"12/10/1920","73.29"
"12/11/1920","72.06"
"12/13/1920","70.48"
"12/14/1920","72.29"
"12/15/1920","71.28"
"12/16/1920","70.6"
"12/17/1920","70.26"
"12/18/1920","69.55"
"12/20/1920","68.52"
"12/21/1920","66.75"
"12/22/1920","67.02"
"12/23/1920","69.63"
"12/24/1920","68.91"
"12/27/1920","68.01"
"12/28/1920","67.96"
"12/29/1920","69.2"
"12/30/1920","70.03"
"12/31/1920","71.95"
"1/3/1921","72.67"
"1/4/1921","72.76"
"1/5/1921","73.13"
"1/6/1921","74.31"
"1/7/1921","75.21"
"1/8/1921","74.8"
"1/10/1921","76"
"1/11/1921","76.14"
"1/12/1921","75.88"
"1/13/1921","74.43"
"1/14/1921","74.48"
"1/15/1921","75.14"
"1/17/1921","75.21"
"1/18/1921","75.4"
"1/19/1921","76.76"
"1/20/1921","76.08"
"1/21/1921","74.65"
"1/22/1921","74.91"
"1/24/1921","74.77"
"1/25/1921","74.98"
"1/26/1921","75.19"
"1/27/1921","75.71"
"1/28/1921","76.23"
"1/29/1921","76.34"
"1/31/1921","76.13"
"2/1/1921","75.48"
"2/2/1921","74.98"
"2/3/1921","74.34"
"2/4/1921","74.74"
"2/5/1921","75.05"
"2/7/1921","74.8"
"2/8/1921","75.54"
"2/9/1921","75.48"
"2/10/1921","75.59"
"2/11/1921","75.59"
"2/14/1921","76.41"
"2/15/1921","76.9"
"2/16/1921","77.14"
"2/17/1921","76.4"
"2/18/1921","76.28"
"2/19/1921","75.93"
"2/21/1921","75.1"
"2/23/1921","75.66"
"2/24/1921","74.66"
"2/25/1921","75.23"
"2/26/1921","75.46"
"2/28/1921","74.98"
"3/1/1921","74.71"
"3/2/1921","75.19"
"3/3/1921","75.23"
"3/4/1921","75.11"
"3/5/1921","75.25"
"3/7/1921","75.26"
"3/8/1921","74.91"
"3/9/1921","74.6"
"3/10/1921","73.6"
"3/11/1921","72.25"
"3/12/1921","72.76"
"3/14/1921","72.99"
"3/15/1921","73.87"
"3/16/1921","75.2"
"3/17/1921","75.44"
"3/18/1921","76.3"
"3/19/1921","76.56"
"3/21/1921","76.03"
"3/22/1921","76.6"
"3/23/1921","77.78"
"3/24/1921","77.39"
"3/26/1921","77.13"
"3/28/1921","76.19"
"3/29/1921","77.13"
"3/30/1921","76.26"
"3/31/1921","75.76"
"4/1/1921","75.72"
"4/2/1921","75.27"
"4/4/1921","75.16"
"4/5/1921","76.16"
"4/6/1921","76.58"
"4/7/1921","76.16"
"4/8/1921","75.61"
"4/9/1921","75.73"
"4/11/1921","76.15"
"4/12/1921","76.28"
"4/13/1921","75.93"
"4/14/1921","75.06"
"4/15/1921","76.18"
"4/16/1921","76.33"
"4/18/1921","76.15"
"4/19/1921","76.1"
"4/20/1921","76.08"
"4/21/1921","76.54"
"4/22/1921","77.63"
"4/23/1921","78.15"
"4/25/1921","78.55"
"4/26/1921","78.86"
"4/27/1921","78.11"
"4/28/1921","78.77"
"4/29/1921","78.57"
"4/30/1921","78.84"
"5/2/1921","79.65"
"5/3/1921","79.23"
"5/4/1921","79.61"
"5/5/1921","80.03"
"5/6/1921","79.68"
"5/7/1921","79.48"
"5/9/1921","78.81"
"5/10/1921","78.61"
"5/11/1921","77.98"
"5/12/1921","77.6"
"5/13/1921","77.57"
"5/14/1921","77.19"
"5/16/1921","77.23"
"5/17/1921","77.65"
"5/18/1921","77.51"
"5/19/1921","76.96"
"5/20/1921","76.07"
"5/21/1921","75.65"
"5/23/1921","75.86"
"5/24/1921","74.43"
"5/25/1921","74.26"
"5/26/1921","74.81"
"5/27/1921","74.31"
"5/31/1921","73.44"
"6/1/1921","73.51"
"6/2/1921","73.06"
"6/3/1921","72.37"
"6/4/1921","72.55"
"6/6/1921","71.18"
"6/7/1921","71.56"
"6/8/1921","71.03"
"6/9/1921","69.85"
"6/10/1921","69.92"
"6/11/1921","69.7"
"6/13/1921","70.03"
"6/14/1921","70.05"
"6/15/1921","69"
"6/16/1921","68.16"
"6/17/1921","67.57"
"6/18/1921","67.25"
"6/20/1921","64.9"
"6/21/1921","66.25"
"6/22/1921","66.23"
"6/23/1921","65.36"
"6/24/1921","66.2"
"6/25/1921","67.85"
"6/27/1921","67.03"
"6/28/1921","67.63"
"6/29/1921","68.73"
"6/30/1921","68.45"
"7/1/1921","68.35"
"7/5/1921","67.71"
"7/6/1921","69.86"
"7/7/1921","69.72"
"7/8/1921","68.35"
"7/9/1921","68.54"
"7/11/1921","68.69"
"7/12/1921","68.7"
"7/13/1921","68.65"
"7/14/1921","67.85"
"7/15/1921","67.25"
"7/16/1921","67.44"
"7/18/1921","67.87"
"7/19/1921","68.24"
"7/20/1921","68.21"
"7/21/1921","68.11"
"7/22/1921","68.27"
"7/23/1921","69.23"
"7/25/1921","69.8"
"7/26/1921","69.2"
"7/27/1921","69.18"
"7/28/1921","68.18"
"7/29/1921","68.37"
"7/30/1921","68.86"
"8/1/1921","69.68"
"8/2/1921","69.95"
"8/3/1921","69.71"
"8/4/1921","69.5"
"8/5/1921","68.61"
"8/6/1921","68.56"
"8/8/1921","68.63"
"8/9/1921","68"
"8/10/1921","66.71"
"8/11/1921","66.42"
"8/12/1921","66.88"
"8/13/1921","66.75"
"8/15/1921","66.02"
"8/16/1921","65.27"
"8/17/1921","66.09"
"8/18/1921","65.96"
"8/19/1921","65.34"
"8/20/1921","65.09"
"8/22/1921","64.5"
"8/23/1921","64.38"
"8/24/1921","63.9"
"8/25/1921","63.91"
"8/26/1921","65.54"
"8/27/1921","65.56"
"8/29/1921","66.18"
"8/30/1921","67.8"
"8/31/1921","67.11"
"9/1/1921","66.83"
"9/2/1921","68"
"9/6/1921","69.12"
"9/7/1921","69.49"
"9/8/1921","69.15"
"9/9/1921","70.58"
"9/10/1921","71.92"
"9/12/1921","70.68"
"9/13/1921","71.72"
"9/14/1921","71.68"
"9/15/1921","70.68"
"9/16/1921","70.95"
"9/17/1921","70.83"
"9/19/1921","70.06"
"9/20/1921","69.43"
"9/21/1921","69.45"
"9/22/1921","70.25"
"9/23/1921","70.9"
"9/24/1921","70.81"
"9/26/1921","70.65"
"9/27/1921","70.3"
"9/28/1921","70.14"
"9/29/1921","71.19"
"9/30/1921","71.08"
"10/1/1921","71.68"
"10/3/1921","71.61"
"10/4/1921","70.95"
"10/5/1921","70.46"
"10/6/1921","70.42"
"10/7/1921","70.66"
"10/8/1921","71.17"
"10/10/1921","70.95"
"10/11/1921","71.06"
"10/13/1921","70.9"
"10/14/1921","70.15"
"10/15/1921","70.09"
"10/17/1921","69.46"
"10/18/1921","69.81"
"10/19/1921","70.21"
"10/20/1921","70.77"
"10/21/1921","71"
"10/22/1921","71.11"
"10/24/1921","71.81"
"10/25/1921","72.22"
"10/26/1921","72.27"
"10/27/1921","72.78"
"10/28/1921","73.8"
"10/29/1921","73.93"
"10/31/1921","73.21"
"11/1/1921","73.44"
"11/2/1921","73.52"
"11/3/1921","73.98"
"11/4/1921","73.94"
"11/5/1921","73.91"
"11/7/1921","74.2"
"11/9/1921","75.75"
"11/10/1921","75.61"
"11/12/1921","76.46"
"11/14/1921","75.5"
"11/15/1921","75.8"
"11/16/1921","77.13"
"11/17/1921","77.07"
"11/18/1921","76.94"
"11/19/1921","77.06"
"11/21/1921","76.69"
"11/22/1921","76.21"
"11/23/1921","76.34"
"11/25/1921","77.31"
"11/26/1921","77.85"
"11/28/1921","78.01"
"11/29/1921","77.76"
"11/30/1921","77.3"
"12/1/1921","78.12"
"12/2/1921","78.73"
"12/3/1921","79"
"12/5/1921","78.93"
"12/6/1921","79.36"
"12/7/1921","79.19"
"12/8/1921","78.8"
"12/9/1921","79.6"
"12/10/1921","80.16"
"12/12/1921","80.63"
"12/13/1921","80.69"
"12/14/1921","81.04"
"12/15/1921","81.5"
"12/16/1921","80.95"
"12/17/1921","80.57"
"12/19/1921","80.31"
"12/20/1921","80.3"
"12/21/1921","79.02"
"12/22/1921","78.76"
"12/23/1921","79.31"
"12/24/1921","79.61"
"12/27/1921","80.69"
"12/28/1921","80.8"
"12/29/1921","80.34"
"12/30/1921","80.8"
"12/31/1921","81.1"
"1/3/1922","78.91"
"1/4/1922","79.61"
"1/5/1922","78.68"
"1/6/1922","78.96"
"1/7/1922","79.12"
"1/9/1922","78.87"
"1/10/1922","78.59"
"1/11/1922","80.03"
"1/12/1922","79.96"
"1/13/1922","80.82"
"1/14/1922","81.23"
"1/16/1922","81.36"
"1/17/1922","81.9"
"1/18/1922","82.33"
"1/19/1922","81.91"
"1/20/1922","82.95"
"1/21/1922","82.53"
"1/23/1922","82.29"
"1/24/1922","82.43"
"1/25/1922","82.57"
"1/26/1922","81.54"
"1/27/1922","81.34"
"1/28/1922","81.75"
"1/30/1922","81.33"
"1/31/1922","81.3"
"2/1/1922","81.68"
"2/2/1922","82.86"
"2/3/1922","82.93"
"2/4/1922","83.61"
"2/6/1922","83.7"
"2/7/1922","83.38"
"2/8/1922","82.74"
"2/9/1922","83.6"
"2/10/1922","83.05"
"2/11/1922","82.96"
"2/14/1922","83.81"
"2/15/1922","84.09"
"2/16/1922","83.98"
"2/17/1922","83.88"
"2/18/1922","84.28"
"2/20/1922","84.85"
"2/21/1922","85.81"
"2/23/1922","85.36"
"2/24/1922","85.18"
"2/25/1922","83.33"
"2/27/1922","84.58"
"2/28/1922","85.46"
"3/1/1922","85.33"
"3/2/1922","86.03"
"3/3/1922","86.46"
"3/4/1922","85.91"
"3/6/1922","86.3"
"3/7/1922","86.9"
"3/8/1922","86.73"
"3/9/1922","86.95"
"3/10/1922","87.18"
"3/11/1922","87.93"
"3/13/1922","87.56"
"3/14/1922","87.92"
"3/15/1922","87.3"
"3/16/1922","88.11"
"3/17/1922","88.46"
"3/18/1922","88.47"
"3/20/1922","88.28"
"3/21/1922","88.11"
"3/22/1922","87.26"
"3/23/1922","86.9"
"3/24/1922","87.4"
"3/25/1922","87.08"
"3/27/1922","86.6"
"3/28/1922","87.2"
"3/29/1922","87.9"
"3/30/1922","88.87"
"3/31/1922","89.05"
"4/1/1922","89.08"
"4/3/1922","90.05"
"4/4/1922","89.3"
"4/5/1922","90.67"
"4/6/1922","90.8"
"4/7/1922","90.8"
"4/8/1922","90.63"
"4/10/1922","91.11"
"4/11/1922","91.91"
"4/12/1922","91.77"
"4/13/1922","92.48"
"4/15/1922","93.06"
"4/17/1922","92.75"
"4/18/1922","91.15"
"4/19/1922","92.52"
"4/20/1922","92.43"
"4/21/1922","93.21"
"4/22/1922","93.46"
"4/24/1922","93"
"4/25/1922","92.72"
"4/26/1922","91.96"
"4/27/1922","91.1"
"4/28/1922","91.93"
"4/29/1922","92.74"
"5/1/1922","93.35"
"5/2/1922","93.64"
"5/3/1922","93.81"
"5/4/1922","93.18"
"5/5/1922","93.18"
"5/6/1922","93.59"
"5/8/1922","92.84"
"5/9/1922","92.57"
"5/10/1922","91.58"
"5/11/1922","91.5"
"5/12/1922","92.5"
"5/13/1922","92.93"
"5/15/1922","92.08"
"5/16/1922","92.63"
"5/17/1922","93.71"
"5/18/1922","93.91"
"5/19/1922","94.8"
"5/20/1922","94.65"
"5/22/1922","94.86"
"5/23/1922","94.66"
"5/24/1922","94.7"
"5/25/1922","94.36"
"5/26/1922","95.05"
"5/27/1922","95.47"
"5/29/1922","96.41"
"5/31/1922","95.63"
"6/1/1922","96.03"
"6/2/1922","96.36"
"6/3/1922","96.31"
"6/5/1922","95.98"
"6/6/1922","95.59"
"6/7/1922","95.15"
"6/8/1922","95.11"
"6/9/1922","93.6"
"6/10/1922","93.2"
"6/12/1922","90.73"
"6/13/1922","92.04"
"6/14/1922","93.08"
"6/15/1922","91.25"
"6/16/1922","91.11"
"6/17/1922","91.45"
"6/19/1922","91.95"
"6/20/1922","93.51"
"6/21/1922","93.02"
"6/22/1922","93.15"
"6/23/1922","93.07"
"6/24/1922","93.16"
"6/26/1922","93.48"
"6/27/1922","92.47"
"6/28/1922","92.24"
"6/29/1922","92.06"
"6/30/1922","92.93"
"7/1/1922","92.9"
"7/3/1922","92.92"
"7/5/1922","92.97"
"7/6/1922","93.97"
"7/7/1922","94.63"
"7/8/1922","93.53"
"7/10/1922","93.9"
"7/11/1922","94.17"
"7/12/1922","94.88"
"7/13/1922","94.65"
"7/14/1922","94.96"
"7/15/1922","95.35"
"7/17/1922","95.26"
"7/18/1922","96.53"
"7/19/1922","96.69"
"7/20/1922","96.76"
"7/21/1922","96.13"
"7/22/1922","95.78"
"7/24/1922","94.64"
"7/25/1922","95.69"
"7/26/1922","94.84"
"7/27/1922","96.36"
"7/28/1922","96.69"
"7/29/1922","96.83"
"7/31/1922","97.05"
"8/1/1922","96.25"
"8/2/1922","96.51"
"8/3/1922","96.81"
"8/4/1922","97.11"
"8/5/1922","97.03"
"8/7/1922","97.37"
"8/8/1922","97.07"
"8/9/1922","96.93"
"8/10/1922","96.51"
"8/11/1922","96.82"
"8/12/1922","97.04"
"8/14/1922","96.21"
"8/15/1922","96.9"
"8/16/1922","97.41"
"8/17/1922","97.93"
"8/18/1922","98.6"
"8/19/1922","99.01"
"8/21/1922","99.71"
"8/22/1922","100.75"
"8/23/1922","100.32"
"8/24/1922","99.71"
"8/25/1922","99.82"
"8/26/1922","100.05"
"8/28/1922","99.21"
"8/29/1922","100.7"
"8/30/1922","100.75"
"8/31/1922","100.78"
"9/1/1922","101.28"
"9/2/1922","101.29"
"9/5/1922","101.67"
"9/6/1922","100.6"
"9/7/1922","101.05"
"9/8/1922","101.22"
"9/9/1922","101.68"
"9/11/1922","102.05"
"9/12/1922","101.88"
"9/13/1922","101.1"
"9/14/1922","100.79"
"9/15/1922","100.99"
"9/16/1922","100.43"
"9/18/1922","98.88"
"9/19/1922","99.93"
"9/20/1922","100.14"
"9/21/1922","98.37"
"9/22/1922","98.55"
"9/23/1922","99.1"
"9/25/1922","98.9"
"9/26/1922","98.45"
"9/27/1922","96.81"
"9/28/1922","96.58"
"9/29/1922","97.12"
"9/30/1922","96.3"
"10/2/1922","97.67"
"10/3/1922","98.9"
"10/4/1922","99.93"
"10/5/1922","100.34"
"10/6/1922","100.81"
"10/7/1922","100.5"
"10/9/1922","102.26"
"10/10/1922","101.55"
"10/11/1922","101.72"
"10/13/1922","102.6"
"10/14/1922","103.43"
"10/16/1922","102.76"
"10/17/1922","102.6"
"10/18/1922","102"
"10/19/1922","101.21"
"10/20/1922","102.01"
"10/21/1922","101.95"
"10/23/1922","100.11"
"10/24/1922","100.1"
"10/25/1922","99.55"
"10/26/1922","98"
"10/27/1922","98.76"
"10/28/1922","98.68"
"10/30/1922","96.9"
"10/31/1922","96.11"
"11/1/1922","96.23"
"11/2/1922","98.5"
"11/3/1922","99.29"
"11/4/1922","99.06"
"11/6/1922","98.45"
"11/8/1922","99.53"
"11/9/1922","98.98"
"11/10/1922","97.5"
"11/11/1922","95.88"
"11/13/1922","95.37"
"11/14/1922","93.61"
"11/15/1922","95.11"
"11/16/1922","94.72"
"11/17/1922","95.09"
"11/18/1922","95.36"
"11/20/1922","95.82"
"11/21/1922","95.59"
"11/22/1922","94.29"
"11/23/1922","94.08"
"11/24/1922","94.1"
"11/25/1922","92.78"
"11/27/1922","92.03"
"11/28/1922","93.85"
"11/29/1922","94.65"
"12/1/1922","95.73"
"12/2/1922","95.91"
"12/4/1922","95.1"
"12/5/1922","95.03"
"12/6/1922","96.75"
"12/7/1922","96.91"
"12/8/1922","97.88"
"12/9/1922","97.72"
"12/11/1922","97.85"
"12/12/1922","97.75"
"12/13/1922","98.28"
"12/14/1922","98.19"
"12/15/1922","98.03"
"12/16/1922","98.13"
"12/18/1922","97.64"
"12/19/1922","98.23"
"12/20/1922","97.52"
"12/21/1922","97.88"
"12/22/1922","98.62"
"12/26/1922","99.04"
"12/27/1922","99.22"
"12/28/1922","98.14"
"12/29/1922","98.17"
"12/30/1922","98.73"
"1/2/1923","98.77"
"1/3/1923","99.42"
"1/4/1923","98.57"
"1/5/1923","98.88"
"1/6/1923","97.77"
"1/8/1923","98.06"
"1/9/1923","97.23"
"1/10/1923","97.29"
"1/11/1923","98.12"
"1/12/1923","98.63"
"1/13/1923","99.09"
"1/15/1923","98.04"
"1/16/1923","96.96"
"1/17/1923","97.05"
"1/18/1923","98.09"
"1/19/1923","97.85"
"1/20/1923","97.61"
"1/22/1923","97.25"
"1/23/1923","97.43"
"1/24/1923","97.16"
"1/25/1923","97.79"
"1/26/1923","98.15"
"1/27/1923","98"
"1/29/1923","98.26"
"1/30/1923","97.75"
"1/31/1923","97.43"
"2/1/1923","97.71"
"2/2/1923","98.7"
"2/3/1923","99.33"
"2/5/1923","100.03"
"2/6/1923","101.01"
"2/7/1923","101.05"
"2/8/1923","101.05"
"2/9/1923","100.82"
"2/10/1923","101.7"
"2/13/1923","102.16"
"2/14/1923","101.85"
"2/15/1923","102.57"
"2/16/1923","103.23"
"2/17/1923","103.21"
"2/19/1923","102.96"
"2/20/1923","103.56"
"2/21/1923","103.59"
"2/23/1923","103.27"
"2/24/1923","102.85"
"2/26/1923","102.4"
"2/27/1923","102.79"
"2/28/1923","103.9"
"3/1/1923","104.23"
"3/2/1923","104.65"
"3/3/1923","104.51"
"3/5/1923","104.77"
"3/6/1923","104.79"
"3/7/1923","105.23"
"3/8/1923","104.7"
"3/9/1923","104.48"
"3/10/1923","103.82"
"3/12/1923","104.22"
"3/13/1923","104.79"
"3/14/1923","105.28"
"3/15/1923","104.74"
"3/16/1923","103.93"
"3/17/1923","104.89"
"3/19/1923","105.36"
"3/20/1923","105.38"
"3/21/1923","105.23"
"3/22/1923","105.09"
"3/23/1923","103.98"
"3/24/1923","103.28"
"3/26/1923","102.36"
"3/27/1923","103.03"
"3/28/1923","103.45"
"3/29/1923","102.77"
"3/31/1923","102.75"
"4/2/1923","101.51"
"4/3/1923","101.6"
"4/4/1923","101.4"
"4/5/1923","102.36"
"4/6/1923","102.7"
"4/7/1923","102.56"
"4/9/1923","102.11"
"4/10/1923","101.86"
"4/11/1923","101.08"
"4/12/1923","101.71"
"4/13/1923","101.81"
"4/14/1923","102.09"
"4/16/1923","101.76"
"4/17/1923","102.14"
"4/18/1923","102.24"
"4/19/1923","102.58"
"4/20/1923","101.38"
"4/21/1923","101.1"
"4/23/1923","100.73"
"4/24/1923","101.08"
"4/25/1923","101.36"
"4/26/1923","101.37"
"4/27/1923","101.16"
"4/28/1923","100.63"
"4/30/1923","98.38"
"5/1/1923","97.4"
"5/2/1923","98.05"
"5/3/1923","96.3"
"5/4/1923","96.6"
"5/5/1923","96.73"
"5/7/1923","95.41"
"5/8/1923","96.54"
"5/9/1923","98.19"
"5/10/1923","97.61"
"5/11/1923","96.45"
"5/12/1923","95.4"
"5/14/1923","96.91"
"5/15/1923","95.95"
"5/16/1923","95.53"
"5/17/1923","95.41"
"5/18/1923","95.07"
"5/19/1923","94.7"
"5/21/1923","92.77"
"5/22/1923","93.58"
"5/23/1923","93.9"
"5/24/1923","96.03"
"5/25/1923","96.65"
"5/26/1923","97.48"
"5/28/1923","97.25"
"5/29/1923","97.66"
"5/31/1923","97.53"
"6/1/1923","95.36"
"6/2/1923","95.75"
"6/4/1923","96.14"
"6/5/1923","96.29"
"6/6/1923","97.24"
"6/7/1923","97.17"
"6/8/1923","96.66"
"6/9/1923","97.1"
"6/11/1923","97.22"
"6/12/1923","95.97"
"6/13/1923","95.79"
"6/14/1923","95.44"
"6/15/1923","94.86"
"6/16/1923","94.73"
"6/18/1923","92.64"
"6/19/1923","92.76"
"6/20/1923","90.81"
"6/21/1923","92.26"
"6/22/1923","93.55"
"6/23/1923","93.3"
"6/25/1923","91.48"
"6/26/1923","90.11"
"6/27/1923","88.66"
"6/28/1923","89.38"
"6/29/1923","88.4"
"6/30/1923","87.85"
"7/2/1923","88.95"
"7/3/1923","87.87"
"7/5/1923","87.9"
"7/6/1923","88.65"
"7/7/1923","89.41"
"7/9/1923","89.26"
"7/10/1923","88.44"
"7/11/1923","87.8"
"7/12/1923","87.64"
"7/13/1923","89.07"
"7/14/1923","89.4"
"7/16/1923","89.22"
"7/17/1923","89.5"
"7/18/1923","90.01"
"7/19/1923","91.35"
"7/20/1923","91.72"
"7/21/1923","91.39"
"7/23/1923","91.58"
"7/24/1923","90.16"
"7/25/1923","90.87"
"7/26/1923","91.06"
"7/27/1923","88.37"
"7/28/1923","87.33"
"7/30/1923","88.11"
"7/31/1923","86.91"
"8/1/1923","87.96"
"8/2/1923","88.2"
"8/4/1923","87.2"
"8/6/1923","88.51"
"8/7/1923","89.55"
"8/8/1923","88.63"
"8/9/1923","88.67"
"8/11/1923","89.11"
"8/13/1923","88.95"
"8/14/1923","89.6"
"8/15/1923","90.23"
"8/16/1923","90.86"
"8/17/1923","91.64"
"8/18/1923","92.32"
"8/20/1923","91.71"
"8/21/1923","92.18"
"8/22/1923","92.13"
"8/23/1923","92.04"
"8/24/1923","91.92"
"8/25/1923","91.59"
"8/27/1923","92.48"
"8/28/1923","93.2"
"8/29/1923","93.7"
"8/30/1923","93.4"
"8/31/1923","93.46"
"9/1/1923","93.22"
"9/4/1923","92.25"
"9/5/1923","92.98"
"9/6/1923","93"
"9/7/1923","92.84"
"9/8/1923","92.93"
"9/10/1923","93.31"
"9/11/1923","93.61"
"9/12/1923","92.05"
"9/13/1923","89.93"
"9/14/1923","89.63"
"9/15/1923","89.05"
"9/17/1923","89.41"
"9/18/1923","88.49"
"9/19/1923","89.17"
"9/20/1923","88.16"
"9/21/1923","88.07"
"9/22/1923","88.54"
"9/24/1923","89.21"
"9/25/1923","87.94"
"9/26/1923","88.53"
"9/27/1923","88.53"
"9/28/1923","87.97"
"9/29/1923","87.89"
"10/1/1923","88.06"
"10/2/1923","88.09"
"10/3/1923","90.45"
"10/4/1923","89.93"
"10/5/1923","89.41"
"10/6/1923","89.29"
"10/8/1923","88.56"
"10/9/1923","88.06"
"10/10/1923","87.54"
"10/11/1923","87.16"
"10/13/1923","87.13"
"10/15/1923","88.06"
"10/16/1923","86.91"
"10/17/1923","87.56"
"10/18/1923","87.46"
"10/19/1923","87.51"
"10/20/1923","87.83"
"10/22/1923","87.48"
"10/23/1923","87.37"
"10/24/1923","87.13"
"10/25/1923","86.43"
"10/26/1923","86.01"
"10/27/1923","85.76"
"10/29/1923","86.2"
"10/30/1923","85.91"
"10/31/1923","88.53"
"11/1/1923","88.41"
"11/2/1923","88.91"
"11/3/1923","89.63"
"11/5/1923","89.36"
"11/7/1923","89.48"
"11/8/1923","90.75"
"11/9/1923","91.14"
"11/10/1923","91.39"
"11/12/1923","91.08"
"11/13/1923","90.75"
"11/14/1923","90.44"
"11/15/1923","90.87"
"11/16/1923","90.33"
"11/17/1923","89.65"
"11/19/1923","91.35"
"11/20/1923","91.26"
"11/21/1923","92.17"
"11/22/1923","91.83"
"11/23/1923","92.13"
"11/24/1923","92.6"
"11/26/1923","92.88"
"11/27/1923","92.61"
"11/28/1923","92.41"
"11/30/1923","92.34"
"12/1/1923","93.15"
"12/3/1923","92.64"
"12/4/1923","92.68"
"12/5/1923","92.81"
"12/6/1923","92.94"
"12/7/1923","93.8"
"12/8/1923","93.85"
"12/10/1923","93.86"
"12/11/1923","93.65"
"12/12/1923","94.11"
"12/13/1923","94.7"
"12/14/1923","94.93"
"12/15/1923","95.23"
"12/17/1923","95.26"
"12/18/1923","93.66"
"12/19/1923","93.63"
"12/20/1923","94"
"12/21/1923","93.51"
"12/22/1923","93.63"
"12/24/1923","94.42"
"12/26/1923","95.61"
"12/27/1923","94.98"
"12/28/1923","95.12"
"12/29/1923","95.23"
"12/31/1923","95.52"
"1/2/1924","95.65"
"1/3/1924","94.88"
"1/4/1924","95.4"
"1/5/1924","96.26"
"1/7/1924","96.54"
"1/8/1924","96.77"
"1/9/1924","97.04"
"1/10/1924","97.23"
"1/11/1924","97.46"
"1/12/1924","97.25"
"1/14/1924","95.68"
"1/15/1924","96.09"
"1/16/1924","96.65"
"1/17/1924","96.42"
"1/18/1924","96.28"
"1/19/1924","96.6"
"1/21/1924","97.28"
"1/22/1924","97.23"
"1/23/1924","97.73"
"1/24/1924","98.59"
"1/25/1924","99.81"
"1/26/1924","100"
"1/28/1924","99.35"
"1/29/1924","99.16"
"1/30/1924","99.4"
"1/31/1924","100.66"
"2/1/1924","100.7"
"2/2/1924","100.84"
"2/4/1924","101.08"
"2/5/1924","101.08"
"2/6/1924","101.31"
"2/7/1924","100.99"
"2/8/1924","100.2"
"2/9/1924","100.88"
"2/11/1924","100.91"
"2/13/1924","99.81"
"2/14/1924","100.05"
"2/15/1924","96.63"
"2/16/1924","98.06"
"2/18/1924","96.33"
"2/19/1924","96.97"
"2/20/1924","96.58"
"2/21/1924","97.4"
"2/23/1924","97.88"
"2/25/1924","97.16"
"2/26/1924","96.45"
"2/27/1924","96.75"
"2/28/1924","97.69"
"2/29/1924","97.22"
"3/1/1924","97.49"
"3/3/1924","97.1"
"3/4/1924","97.5"
"3/5/1924","97.55"
"3/6/1924","98.45"
"3/7/1924","98.61"
"3/8/1924","98.25"
"3/10/1924","97.21"
"3/11/1924","97.81"
"3/12/1924","97.58"
"3/13/1924","98.25"
"3/14/1924","98.86"
"3/15/1924","98.02"
"3/17/1924","96.6"
"3/18/1924","96.89"
"3/19/1924","96.8"
"3/20/1924","95.88"
"3/21/1924","95.87"
"3/22/1924","95.72"
"3/24/1924","95.58"
"3/25/1924","94.12"
"3/26/1924","93.67"
"3/27/1924","92.9"
"3/28/1924","92.54"
"3/29/1924","92.28"
"3/31/1924","93.01"
"4/1/1924","93.5"
"4/2/1924","94.5"
"4/3/1924","94.33"
"4/4/1924","94.69"
"4/5/1924","94.05"
"4/7/1924","93.03"
"4/8/1924","92.85"
"4/9/1924","92.24"
"4/10/1924","90.86"
"4/11/1924","91.71"
"4/12/1924","90.78"
"4/14/1924","89.91"
"4/15/1924","90.52"
"4/16/1924","90.78"
"4/17/1924","91.34"
"4/19/1924","91.13"
"4/21/1924","89.18"
"4/22/1924","89.22"
"4/23/1924","90.43"
"4/24/1924","90.44"
"4/25/1924","91.51"
"4/26/1924","92.02"
"4/28/1924","90.99"
"4/29/1924","90.65"
"4/30/1924","90.63"
"5/1/1924","92.12"
"5/2/1924","91.68"
"5/3/1924","91.93"
"5/5/1924","92.23"
"5/6/1924","92.24"
"5/7/1924","92.47"
"5/8/1924","92.04"
"5/9/1924","91.4"
"5/10/1924","90.55"
"5/12/1924","89.48"
"5/13/1924","89.69"
"5/14/1924","88.77"
"5/15/1924","89.18"
"5/16/1924","89.78"
"5/17/1924","89.33"
"5/19/1924","89.81"
"5/20/1924","88.33"
"5/21/1924","89.35"
"5/22/1924","90.1"
"5/23/1924","90.04"
"5/24/1924","90.66"
"5/26/1924","90.6"
"5/27/1924","90.15"
"5/28/1924","89.9"
"5/29/1924","89.9"
"6/2/1924","90.15"
"6/3/1924","91.23"
"6/4/1924","90.72"
"6/5/1924","90.41"
"6/6/1924","89.18"
"6/7/1924","89.52"
"6/9/1924","90.15"
"6/10/1924","90.53"
"6/11/1924","92"
"6/12/1924","92.19"
"6/13/1924","92.68"
"6/14/1924","92.85"
"6/16/1924","93.8"
"6/17/1924","93.57"
"6/18/1924","93.52"
"6/19/1924","93.79"
"6/20/1924","93.48"
"6/21/1924","93.53"
"6/23/1924","92.65"
"6/24/1924","93.13"
"6/25/1924","93.67"
"6/26/1924","94.71"
"6/27/1924","95.33"
"6/28/1924","95.55"
"6/30/1924","96.37"
"7/1/1924","96.45"
"7/2/1924","96.38"
"7/3/1924","96.48"
"7/5/1924","96.43"
"7/7/1924","96.91"
"7/8/1924","97.56"
"7/9/1924","97.4"
"7/10/1924","96.65"
"7/11/1924","97.38"
"7/12/1924","97.6"
"7/14/1924","97.5"
"7/15/1924","97.4"
"7/16/1924","96.85"
"7/17/1924","96.85"
"7/18/1924","97.4"
"7/19/1924","98.09"
"7/21/1924","99.02"
"7/22/1924","99.36"
"7/23/1924","99.4"
"7/24/1924","99.36"
"7/25/1924","99.6"
"7/26/1924","100.36"
"7/28/1924","101.09"
"7/29/1924","100.87"
"7/30/1924","101.16"
"7/31/1924","102.14"
"8/1/1924","102.12"
"8/2/1924","102.89"
"8/4/1924","103.28"
"8/5/1924","102.52"
"8/6/1924","102.57"
"8/7/1924","102.3"
"8/8/1924","101.79"
"8/9/1924","102.08"
"8/11/1924","102.2"
"8/12/1924","101.51"
"8/13/1924","101.6"
"8/14/1924","102.86"
"8/15/1924","104.01"
"8/16/1924","104.62"
"8/18/1924","104.99"
"8/19/1924","105.38"
"8/20/1924","105.57"
"8/21/1924","104.83"
"8/22/1924","103.89"
"8/23/1924","103.51"
"8/25/1924","103.53"
"8/26/1924","103.58"
"8/27/1924","103.23"
"8/28/1924","102.67"
"8/29/1924","104.14"
"8/30/1924","105.16"
"9/2/1924","104.95"
"9/3/1924","104.02"
"9/4/1924","102.77"
"9/5/1924","101.07"
"9/6/1924","100.76"
"9/8/1924","101.26"
"9/9/1924","101.98"
"9/10/1924","101.13"
"9/11/1924","101.79"
"9/12/1924","101.91"
"9/13/1924","101.97"
"9/15/1924","101.38"
"9/16/1924","101.75"
"9/17/1924","103.49"
"9/18/1924","103.42"
"9/19/1924","103.63"
"9/20/1924","103.85"
"9/22/1924","103.25"
"9/23/1924","104.16"
"9/24/1924","104.68"
"9/25/1924","104.13"
"9/26/1924","103.98"
"9/27/1924","103.93"
"9/29/1924","102.96"
"9/30/1924","103.16"
"10/1/1924","104.08"
"10/2/1924","103.63"
"10/3/1924","102.64"
"10/4/1924","102.85"
"10/6/1924","102.58"
"10/7/1924","102.38"
"10/8/1924","102.06"
"10/9/1924","102.6"
"10/10/1924","101.38"
"10/11/1924","101.33"
"10/14/1924","99.18"
"10/15/1924","100.11"
"10/16/1924","100.16"
"10/17/1924","100.86"
"10/18/1924","101.76"
"10/20/1924","101.14"
"10/21/1924","101.85"
"10/22/1924","101.96"
"10/23/1924","102.18"
"10/24/1924","102.53"
"10/25/1924","102.04"
"10/27/1924","101.73"
"10/28/1924","102.45"
"10/29/1924","102.41"
"10/30/1924","103"
"10/31/1924","104.06"
"11/1/1924","104.17"
"11/3/1924","103.89"
"11/5/1924","105.11"
"11/6/1924","104.06"
"11/7/1924","104.86"
"11/8/1924","105.53"
"11/10/1924","105.91"
"11/11/1924","107.58"
"11/12/1924","108.14"
"11/13/1924","108.58"
"11/14/1924","108.96"
"11/15/1924","108.68"
"11/17/1924","109.51"
"11/18/1924","110.73"
"11/19/1924","110.24"
"11/20/1924","110.5"
"11/21/1924","109.63"
"11/22/1924","109.55"
"11/24/1924","109.81"
"11/25/1924","110.08"
"11/26/1924","110.15"
"11/28/1924","111.1"
"11/29/1924","111.38"
"12/1/1924","110.44"
"12/2/1924","110.71"
"12/3/1924","110.83"
"12/4/1924","111.56"
"12/5/1924","111.26"
"12/6/1924","111.1"
"12/8/1924","111.3"
"12/9/1924","112.11"
"12/10/1924","111.07"
"12/11/1924","110.84"
"12/12/1924","111.96"
"12/13/1924","112.76"
"12/15/1924","113.4"
"12/16/1924","113.73"
"12/17/1924","114.35"
"12/18/1924","115.17"
"12/19/1924","116.13"
"12/20/1924","116.41"
"12/22/1924","116.84"
"12/23/1924","115.78"
"12/24/1924","116.74"
"12/26/1924","118.59"
"12/27/1924","119.18"
"12/29/1924","118.63"
"12/30/1924","118.02"
"12/31/1924","120.51"
"1/2/1925","121.25"
"1/3/1925","122.2"
"1/5/1925","119.46"
"1/6/1925","121.13"
"1/7/1925","121.18"
"1/8/1925","121.61"
"1/9/1925","122.32"
"1/10/1925","122.16"
"1/12/1925","123.21"
"1/13/1925","123.56"
"1/14/1925","122.97"
"1/15/1925","121.38"
"1/16/1925","121.71"
"1/17/1925","123.13"
"1/19/1925","122.35"
"1/20/1925","121.74"
"1/21/1925","122.11"
"1/22/1925","123.6"
"1/23/1925","123.09"
"1/24/1925","122.98"
"1/26/1925","121.9"
"1/27/1925","121.53"
"1/28/1925","121.98"
"1/29/1925","122.44"
"1/30/1925","123.49"
"1/31/1925","123.22"
"2/2/1925","120.46"
"2/3/1925","120.08"
"2/4/1925","120.56"
"2/5/1925","120.83"
"2/6/1925","121.48"
"2/7/1925","121.5"
"2/9/1925","122.37"
"2/10/1925","121.73"
"2/11/1925","121.23"
"2/13/1925","121.73"
"2/14/1925","120.86"
"2/16/1925","117.96"
"2/17/1925","118.48"
"2/18/1925","120.07"
"2/19/1925","119.71"
"2/20/1925","121.64"
"2/21/1925","121.85"
"2/24/1925","121.48"
"2/25/1925","122.15"
"2/26/1925","122.86"
"2/27/1925","122.24"
"2/28/1925","122.71"
"3/2/1925","123.93"
"3/3/1925","125.25"
"3/4/1925","123.26"
"3/5/1925","124.81"
"3/6/1925","125.68"
"3/7/1925","124.98"
"3/9/1925","124.33"
"3/10/1925","122.62"
"3/11/1925","123.26"
"3/12/1925","124.6"
"3/13/1925","123.25"
"3/14/1925","124.16"
"3/16/1925","120.76"
"3/17/1925","118.53"
"3/18/1925","118.25"
"3/19/1925","119.38"
"3/20/1925","120.91"
"3/21/1925","119.6"
"3/23/1925","116.82"
"3/24/1925","116.78"
"3/25/1925","118.71"
"3/26/1925","116.78"
"3/27/1925","117.48"
"3/28/1925","116.3"
"3/30/1925","115"
"3/31/1925","116.75"
"4/1/1925","118.07"
"4/2/1925","117.61"
"4/3/1925","117.4"
"4/4/1925","118.25"
"4/6/1925","119.43"
"4/7/1925","118.78"
"4/8/1925","118.9"
"4/9/1925","119.06"
"4/11/1925","119.33"
"4/13/1925","120.18"
"4/14/1925","121.54"
"4/15/1925","121.11"
"4/16/1925","120.67"
"4/17/1925","121.41"
"4/18/1925","122.02"
"4/20/1925","121.23"
"4/21/1925","119.53"
"4/22/1925","120.52"
"4/23/1925","120.82"
"4/24/1925","119.74"
"4/25/1925","119.75"
"4/27/1925","119.46"
"4/28/1925","120"
"4/29/1925","120.4"
"4/30/1925","120.01"
"5/1/1925","121.1"
"5/2/1925","121.96"
"5/4/1925","122.86"
"5/5/1925","123.63"
"5/6/1925","124.32"
"5/7/1925","125.16"
"5/8/1925","124.74"
"5/9/1925","124.64"
"5/11/1925","124.14"
"5/12/1925","124.45"
"5/13/1925","124.21"
"5/14/1925","124.16"
"5/15/1925","126"
"5/16/1925","126.5"
"5/18/1925","127.09"
"5/19/1925","128.38"
"5/20/1925","128.68"
"5/21/1925","128.7"
"5/22/1925","128.95"
"5/23/1925","128.85"
"5/25/1925","127.78"
"5/26/1925","128.43"
"5/27/1925","129.13"
"5/28/1925","129.6"
"5/29/1925","129.95"
"6/1/1925","129.69"
"6/2/1925","130.42"
"6/3/1925","130.41"
"6/4/1925","128.89"
"6/5/1925","128.98"
"6/6/1925","128.85"
"6/8/1925","127.12"
"6/9/1925","127.21"
"6/10/1925","126.75"
"6/11/1925","127.85"
"6/12/1925","128.38"
"6/13/1925","129.38"
"6/15/1925","128.43"
"6/16/1925","129.66"
"6/17/1925","129.8"
"6/18/1925","128.88"
"6/19/1925","129.26"
"6/20/1925","129.16"
"6/22/1925","128.25"
"6/23/1925","127.17"
"6/24/1925","127.8"
"6/25/1925","128.28"
"6/26/1925","129.17"
"6/27/1925","129.73"
"6/29/1925","129.23"
"6/30/1925","131.01"
"7/1/1925","131.76"
"7/2/1925","131.53"
"7/3/1925","131.52"
"7/6/1925","132.31"
"7/7/1925","132.7"
"7/8/1925","133.07"
"7/9/1925","131.83"
"7/10/1925","131.33"
"7/11/1925","131.43"
"7/13/1925","131.71"
"7/14/1925","132.95"
"7/15/1925","133.4"
"7/16/1925","133.5"
"7/17/1925","134"
"7/18/1925","134.68"
"7/20/1925","135"
"7/21/1925","134.93"
"7/22/1925","133.87"
"7/23/1925","135.33"
"7/24/1925","135.58"
"7/25/1925","135.63"
"7/27/1925","136.5"
"7/28/1925","135.62"
"7/29/1925","134.48"
"7/30/1925","134.16"
"7/31/1925","133.81"
"8/1/1925","134.55"
"8/3/1925","135.81"
"8/4/1925","136.38"
"8/5/1925","135.73"
"8/6/1925","135.71"
"8/7/1925","137.4"
"8/8/1925","137.98"
"8/10/1925","137.41"
"8/11/1925","137.8"
"8/12/1925","137.48"
"8/13/1925","138.6"
"8/14/1925","139.51"
"8/15/1925","140.2"
"8/17/1925","141.56"
"8/18/1925","142.6"
"8/19/1925","141.82"
"8/20/1925","141.66"
"8/21/1925","142.63"
"8/22/1925","142.87"
"8/24/1925","142.76"
"8/25/1925","143.18"
"8/26/1925","141.88"
"8/27/1925","141.54"
"8/28/1925","141.13"
"8/29/1925","141.26"
"8/31/1925","141.18"
"9/1/1925","139.78"
"9/2/1925","137.22"
"9/3/1925","139.91"
"9/4/1925","140.88"
"9/5/1925","141.3"
"9/8/1925","140.86"
"9/9/1925","142.4"
"9/10/1925","143.83"
"9/11/1925","145.38"
"9/12/1925","145.95"
"9/14/1925","146.63"
"9/15/1925","143.89"
"9/16/1925","145.87"
"9/17/1925","146.46"
"9/18/1925","147.16"
"9/19/1925","147.73"
"9/21/1925","146.11"
"9/22/1925","145.74"
"9/23/1925","146.02"
"9/24/1925","143.98"
"9/25/1925","145.56"
"9/26/1925","144.26"
"9/28/1925","144.15"
"9/29/1925","145.06"
"9/30/1925","143.46"
"10/1/1925","144.77"
"10/2/1925","146.13"
"10/3/1925","146.65"
"10/5/1925","146.81"
"10/6/1925","145.11"
"10/7/1925","145.6"
"10/8/1925","146.75"
"10/9/1925","147.2"
"10/10/1925","147.43"
"10/13/1925","147.4"
"10/14/1925","148.96"
"10/15/1925","149.18"
"10/16/1925","149.56"
"10/17/1925","147.89"
"10/19/1925","148.53"
"10/20/1925","150.29"
"10/21/1925","151.61"
"10/22/1925","152.13"
"10/23/1925","153.29"
"10/24/1925","153.47"
"10/26/1925","153.6"
"10/27/1925","152.92"
"10/28/1925","155.25"
"10/29/1925","154.88"
"10/30/1925","155.65"
"10/31/1925","156.52"
"11/2/1925","157.88"
"11/4/1925","158.05"
"11/5/1925","157.67"
"11/6/1925","159.39"
"11/7/1925","158.48"
"11/9/1925","157.43"
"11/10/1925","151.6"
"11/11/1925","154.18"
"11/12/1925","155.47"
"11/13/1925","157.76"
"11/14/1925","156.36"
"11/16/1925","153.11"
"11/17/1925","153.48"
"11/18/1925","150.35"
"11/19/1925","152.27"
"11/20/1925","152.45"
"11/21/1925","151.08"
"11/23/1925","148.6"
"11/24/1925","148.18"
"11/25/1925","151.04"
"11/27/1925","152.7"
"11/28/1925","151.78"
"11/30/1925","151.08"
"12/1/1925","152.11"
"12/2/1925","152.88"
"12/3/1925","153.8"
"12/4/1925","154.6"
"12/5/1925","154.63"
"12/7/1925","154.21"
"12/8/1925","153.84"
"12/9/1925","152.57"
"12/10/1925","153.71"
"12/11/1925","154.21"
"12/12/1925","154.65"
"12/14/1925","154.7"
"12/15/1925","154.07"
"12/16/1925","152.88"
"12/17/1925","152.78"
"12/18/1925","152.67"
"12/19/1925","153.21"
"12/21/1925","152.35"
"12/22/1925","153.91"
"12/23/1925","155.98"
"12/24/1925","157.01"
"12/28/1925","156.87"
"12/29/1925","155.83"
"12/30/1925","155.81"
"12/31/1925","156.66"
"1/2/1926","158.54"
"1/4/1926","158.75"
"1/5/1926","157.6"
"1/6/1926","158"
"1/7/1926","158.93"
"1/8/1926","158.76"
"1/9/1926","159.1"
"1/11/1926","157.58"
"1/12/1926","157.39"
"1/13/1926","158.31"
"1/14/1926","156.9"
"1/15/1926","155.1"
"1/16/1926","155.23"
"1/18/1926","155.98"
"1/19/1926","153.81"
"1/20/1926","155.04"
"1/21/1926","153.2"
"1/22/1926","154.26"
"1/23/1926","155.16"
"1/25/1926","155.28"
"1/26/1926","154.63"
"1/27/1926","156.46"
"1/28/1926","157.2"
"1/29/1926","157.35"
"1/30/1926","157.44"
"2/1/1926","156.83"
"2/2/1926","157.95"
"2/3/1926","159.4"
"2/4/1926","160.53"
"2/5/1926","159.98"
"2/6/1926","159.99"
"2/8/1926","159.1"
"2/9/1926","160.31"
"2/10/1926","161.58"
"2/11/1926","162.31"
"2/13/1926","162.08"
"2/15/1926","158.3"
"2/16/1926","158.88"
"2/17/1926","160.05"
"2/18/1926","161.09"
"2/19/1926","160.92"
"2/20/1926","160.93"
"2/23/1926","158.83"
"2/24/1926","158.55"
"2/25/1926","156.54"
"2/26/1926","154.68"
"2/27/1926","154.45"
"3/1/1926","150.9"
"3/2/1926","147.06"
"3/3/1926","144.44"
"3/4/1926","150.76"
"3/5/1926","150.4"
"3/6/1926","149.86"
"3/8/1926","150.1"
"3/9/1926","151.27"
"3/10/1926","153.13"
"3/11/1926","153"
"3/12/1926","153.03"
"3/13/1926","150.07"
"3/15/1926","150.65"
"3/16/1926","149.88"
"3/17/1926","149.28"
"3/18/1926","146.32"
"3/19/1926","145.11"
"3/20/1926","144.8"
"3/22/1926","146.32"
"3/23/1926","143.86"
"3/24/1926","140.31"
"3/25/1926","140.81"
"3/26/1926","141.76"
"3/27/1926","139.02"
"3/29/1926","135.49"
"3/30/1926","135.2"
"3/31/1926","140.46"
"4/1/1926","140.35"
"4/3/1926","140.39"
"4/5/1926","141.08"
"4/6/1926","142.43"
"4/7/1926","141.97"
"4/8/1926","140.67"
"4/9/1926","140.95"
"4/10/1926","139.93"
"4/12/1926","136.53"
"4/13/1926","138.9"
"4/14/1926","136.36"
"4/15/1926","137.08"
"4/16/1926","136.27"
"4/17/1926","136.83"
"4/19/1926","136.91"
"4/20/1926","137.47"
"4/21/1926","139.91"
"4/22/1926","141.11"
"4/23/1926","142.55"
"4/24/1926","144.83"
"4/26/1926","142.93"
"4/27/1926","143.15"
"4/28/1926","144.55"
"4/29/1926","144.43"
"4/30/1926","143.71"
"5/1/1926","143.4"
"5/3/1926","140.53"
"5/4/1926","141.38"
"5/5/1926","141.49"
"5/6/1926","142.13"
"5/7/1926","140.1"
"5/8/1926","140.23"
"5/10/1926","138.87"
"5/11/1926","139.05"
"5/12/1926","139.78"
"5/13/1926","139.45"
"5/14/1926","138.84"
"5/15/1926","138.02"
"5/17/1926","137.97"
"5/18/1926","137.53"
"5/19/1926","137.16"
"5/20/1926","138.66"
"5/21/1926","140.27"
"5/22/1926","140.41"
"5/24/1926","141.16"
"5/25/1926","141.2"
"5/26/1926","141.64"
"5/27/1926","142.43"
"5/28/1926","143.43"
"6/1/1926","142.3"
"6/2/1926","143.55"
"6/3/1926","145.03"
"6/4/1926","145.28"
"6/5/1926","145.36"
"6/7/1926","145.56"
"6/8/1926","145.4"
"6/9/1926","145.56"
"6/10/1926","145.95"
"6/11/1926","147.21"
"6/12/1926","148.61"
"6/14/1926","150.13"
"6/15/1926","149.37"
"6/16/1926","151.31"
"6/17/1926","153.44"
"6/18/1926","151.92"
"6/19/1926","153.33"
"6/21/1926","154.03"
"6/22/1926","153.54"
"6/23/1926","151.45"
"6/24/1926","151.87"
"6/25/1926","150.8"
"6/26/1926","150.68"
"6/28/1926","151.08"
"6/29/1926","152.61"
"6/30/1926","153.04"
"7/1/1926","153.01"
"7/2/1926","154.15"
"7/6/1926","154.37"
"7/7/1926","155.05"
"7/8/1926","155.66"
"7/9/1926","153.74"
"7/10/1926","155.06"
"7/12/1926","155.58"
"7/13/1926","156.83"
"7/14/1926","157.12"
"7/15/1926","155.84"
"7/16/1926","157.81"
"7/17/1926","158.81"
"7/19/1926","158.94"
"7/20/1926","157.63"
"7/21/1926","156.41"
"7/22/1926","155.58"
"7/23/1926","155.43"
"7/24/1926","154.59"
"7/26/1926","155.71"
"7/27/1926","156.73"
"7/28/1926","159.33"
"7/29/1926","160.58"
"7/30/1926","160.18"
"7/31/1926","160.47"
"8/2/1926","161.84"
"8/3/1926","163.4"
"8/4/1926","163.23"
"8/5/1926","163.34"
"8/6/1926","164.16"
"8/7/1926","165.21"
"8/9/1926","166.14"
"8/10/1926","162.89"
"8/11/1926","161.68"
"8/12/1926","163.28"
"8/13/1926","164.85"
"8/14/1926","166.64"
"8/16/1926","166.1"
"8/17/1926","164.14"
"8/18/1926","164.41"
"8/19/1926","162.43"
"8/20/1926","162.06"
"8/21/1926","162.78"
"8/23/1926","163.41"
"8/24/1926","161.46"
"8/25/1926","160.41"
"8/26/1926","161.18"
"8/27/1926","161.36"
"8/28/1926","161.88"
"8/30/1926","161.83"
"8/31/1926","162.51"
"9/1/1926","163.93"
"9/2/1926","163.23"
"9/3/1926","163.75"
"9/7/1926","166.1"
"9/8/1926","165.05"
"9/9/1926","164.94"
"9/10/1926","163.35"
"9/11/1926","162.16"
"9/13/1926","158.97"
"9/14/1926","160.57"
"9/15/1926","159.35"
"9/16/1926","158.71"
"9/17/1926","156.74"
"9/18/1926","157.86"
"9/20/1926","156.26"
"9/21/1926","157.56"
"9/22/1926","156.65"
"9/23/1926","156.96"
"9/24/1926","158.65"
"9/25/1926","159.27"
"9/27/1926","158.42"
"9/28/1926","158.01"
"9/29/1926","157.71"
"9/30/1926","158.19"
"10/1/1926","159.69"
"10/2/1926","159.64"
"10/4/1926","156.78"
"10/5/1926","154.86"
"10/6/1926","153.99"
"10/7/1926","152.5"
"10/8/1926","153.39"
"10/9/1926","151.18"
"10/11/1926","149.35"
"10/13/1926","150.78"
"10/14/1926","152.1"
"10/15/1926","147.95"
"10/16/1926","146.85"
"10/18/1926","148.2"
"10/19/1926","145.66"
"10/20/1926","146.73"
"10/21/1926","149.38"
"10/22/1926","148.51"
"10/23/1926","149.56"
"10/25/1926","148.78"
"10/26/1926","149.35"
"10/27/1926","151.87"
"10/28/1926","151.45"
"10/29/1926","150.76"
"10/30/1926","150.38"
"11/1/1926","150.51"
"11/3/1926","151.23"
"11/4/1926","152.76"
"11/5/1926","152.88"
"11/6/1926","153.03"
"11/8/1926","154.78"
"11/9/1926","154.82"
"11/10/1926","153.41"
"11/11/1926","154.66"
"11/12/1926","155"
"11/13/1926","154.58"
"11/15/1926","155"
"11/16/1926","156.53"
"11/17/1926","155.15"
"11/18/1926","154.51"
"11/19/1926","152.86"
"11/20/1926","153.95"
"11/22/1926","155.01"
"11/23/1926","155.83"
"11/24/1926","155.73"
"11/26/1926","157.37"
"11/27/1926","156.43"
"11/29/1926","155.93"
"11/30/1926","156.55"
"12/1/1926","157.31"
"12/2/1926","158"
"12/3/1926","158.5"
"12/4/1926","159.05"
"12/6/1926","159.3"
"12/7/1926","158.86"
"12/8/1926","158.35"
"12/9/1926","158.94"
"12/10/1926","159.61"
"12/11/1926","159.89"
"12/13/1926","160.01"
"12/14/1926","160.65"
"12/15/1926","160.63"
"12/16/1926","159.32"
"12/17/1926","160.66"
"12/18/1926","161.86"
"12/20/1926","160.75"
"12/21/1926","160.46"
"12/22/1926","160.29"
"12/23/1926","160.22"
"12/24/1926","160.46"
"12/27/1926","159.32"
"12/28/1926","157.19"
"12/29/1926","157.5"
"12/30/1926","156.65"
"12/31/1926","157.2"
"1/3/1927","155.16"
"1/4/1927","155.53"
"1/5/1927","155.54"
"1/6/1927","155.16"
"1/7/1927","155.53"
"1/8/1927","155.85"
"1/10/1927","156.56"
"1/11/1927","155.68"
"1/12/1927","155.5"
"1/13/1927","155.45"
"1/14/1927","154.91"
"1/15/1927","154.99"
"1/17/1927","153.91"
"1/18/1927","154.11"
"1/19/1927","155.53"
"1/20/1927","155.16"
"1/21/1927","155.51"
"1/22/1927","155.17"
"1/24/1927","154.43"
"1/25/1927","152.73"
"1/26/1927","153.36"
"1/27/1927","153.13"
"1/28/1927","153.86"
"1/29/1927","155.18"
"1/31/1927","156.41"
"2/1/1927","156.26"
"2/2/1927","154.8"
"2/3/1927","154.94"
"2/4/1927","154.51"
"2/5/1927","154.33"
"2/7/1927","154.31"
"2/8/1927","154.86"
"2/9/1927","155.29"
"2/10/1927","155.53"
"2/11/1927","156.05"
"2/14/1927","157.56"
"2/15/1927","157.61"
"2/16/1927","157.41"
"2/17/1927","157.97"
"2/18/1927","158.56"
"2/19/1927","158.71"
"2/21/1927","158.8"
"2/23/1927","160.43"
"2/24/1927","160.11"
"2/25/1927","160.68"
"2/26/1927","160.83"
"2/28/1927","161.96"
"3/1/1927","161.42"
"3/2/1927","159.07"
"3/3/1927","160.89"
"3/4/1927","159.68"
"3/5/1927","159.23"
"3/7/1927","158.62"
"3/8/1927","158.84"
"3/9/1927","159.86"
"3/10/1927","160.87"
"3/11/1927","160.18"
"3/12/1927","160.73"
"3/14/1927","161.43"
"3/15/1927","160.03"
"3/16/1927","161.61"
"3/17/1927","161.78"
"3/18/1927","160.68"
"3/19/1927","160.56"
"3/21/1927","160.81"
"3/22/1927","158.41"
"3/23/1927","158.85"
"3/24/1927","160.3"
"3/25/1927","160.21"
"3/26/1927","160.55"
"3/28/1927","161.01"
"3/29/1927","160.62"
"3/30/1927","159.66"
"3/31/1927","160.08"
"4/1/1927","160.71"
"4/2/1927","160.66"
"4/4/1927","161.7"
"4/5/1927","162.68"
"4/6/1927","162.69"
"4/7/1927","162.5"
"4/8/1927","162.52"
"4/9/1927","162.69"
"4/11/1927","163.61"
"4/12/1927","163.38"
"4/13/1927","164.17"
"4/14/1927","164.78"
"4/16/1927","165.59"
"4/18/1927","165.48"
"4/19/1927","165.93"
"4/20/1927","166.1"
"4/21/1927","166.66"
"4/22/1927","167.36"
"4/23/1927","166.8"
"4/25/1927","163.73"
"4/26/1927","165.12"
"4/27/1927","165.23"
"4/28/1927","163.53"
"4/29/1927","164.64"
"4/30/1927","164.21"
"5/2/1927","164.55"
"5/3/1927","165.85"
"5/4/1927","168.05"
"5/5/1927","167.75"
"5/6/1927","167.85"
"5/7/1927","167.94"
"5/9/1927","168.15"
"5/10/1927","168.25"
"5/11/1927","167.58"
"5/12/1927","167.06"
"5/13/1927","168.15"
"5/14/1927","168.46"
"5/16/1927","166.68"
"5/17/1927","168.09"
"5/18/1927","168.98"
"5/19/1927","170.29"
"5/20/1927","171.75"
"5/21/1927","172.06"
"5/23/1927","171.67"
"5/24/1927","171.06"
"5/25/1927","171.51"
"5/26/1927","171.31"
"5/27/1927","172.15"
"5/28/1927","172.56"
"5/31/1927","172.96"
"6/1/1927","171.98"
"6/2/1927","171.88"
"6/3/1927","169.65"
"6/4/1927","170.16"
"6/6/1927","171.13"
"6/7/1927","170.18"
"6/8/1927","170.22"
"6/9/1927","170.85"
"6/10/1927","170.21"
"6/11/1927","170.63"
"6/14/1927","167.63"
"6/15/1927","168.78"
"6/16/1927","170.26"
"6/17/1927","170.15"
"6/18/1927","169.85"
"6/20/1927","169.5"
"6/21/1927","169.87"
"6/22/1927","169.5"
"6/23/1927","167.82"
"6/24/1927","168.04"
"6/25/1927","168.04"
"6/27/1927","165.73"
"6/28/1927","166.4"
"6/29/1927","166.53"
"6/30/1927","166.23"
"7/1/1927","168.06"
"7/2/1927","169.29"
"7/5/1927","170.95"
"7/6/1927","172.27"
"7/7/1927","171.96"
"7/8/1927","171.5"
"7/9/1927","171.98"
"7/11/1927","172.65"
"7/12/1927","173.11"
"7/13/1927","173.19"
"7/14/1927","174.38"
"7/15/1927","174.87"
"7/16/1927","174.93"
"7/18/1927","175.4"
"7/19/1927","177.02"
"7/20/1927","177.83"
"7/21/1927","177.75"
"7/22/1927","177.83"
"7/23/1927","178.11"
"7/25/1927","179.28"
"7/26/1927","179.72"
"7/27/1927","180.09"
"7/28/1927","180.73"
"7/29/1927","181.4"
"7/30/1927","182.61"
"8/1/1927","184.21"
"8/2/1927","185.55"
"8/3/1927","183.56"
"8/4/1927","184.64"
"8/5/1927","182.87"
"8/6/1927","182.51"
"8/8/1927","180.27"
"8/9/1927","182.05"
"8/10/1927","182.2"
"8/11/1927","180"
"8/12/1927","177.13"
"8/13/1927","179.34"
"8/15/1927","181.93"
"8/16/1927","183.36"
"8/17/1927","184.3"
"8/18/1927","184.15"
"8/19/1927","185.1"
"8/20/1927","185.8"
"8/22/1927","187.32"
"8/23/1927","187.49"
"8/24/1927","188.07"
"8/25/1927","187.5"
"8/26/1927","188.81"
"8/27/1927","189.3"
"8/29/1927","190"
"8/30/1927","190.63"
"8/31/1927","189.79"
"9/1/1927","191.56"
"9/2/1927","192.83"
"9/3/1927","191.26"
"9/6/1927","196.91"
"9/7/1927","197.75"
"9/8/1927","196.92"
"9/9/1927","194.6"
"9/10/1927","195.86"
"9/12/1927","194"
"9/13/1927","196.81"
"9/14/1927","198"
"9/15/1927","198.97"
"9/16/1927","198.85"
"9/17/1927","197.7"
"9/19/1927","196.38"
"9/20/1927","196.97"
"9/21/1927","196.26"
"9/22/1927","194.65"
"9/23/1927","195.42"
"9/24/1927","196.83"
"9/26/1927","194.64"
"9/27/1927","195.38"
"9/28/1927","194.11"
"9/29/1927","194.8"
"9/30/1927","197.59"
"10/1/1927","198.36"
"10/3/1927","199.78"
"10/4/1927","198.88"
"10/5/1927","199.22"
"10/6/1927","199.22"
"10/7/1927","197.5"
"10/8/1927","190.29"
"10/10/1927","189.03"
"10/11/1927","189.29"
"10/13/1927","190.45"
"10/14/1927","190.02"
"10/15/1927","190.18"
"10/17/1927","186.81"
"10/18/1927","187.32"
"10/19/1927","184.48"
"10/20/1927","183"
"10/21/1927","181.43"
"10/22/1927","179.78"
"10/24/1927","181.43"
"10/25/1927","185.31"
"10/26/1927","184.78"
"10/27/1927","183.96"
"10/28/1927","181.68"
"10/29/1927","180.32"
"10/31/1927","181.73"
"11/1/1927","181.65"
"11/2/1927","184.61"
"11/3/1927","186.5"
"11/4/1927","187.49"
"11/5/1927","188.47"
"11/7/1927","190.57"
"11/9/1927","189.31"
"11/10/1927","190.7"
"11/11/1927","193.34"
"11/12/1927","194.11"
"11/14/1927","195.91"
"11/15/1927","195.37"
"11/16/1927","194.53"
"11/17/1927","195.47"
"11/18/1927","196.68"
"11/19/1927","196.83"
"11/21/1927","194.9"
"11/22/1927","196.2"
"11/23/1927","197.1"
"11/25/1927","196.88"
"11/26/1927","196.97"
"11/28/1927","194.8"
"11/29/1927","196.95"
"11/30/1927","198.21"
"12/1/1927","196.58"
"12/2/1927","196.75"
"12/3/1927","197.34"
"12/5/1927","196.96"
"12/6/1927","196.44"
"12/7/1927","195.43"
"12/8/1927","193.58"
"12/9/1927","196.19"
"12/10/1927","196.38"
"12/12/1927","197.35"
"12/13/1927","198.05"
"12/14/1927","196.74"
"12/15/1927","197.09"
"12/16/1927","198.93"
"12/17/1927","199.95"
"12/19/1927","200.93"
"12/20/1927","200.93"
"12/21/1927","200.63"
"12/22/1927","200.62"
"12/23/1927","200.81"
"12/24/1927","200.3"
"12/27/1927","200.32"
"12/28/1927","198.6"
"12/29/1927","199.96"
"12/30/1927","200.7"
"12/31/1927","202.4"
"1/3/1928","203.35"
"1/4/1928","202.24"
"1/5/1928","199.61"
"1/6/1928","201.45"
"1/7/1928","201.97"
"1/9/1928","199.63"
"1/10/1928","197.52"
"1/11/1928","197.43"
"1/12/1928","198.35"
"1/13/1928","199.51"
"1/14/1928","197.96"
"1/16/1928","195.41"
"1/17/1928","195.35"
"1/18/1928","194.5"
"1/19/1928","196.24"
"1/20/1928","198.06"
"1/21/1928","198.46"
"1/23/1928","199.72"
"1/24/1928","201.01"
"1/25/1928","198.58"
"1/26/1928","199.6"
"1/27/1928","200.31"
"1/28/1928","198.87"
"1/30/1928","197.57"
"1/31/1928","198.59"
"2/1/1928","197.98"
"2/2/1928","199.2"
"2/3/1928","196.3"
"2/4/1928","196.53"
"2/6/1928","196.63"
"2/7/1928","196.85"
"2/8/1928","197.86"
"2/9/1928","199.35"
"2/10/1928","199.02"
"2/11/1928","199.16"
"2/14/1928","197.93"
"2/15/1928","197.59"
"2/16/1928","196.3"
"2/17/1928","192.48"
"2/18/1928","191.8"
"2/20/1928","191.33"
"2/21/1928","192.81"
"2/23/1928","193.09"
"2/24/1928","193.15"
"2/25/1928","193.08"
"2/27/1928","192.12"
"2/28/1928","193.94"
"2/29/1928","194.78"
"3/1/1928","194.81"
"3/2/1928","194.53"
"3/3/1928","195.43"
"3/5/1928","197.8"
"3/6/1928","199.51"
"3/7/1928","197.48"
"3/8/1928","198.26"
"3/9/1928","201.32"
"3/10/1928","200.24"
"3/12/1928","203.33"
"3/13/1928","202.31"
"3/14/1928","201.04"
"3/15/1928","202.91"
"3/16/1928","204.7"
"3/17/1928","204.03"
"3/19/1928","203.66"
"3/20/1928","205.23"
"3/21/1928","206.78"
"3/22/1928","206.67"
"3/23/1928","208.56"
"3/24/1928","209.1"
"3/26/1928","210.36"
"3/27/1928","210.38"
"3/28/1928","210.03"
"3/29/1928","210.76"
"3/30/1928","214.45"
"3/31/1928","213.35"
"4/2/1928","209.33"
"4/3/1928","209.95"
"4/4/1928","209.82"
"4/5/1928","212.12"
"4/9/1928","211.53"
"4/10/1928","209.23"
"4/11/1928","212.46"
"4/12/1928","212.13"
"4/13/1928","216.93"
"4/14/1928","215.15"
"4/16/1928","215.79"
"4/17/1928","213.02"
"4/18/1928","213.36"
"4/19/1928","214.07"
"4/20/1928","210.9"
"4/23/1928","207.94"
"4/24/1928","208.85"
"4/25/1928","208.96"
"4/26/1928","210.18"
"4/27/1928","212.25"
"4/28/1928","212.55"
"4/30/1928","211.63"
"5/1/1928","213.48"
"5/2/1928","213.88"
"5/3/1928","214.62"
"5/4/1928","217.66"
"5/7/1928","219.51"
"5/8/1928","220.09"
"5/9/1928","218.71"
"5/10/1928","218.43"
"5/11/1928","220.74"
"5/14/1928","220.88"
"5/15/1928","219.52"
"5/16/1928","216.65"
"5/17/1928","218.76"
"5/18/1928","217.64"
"5/21/1928","214.33"
"5/22/1928","211.73"
"5/23/1928","215.45"
"5/24/1928","217.53"
"5/25/1928","217.74"
"5/28/1928","214.05"
"5/29/1928","217.28"
"5/31/1928","219.81"
"6/1/1928","220.27"
"6/2/1928","220.96"
"6/4/1928","216.62"
"6/5/1928","217.8"
"6/6/1928","215.51"
"6/7/1928","215.08"
"6/8/1928","211.51"
"6/9/1928","209.01"
"6/11/1928","205.74"
"6/12/1928","202.65"
"6/13/1928","209.01"
"6/14/1928","210.76"
"6/15/1928","205.96"
"6/16/1928","205.75"
"6/18/1928","201.96"
"6/19/1928","202.01"
"6/20/1928","204.49"
"6/21/1928","204.15"
"6/22/1928","204.25"
"6/23/1928","203.3"
"6/25/1928","203.95"
"6/26/1928","206.08"
"6/27/1928","208.42"
"6/28/1928","209.63"
"6/29/1928","210.37"
"6/30/1928","210.55"
"7/2/1928","208.21"
"7/3/1928","211.9"
"7/5/1928","214.43"
"7/6/1928","212.49"
"7/7/1928","213.55"
"7/9/1928","213.86"
"7/10/1928","212.71"
"7/11/1928","206.43"
"7/12/1928","206.71"
"7/13/1928","207.83"
"7/14/1928","207.77"
"7/16/1928","205.1"
"7/17/1928","206.42"
"7/18/1928","209.3"
"7/19/1928","208.73"
"7/20/1928","209.95"
"7/21/1928","208.79"
"7/23/1928","210.84"
"7/24/1928","212"
"7/25/1928","213.04"
"7/26/1928","212.65"
"7/27/1928","215.66"
"7/28/1928","215.89"
"7/30/1928","216.62"
"7/31/1928","216"
"8/1/1928","216.78"
"8/2/1928","214.9"
"8/3/1928","216.15"
"8/4/1928","216.67"
"8/6/1928","218.04"
"8/7/1928","218.06"
"8/8/1928","215.19"
"8/9/1928","215.1"
"8/10/1928","214.91"
"8/11/1928","215.29"
"8/13/1928","215.53"
"8/14/1928","214.08"
"8/15/1928","219.4"
"8/16/1928","221.34"
"8/17/1928","222.41"
"8/18/1928","223.61"
"8/20/1928","225.77"
"8/21/1928","228.79"
"8/22/1928","229.71"
"8/23/1928","229.24"
"8/24/1928","233.68"
"8/25/1928","234.98"
"8/27/1928","234.83"
"8/28/1928","236.55"
"8/29/1928","238.28"
"8/30/1928","238.85"
"8/31/1928","240.41"
"9/1/1928","240.38"
"9/4/1928","240.25"
"9/5/1928","240.02"
"9/6/1928","239.06"
"9/7/1928","241.72"
"9/8/1928","241.11"
"9/10/1928","238.82"
"9/11/1928","241.05"
"9/12/1928","241.48"
"9/13/1928","240.2"
"9/14/1928","239.62"
"9/15/1928","240.02"
"9/17/1928","241.25"
"9/18/1928","240.11"
"9/19/1928","239.61"
"9/20/1928","239.08"
"9/21/1928","239.37"
"9/22/1928","238.84"
"9/24/1928","240.13"
"9/25/1928","240.41"
"9/26/1928","239.4"
"9/27/1928","236.86"
"9/28/1928","237.38"
"9/29/1928","239.43"
"10/1/1928","240.01"
"10/2/1928","238.14"
"10/3/1928","237.75"
"10/4/1928","240"
"10/5/1928","240.44"
"10/6/1928","240.17"
"10/8/1928","239.55"
"10/9/1928","241.73"
"10/10/1928","246.53"
"10/11/1928","247.69"
"10/13/1928","249.13"
"10/15/1928","249.85"
"10/16/1928","249.43"
"10/17/1928","250.87"
"10/18/1928","251.88"
"10/19/1928","256.59"
"10/20/1928","253.75"
"10/22/1928","253.6"
"10/23/1928","256.04"
"10/24/1928","257.03"
"10/25/1928","256.48"
"10/26/1928","251.44"
"10/27/1928","255.51"
"10/29/1928","257.13"
"10/30/1928","253.7"
"10/31/1928","252.16"
"11/1/1928","255.23"
"11/2/1928","254.38"
"11/3/1928","254.16"
"11/5/1928","257.58"
"11/7/1928","260.68"
"11/8/1928","261.11"
"11/9/1928","263.05"
"11/10/1928","265.58"
"11/12/1928","269.67"
"11/13/1928","269.89"
"11/14/1928","268.6"
"11/15/1928","269.42"
"11/16/1928","276.66"
"11/17/1928","277.48"
"11/19/1928","278.78"
"11/20/1928","283.9"
"11/21/1928","280.53"
"11/22/1928","290.34"
"11/23/1928","288.22"
"11/26/1928","291.16"
"11/27/1928","292.39"
"11/28/1928","295.62"
"11/30/1928","293.38"
"12/1/1928","290.8"
"12/3/1928","289.23"
"12/4/1928","291.3"
"12/5/1928","290.68"
"12/6/1928","279.79"
"12/7/1928","271.05"
"12/8/1928","257.33"
"12/10/1928","263.95"
"12/11/1928","269.34"
"12/12/1928","266.82"
"12/13/1928","266.88"
"12/14/1928","272.26"
"12/15/1928","270.72"
"12/17/1928","270.23"
"12/18/1928","275.42"
"12/19/1928","280.5"
"12/20/1928","282.01"
"12/21/1928","286.53"
"12/22/1928","285.94"
"12/24/1928","287.89"
"12/26/1928","286.13"
"12/27/1928","290.95"
"12/28/1928","296.52"
"12/29/1928","297.28"
"12/31/1928","300"
"1/2/1929","307.01"
"1/3/1929","305.72"
"1/4/1929","304.75"
"1/5/1929","302.43"
"1/7/1929","297.7"
"1/8/1929","296.98"
"1/9/1929","300.83"
"1/10/1929","301.58"
"1/11/1929","301.66"
"1/12/1929","301.25"
"1/14/1929","304.06"
"1/15/1929","297.66"
"1/16/1929","302.66"
"1/17/1929","303.95"
"1/18/1929","304.14"
"1/19/1929","305.96"
"1/21/1929","304.64"
"1/22/1929","307.06"
"1/23/1929","310.33"
"1/24/1929","309.39"
"1/25/1929","315.13"
"1/26/1929","314.56"
"1/28/1929","314.04"
"1/29/1929","312.6"
"1/30/1929","312.6"
"1/31/1929","317.51"
"2/1/1929","319.68"
"2/2/1929","319.76"
"2/4/1929","319.05"
"2/5/1929","322.06"
"2/6/1929","317.18"
"2/7/1929","305.75"
"2/8/1929","301.53"
"2/11/1929","310.35"
"2/13/1929","308.07"
"2/14/1929","306.49"
"2/15/1929","300.41"
"2/16/1929","295.85"
"2/18/1929","300.74"
"2/19/1929","301.1"
"2/20/1929","305.99"
"2/21/1929","310.06"
"2/25/1929","311.24"
"2/26/1929","311.25"
"2/27/1929","314.53"
"2/28/1929","317.41"
"3/1/1929","321.18"
"3/2/1929","319.12"
"3/4/1929","313.86"
"3/5/1929","310.2"
"3/6/1929","305.2"
"3/7/1929","308.99"
"3/8/1929","311.59"
"3/9/1929","311.61"
"3/11/1929","305.75"
"3/12/1929","306.14"
"3/13/1929","310.29"
"3/14/1929","316.26"
"3/15/1929","319.7"
"3/16/1929","320"
"3/18/1929","317.59"
"3/19/1929","317.53"
"3/20/1929","316.44"
"3/21/1929","314.63"
"3/22/1929","310.26"
"3/23/1929","306.21"
"3/25/1929","297.5"
"3/26/1929","296.51"
"3/27/1929","303.22"
"3/28/1929","308.85"
"4/1/1929","300.4"
"4/2/1929","303.49"
"4/3/1929","300.35"
"4/4/1929","305.37"
"4/5/1929","303.04"
"4/6/1929","302.81"
"4/8/1929","301.49"
"4/9/1929","299.13"
"4/10/1929","300.67"
"4/11/1929","304.09"
"4/12/1929","305.43"
"4/13/1929","304.41"
"4/15/1929","302.43"
"4/16/1929","304.19"
"4/17/1929","309.91"
"4/18/1929","311.87"
"4/19/1929","310.58"
"4/20/1929","311.07"
"4/22/1929","315.33"
"4/23/1929","316.62"
"4/24/1929","315.66"
"4/25/1929","314.28"
"4/26/1929","314.15"
"4/27/1929","315.68"
"4/29/1929","313.84"
"4/30/1929","319.29"
"5/1/1929","320.13"
"5/2/1929","321.52"
"5/3/1929","325.56"
"5/4/1929","327.08"
"5/6/1929","326.16"
"5/7/1929","321.91"
"5/8/1929","323.51"
"5/9/1929","321.17"
"5/10/1929","325.7"
"5/11/1929","324.59"
"5/13/1929","316.49"
"5/14/1929","320.79"
"5/15/1929","319.35"
"5/16/1929","320.09"
"5/17/1929","321.38"
"5/18/1929","321.48"
"5/20/1929","312.7"
"5/21/1929","314.09"
"5/22/1929","300.83"
"5/23/1929","308.09"
"5/24/1929","305.64"
"5/25/1929","304.33"
"5/27/1929","293.42"
"5/28/1929","298.87"
"5/29/1929","296.76"
"5/31/1929","297.41"
"6/1/1929","299.12"
"6/3/1929","304.2"
"6/4/1929","310.57"
"6/5/1929","307.68"
"6/6/1929","307.72"
"6/7/1929","307.46"
"6/8/1929","305.12"
"6/10/1929","303.27"
"6/11/1929","306.64"
"6/12/1929","306.68"
"6/13/1929","313.05"
"6/14/1929","313.68"
"6/15/1929","314.26"
"6/17/1929","319.33"
"6/18/1929","319.67"
"6/19/1929","316.41"
"6/20/1929","317.73"
"6/21/1929","320.68"
"6/22/1929","322.23"
"6/24/1929","321.15"
"6/25/1929","326.16"
"6/26/1929","328.6"
"6/27/1929","328.91"
"6/28/1929","331.65"
"6/29/1929","333.79"
"7/1/1929","335.22"
"7/2/1929","340.28"
"7/3/1929","341.99"
"7/5/1929","344.27"
"7/6/1929","344.66"
"7/8/1929","346.55"
"7/9/1929","345.57"
"7/10/1929","343.3"
"7/11/1929","343.04"
"7/12/1929","346.37"
"7/13/1929","345.94"
"7/15/1929","341.93"
"7/16/1929","344.24"
"7/17/1929","345.63"
"7/18/1929","344.59"
"7/19/1929","345.2"
"7/20/1929","345.87"
"7/22/1929","341.37"
"7/23/1929","345.48"
"7/24/1929","343.04"
"7/25/1929","344.67"
"7/26/1929","345.47"
"7/27/1929","343.73"
"7/29/1929","339.21"
"7/30/1929","343.12"
"7/31/1929","347.7"
"8/1/1929","350.56"
"8/2/1929","353.08"
"8/3/1929","355.62"
"8/5/1929","352.5"
"8/6/1929","351.39"
"8/7/1929","348.44"
"8/8/1929","352.1"
"8/9/1929","337.99"
"8/10/1929","344.84"
"8/12/1929","351.13"
"8/13/1929","354.03"
"8/14/1929","354.86"
"8/15/1929","354.42"
"8/16/1929","361.49"
"8/17/1929","360.7"
"8/19/1929","365.2"
"8/20/1929","367.67"
"8/21/1929","365.55"
"8/22/1929","369.95"
"8/23/1929","374.61"
"8/24/1929","375.44"
"8/26/1929","374.46"
"8/27/1929","373.79"
"8/28/1929","372.06"
"8/29/1929","376.18"
"8/30/1929","380.33"
"9/3/1929","381.17"
"9/4/1929","379.61"
"9/5/1929","369.77"
"9/6/1929","376.29"
"9/7/1929","377.56"
"9/9/1929","374.93"
"9/10/1929","367.29"
"9/11/1929","370.91"
"9/12/1929","366.35"
"9/13/1929","366.85"
"9/14/1929","367.01"
"9/16/1929","372.39"
"9/17/1929","368.52"
"9/18/1929","370.9"
"9/19/1929","369.97"
"9/20/1929","362.05"
"9/21/1929","361.16"
"9/23/1929","359"
"9/24/1929","352.61"
"9/25/1929","352.57"
"9/26/1929","355.95"
"9/27/1929","344.87"
"9/28/1929","347.17"
"9/30/1929","343.45"
"10/1/1929","342.57"
"10/2/1929","344.5"
"10/3/1929","329.95"
"10/4/1929","325.17"
"10/5/1929","341.36"
"10/7/1929","345.72"
"10/8/1929","345"
"10/9/1929","346.66"
"10/10/1929","352.86"
"10/11/1929","352.69"
"10/14/1929","350.97"
"10/15/1929","347.24"
"10/16/1929","336.13"
"10/17/1929","341.86"
"10/18/1929","333.29"
"10/19/1929","323.87"
"10/21/1929","320.91"
"10/22/1929","326.51"
"10/23/1929","305.85"
"10/24/1929","299.47"
"10/25/1929","301.22"
"10/26/1929","298.97"
"10/28/1929","260.64"
"10/29/1929","230.07"
"10/30/1929","258.47"
"10/31/1929","273.51"
"11/4/1929","257.68"
"11/6/1929","232.13"
"11/7/1929","238.19"
"11/8/1929","236.53"
"11/11/1929","220.39"
"11/12/1929","209.74"
"11/13/1929","198.69"
"11/14/1929","217.28"
"11/15/1929","228.73"
"11/18/1929","227.56"
"11/19/1929","234.02"
"11/20/1929","241.23"
"11/21/1929","248.49"
"11/22/1929","245.74"
"11/25/1929","243.44"
"11/26/1929","235.35"
"11/27/1929","238.95"
"12/2/1929","241.7"
"12/3/1929","249.61"
"12/4/1929","254.64"
"12/5/1929","251.51"
"12/6/1929","260.12"
"12/7/1929","263.46"
"12/9/1929","259.18"
"12/10/1929","262.2"
"12/11/1929","258.44"
"12/12/1929","243.14"
"12/13/1929","249.6"
"12/14/1929","253.02"
"12/16/1929","245.88"
"12/17/1929","249.58"
"12/18/1929","246.84"
"12/19/1929","240.42"
"12/20/1929","230.89"
"12/21/1929","235.42"
"12/23/1929","232.65"
"12/24/1929","234.07"
"12/26/1929","240.96"
"12/27/1929","240.66"
"12/28/1929","238.43"
"12/30/1929","241.06"
"12/31/1929","248.48"
"1/2/1930","244.2"
"1/3/1930","247.19"
"1/4/1930","248.85"
"1/6/1930","248.1"
"1/7/1930","246.5"
"1/8/1930","245.7"
"1/9/1930","249.68"
"1/10/1930","250.03"
"1/11/1930","248.71"
"1/13/1930","249.62"
"1/14/1930","250.44"
"1/15/1930","251.54"
"1/16/1930","248.99"
"1/17/1930","246.33"
"1/18/1930","246.84"
"1/20/1930","247.31"
"1/21/1930","249.58"
"1/22/1930","250.19"
"1/23/1930","253.52"
"1/24/1930","256.31"
"1/25/1930","259.06"
"1/27/1930","260.93"
"1/28/1930","257.9"
"1/29/1930","262.18"
"1/30/1930","263.28"
"1/31/1930","267.14"
"2/1/1930","268.41"
"2/3/1930","266.54"
"2/4/1930","268.48"
"2/5/1930","272.06"
"2/6/1930","268.56"
"2/7/1930","267.82"
"2/8/1930","269.78"
"2/10/1930","268.56"
"2/11/1930","271.05"
"2/13/1930","272.27"
"2/14/1930","271.52"
"2/15/1930","269.25"
"2/17/1930","270.54"
"2/18/1930","270.73"
"2/19/1930","268.46"
"2/20/1930","263.41"
"2/21/1930","265.81"
"2/24/1930","262.47"
"2/25/1930","262.8"
"2/26/1930","269.06"
"2/27/1930","269.39"
"2/28/1930","271.11"
"3/1/1930","273.24"
"3/3/1930","271.11"
"3/4/1930","273.51"
"3/5/1930","270.59"
"3/6/1930","274.51"
"3/7/1930","275.57"
"3/8/1930","275.46"
"3/10/1930","276.85"
"3/11/1930","276.25"
"3/12/1930","272.13"
"3/13/1930","273.47"
"3/14/1930","271.34"
"3/15/1930","270.25"
"3/17/1930","274.26"
"3/18/1930","277.27"
"3/19/1930","277.88"
"3/20/1930","279.41"
"3/21/1930","280.55"
"3/22/1930","276.43"
"3/24/1930","279.11"
"3/25/1930","280.5"
"3/26/1930","283.22"
"3/27/1930","281.63"
"3/28/1930","283.85"
"3/29/1930","286.19"
"3/31/1930","286.1"
"4/1/1930","287.11"
"4/2/1930","285.27"
"4/3/1930","285.77"
"4/4/1930","288.35"
"4/5/1930","289.96"
"4/7/1930","290.19"
"4/8/1930","288.36"
"4/9/1930","291.15"
"4/10/1930","292.19"
"4/11/1930","292.65"
"4/12/1930","293.43"
"4/14/1930","293.18"
"4/15/1930","293.26"
"4/16/1930","292.2"
"4/17/1930","294.07"
"4/21/1930","288.23"
"4/22/1930","290.01"
"4/23/1930","288.78"
"4/24/1930","286.18"
"4/25/1930","285.76"
"4/26/1930","285.46"
"4/28/1930","276.94"
"4/29/1930","278.43"
"4/30/1930","279.23"
"5/1/1930","274.59"
"5/2/1930","266.56"
"5/3/1930","258.31"
"5/5/1930","259.68"
"5/6/1930","268.81"
"5/7/1930","263.69"
"5/8/1930","263.93"
"5/9/1930","267.29"
"5/10/1930","272.01"
"5/12/1930","270.16"
"5/13/1930","274.17"
"5/14/1930","274.4"
"5/15/1930","269.91"
"5/16/1930","271.52"
"5/17/1930","272.41"
"5/19/1930","265.87"
"5/20/1930","267.1"
"5/21/1930","265.52"
"5/22/1930","266.89"
"5/23/1930","270.01"
"5/24/1930","271.33"
"5/26/1930","272.14"
"5/27/1930","272.43"
"5/28/1930","273.84"
"5/29/1930","275.07"
"6/2/1930","274.45"
"6/3/1930","271.18"
"6/4/1930","272.44"
"6/5/1930","268.59"
"6/6/1930","263.93"
"6/7/1930","257.82"
"6/9/1930","250.78"
"6/10/1930","257.29"
"6/11/1930","249.08"
"6/12/1930","247.18"
"6/13/1930","249.69"
"6/14/1930","244.25"
"6/16/1930","230.05"
"6/17/1930","228.57"
"6/18/1930","218.84"
"6/19/1930","228.97"
"6/20/1930","221.92"
"6/21/1930","215.3"
"6/23/1930","219.58"
"6/24/1930","211.84"
"6/25/1930","215.58"
"6/26/1930","220.58"
"6/27/1930","218.78"
"6/28/1930","219.12"
"6/30/1930","226.34"
"7/1/1930","223.03"
"7/2/1930","225.25"
"7/3/1930","222.46"
"7/7/1930","218.33"
"7/8/1930","219.08"
"7/9/1930","222.04"
"7/10/1930","227.39"
"7/11/1930","224.86"
"7/12/1930","229.23"
"7/14/1930","234.21"
"7/15/1930","233.79"
"7/16/1930","235.63"
"7/17/1930","239.07"
"7/18/1930","240.57"
"7/19/1930","236.65"
"7/21/1930","229.29"
"7/22/1930","234.3"
"7/23/1930","239.33"
"7/24/1930","235.51"
"7/25/1930","237.48"
"7/26/1930","240.31"
"7/28/1930","240.81"
"7/29/1930","238.4"
"7/30/1930","231.08"
"7/31/1930","233.99"
"8/1/1930","233.57"
"8/2/1930","234.5"
"8/4/1930","238.16"
"8/5/1930","238.47"
"8/6/1930","234.38"
"8/7/1930","232.69"
"8/8/1930","222.82"
"8/9/1930","222.59"
"8/11/1930","224.13"
"8/12/1930","217.24"
"8/13/1930","220.35"
"8/14/1930","221.08"
"8/15/1930","228.55"
"8/16/1930","228.02"
"8/18/1930","227.79"
"8/19/1930","230.68"
"8/20/1930","232.98"
"8/21/1930","231.27"
"8/22/1930","232.63"
"8/23/1930","234.42"
"8/25/1930","231.52"
"8/26/1930","235.47"
"8/27/1930","237.93"
"8/28/1930","237.79"
"8/29/1930","240.42"
"9/2/1930","240.42"
"9/3/1930","237.54"
"9/4/1930","236.04"
"9/5/1930","240.37"
"9/6/1930","243.64"
"9/8/1930","242.84"
"9/9/1930","244.29"
"9/10/1930","245.09"
"9/11/1930","242.88"
"9/12/1930","241.17"
"9/13/1930","240.34"
"9/15/1930","236.62"
"9/16/1930","237.22"
"9/17/1930","237.74"
"9/18/1930","234.18"
"9/19/1930","229.02"
"9/20/1930","229.85"
"9/22/1930","222.78"
"9/23/1930","226.75"
"9/24/1930","222.1"
"9/25/1930","217.75"
"9/26/1930","213.27"
"9/27/1930","212.52"
"9/29/1930","208.14"
"9/30/1930","204.9"
"10/1/1930","214.14"
"10/2/1930","211.04"
"10/3/1930","214.18"
"10/4/1930","211.1"
"10/6/1930","202.76"
"10/7/1930","203.62"
"10/8/1930","200.56"
"10/9/1930","192"
"10/10/1930","198.5"
"10/11/1930","193.05"
"10/14/1930","196.7"
"10/15/1930","200.26"
"10/16/1930","196.62"
"10/17/1930","187.37"
"10/18/1930","185.29"
"10/20/1930","193.32"
"10/21/1930","186.4"
"10/22/1930","184.98"
"10/23/1930","188.1"
"10/24/1930","195.09"
"10/25/1930","193.34"
"10/27/1930","195.09"
"10/28/1930","194.95"
"10/29/1930","190.73"
"10/30/1930","188.07"
"10/31/1930","183.35"
"11/1/1930","184.89"
"11/3/1930","185.39"
"11/5/1930","179.81"
"11/6/1930","180.72"
"11/7/1930","174.38"
"11/8/1930","173.14"
"11/10/1930","171.6"
"11/11/1930","173.3"
"11/12/1930","177.33"
"11/13/1930","180.38"
"11/14/1930","184.03"
"11/15/1930","186.68"
"11/17/1930","180.5"
"11/18/1930","183.42"
"11/19/1930","187.57"
"11/20/1930","187.09"
"11/21/1930","190.3"
"11/22/1930","188.04"
"11/24/1930","188.27"
"11/25/1930","185.47"
"11/26/1930","183.11"
"11/28/1930","180.91"
"11/29/1930","183.39"
"12/1/1930","185.48"
"12/2/1930","186.82"
"12/3/1930","184.11"
"12/4/1930","180.99"
"12/5/1930","181.11"
"12/6/1930","178.37"
"12/8/1930","176.09"
"12/9/1930","176.5"
"12/10/1930","173.98"
"12/11/1930","170.31"
"12/12/1930","168.68"
"12/13/1930","163.34"
"12/15/1930","163.34"
"12/16/1930","157.51"
"12/17/1930","165.6"
"12/18/1930","166.71"
"12/19/1930","168.99"
"12/20/1930","169.42"
"12/22/1930","162.42"
"12/23/1930","162.93"
"12/24/1930","165.2"
"12/26/1930","161.18"
"12/27/1930","160.3"
"12/29/1930","160.16"
"12/30/1930","163.09"
"12/31/1930","164.58"
"1/2/1931","169.84"
"1/3/1931","172.12"
"1/5/1931","170.71"
"1/6/1931","172.66"
"1/7/1931","171.86"
"1/8/1931","173.04"
"1/9/1931","170.18"
"1/10/1931","171.71"
"1/12/1931","167.99"
"1/13/1931","165.95"
"1/14/1931","167.46"
"1/15/1931","162.82"
"1/16/1931","164.94"
"1/17/1931","162.89"
"1/19/1931","161.45"
"1/20/1931","165.82"
"1/21/1931","164.76"
"1/22/1931","168.46"
"1/23/1931","171.84"
"1/24/1931","169.8"
"1/26/1931","171.19"
"1/27/1931","170.82"
"1/28/1931","166.84"
"1/29/1931","168.87"
"1/30/1931","169.34"
"1/31/1931","167.55"
"2/2/1931","168.71"
"2/3/1931","169.71"
"2/4/1931","171.13"
"2/5/1931","169.38"
"2/6/1931","169.88"
"2/7/1931","172.9"
"2/9/1931","177.72"
"2/10/1931","181.2"
"2/11/1931","181.88"
"2/13/1931","180.99"
"2/14/1931","180.41"
"2/16/1931","182.88"
"2/17/1931","179.55"
"2/18/1931","181.1"
"2/19/1931","184.46"
"2/20/1931","188.22"
"2/21/1931","191.32"
"2/24/1931","194.36"
"2/25/1931","190.72"
"2/26/1931","192.23"
"2/27/1931","190.34"
"2/28/1931","189.66"
"3/2/1931","184.38"
"3/3/1931","183.76"
"3/4/1931","180.96"
"3/5/1931","184.69"
"3/6/1931","179.73"
"3/7/1931","183.85"
"3/9/1931","185.38"
"3/10/1931","183.63"
"3/11/1931","181.91"
"3/12/1931","180.14"
"3/13/1931","178.91"
"3/14/1931","180.76"
"3/16/1931","183.61"
"3/17/1931","180.61"
"3/18/1931","183.95"
"3/19/1931","186.56"
"3/20/1931","187.72"
"3/21/1931","185.24"
"3/23/1931","184.32"
"3/24/1931","186"
"3/25/1931","184.2"
"3/26/1931","181.7"
"3/27/1931","177.3"
"3/28/1931","174.06"
"3/30/1931","172.56"
"3/31/1931","172.36"
"4/1/1931","170.82"
"4/2/1931","169.89"
"4/4/1931","172.43"
"4/6/1931","169.72"
"4/7/1931","167.03"
"4/8/1931","169.54"
"4/9/1931","168.77"
"4/10/1931","168.72"
"4/11/1931","168.03"
"4/13/1931","171.07"
"4/14/1931","168.43"
"4/15/1931","164.66"
"4/16/1931","162.59"
"4/17/1931","160.23"
"4/18/1931","162.37"
"4/20/1931","163.41"
"4/21/1931","158.83"
"4/22/1931","156.37"
"4/23/1931","157.43"
"4/24/1931","155.76"
"4/25/1931","151.98"
"4/27/1931","149.78"
"4/28/1931","147.95"
"4/29/1931","143.61"
"4/30/1931","151.19"
"5/1/1931","145.58"
"5/2/1931","147.49"
"5/4/1931","150.5"
"5/5/1931","148.99"
"5/6/1931","149.73"
"5/7/1931","148.88"
"5/8/1931","154.41"
"5/9/1931","151.31"
"5/11/1931","151.56"
"5/12/1931","150.24"
"5/13/1931","149.63"
"5/14/1931","146.64"
"5/15/1931","144.49"
"5/16/1931","142.95"
"5/18/1931","139.52"
"5/19/1931","138.86"
"5/20/1931","137.74"
"5/21/1931","139.54"
"5/22/1931","139.49"
"5/23/1931","137.9"
"5/25/1931","132.87"
"5/26/1931","133.11"
"5/27/1931","130.76"
"5/28/1931","131.81"
"5/29/1931","128.46"
"6/1/1931","122.77"
"6/2/1931","121.7"
"6/3/1931","130.37"
"6/4/1931","134.73"
"6/5/1931","133.33"
"6/6/1931","129.91"
"6/8/1931","135.91"
"6/9/1931","132.97"
"6/10/1931","136.82"
"6/11/1931","136.57"
"6/12/1931","136.98"
"6/13/1931","137.03"
"6/15/1931","135.26"
"6/16/1931","135.47"
"6/17/1931","133.68"
"6/18/1931","130.56"
"6/19/1931","130.31"
"6/20/1931","138.96"
"6/22/1931","145.82"
"6/23/1931","143.89"
"6/24/1931","151.6"
"6/25/1931","150.36"
"6/26/1931","154.04"
"6/27/1931","156.93"
"6/29/1931","152.67"
"6/30/1931","150.18"
"7/1/1931","152.66"
"7/2/1931","151.48"
"7/3/1931","155.26"
"7/6/1931","152.8"
"7/7/1931","145.92"
"7/8/1931","143.83"
"7/9/1931","144.91"
"7/10/1931","146.97"
"7/11/1931","143.88"
"7/13/1931","142.43"
"7/14/1931","140.85"
"7/15/1931","137.86"
"7/16/1931","141.99"
"7/17/1931","142.61"
"7/18/1931","142.42"
"7/20/1931","144.48"
"7/21/1931","146.7"
"7/22/1931","142.52"
"7/23/1931","142.63"
"7/24/1931","139.01"
"7/25/1931","138.24"
"7/27/1931","139.64"
"7/28/1931","141.53"
"7/29/1931","136.19"
"7/30/1931","136.93"
"7/31/1931","135.39"
"8/1/1931","136.65"
"8/3/1931","137.5"
"8/4/1931","136.5"
"8/5/1931","134.1"
"8/6/1931","133.77"
"8/7/1931","135.13"
"8/8/1931","134.94"
"8/10/1931","134.26"
"8/11/1931","140.16"
"8/12/1931","137.63"
"8/13/1931","140.22"
"8/14/1931","144.15"
"8/15/1931","145.8"
"8/17/1931","140.98"
"8/18/1931","141.26"
"8/19/1931","141.72"
"8/20/1931","141.93"
"8/21/1931","138.6"
"8/22/1931","137.76"
"8/24/1931","137.62"
"8/25/1931","136.65"
"8/26/1931","139.93"
"8/27/1931","138.66"
"8/28/1931","140.78"
"8/29/1931","142.08"
"8/31/1931","139.41"
"9/1/1931","140.13"
"9/2/1931","137.31"
"9/3/1931","133.14"
"9/4/1931","132.62"
"9/8/1931","129.19"
"9/9/1931","128.43"
"9/10/1931","127.3"
"9/11/1931","128.23"
"9/12/1931","123.85"
"9/14/1931","121.3"
"9/15/1931","120.59"
"9/16/1931","119.26"
"9/17/1931","121.76"
"9/18/1931","115.08"
"9/19/1931","111.74"
"9/21/1931","110.83"
"9/22/1931","109.4"
"9/23/1931","115.99"
"9/24/1931","107.79"
"9/25/1931","109.86"
"9/26/1931","107.36"
"9/28/1931","104.39"
"9/29/1931","99.8"
"9/30/1931","96.61"
"10/1/1931","95.66"
"10/2/1931","96.88"
"10/3/1931","92.77"
"10/5/1931","86.48"
"10/6/1931","99.34"
"10/7/1931","97.32"
"10/8/1931","105.79"
"10/9/1931","104.46"
"10/10/1931","105.61"
"10/13/1931","100.24"
"10/14/1931","97.27"
"10/15/1931","98.71"
"10/16/1931","102.49"
"10/17/1931","102.28"
"10/19/1931","103.45"
"10/20/1931","108.65"
"10/21/1931","108.39"
"10/22/1931","105.02"
"10/23/1931","108.88"
"10/24/1931","109.7"
"10/26/1931","106.37"
"10/27/1931","104.25"
"10/28/1931","100.52"
"10/29/1931","100.66"
"10/30/1931","103.97"
"10/31/1931","105.43"
"11/2/1931","104.5"
"11/4/1931","108.33"
"11/5/1931","108.58"
"11/6/1931","112.72"
"11/7/1931","115.6"
"11/9/1931","116.79"
"11/10/1931","113.98"
"11/11/1931","112.01"
"11/12/1931","111.95"
"11/13/1931","107.33"
"11/14/1931","106.35"
"11/16/1931","104.76"
"11/17/1931","106.16"
"11/18/1931","101.69"
"11/19/1931","101.25"
"11/20/1931","97.96"
"11/21/1931","97.42"
"11/23/1931","96.6"
"11/24/1931","98.61"
"11/25/1931","94.15"
"11/27/1931","91.55"
"11/28/1931","90.02"
"11/30/1931","93.87"
"12/1/1931","91.17"
"12/2/1931","87.9"
"12/3/1931","89.7"
"12/4/1931","86.76"
"12/5/1931","90.14"
"12/7/1931","90.11"
"12/8/1931","86.5"
"12/9/1931","84.14"
"12/10/1931","82.46"
"12/11/1931","79.63"
"12/12/1931","78.93"
"12/14/1931","77.22"
"12/15/1931","78.6"
"12/16/1931","76.49"
"12/17/1931","73.79"
"12/18/1931","80.69"
"12/19/1931","80.75"
"12/21/1931","78.08"
"12/22/1931","79.55"
"12/23/1931","76.02"
"12/24/1931","75.84"
"12/28/1931","73.84"
"12/29/1931","75.84"
"12/30/1931","77.14"
"12/31/1931","77.9"
"1/2/1932","74.62"
"1/4/1932","71.59"
"1/5/1932","71.24"
"1/6/1932","76.31"
"1/7/1932","78.03"
"1/8/1932","81.8"
"1/9/1932","79.98"
"1/11/1932","80.44"
"1/12/1932","79.39"
"1/13/1932","84.36"
"1/14/1932","85.35"
"1/15/1932","85.88"
"1/16/1932","84.44"
"1/18/1932","81.45"
"1/19/1932","81.1"
"1/20/1932","83.57"
"1/21/1932","83.42"
"1/22/1932","78.81"
"1/23/1932","77.98"
"1/25/1932","78.66"
"1/26/1932","79.76"
"1/27/1932","77.82"
"1/28/1932","76.73"
"1/29/1932","76.55"
"1/30/1932","76.19"
"2/1/1932","79.63"
"2/2/1932","77.82"
"2/3/1932","78.26"
"2/4/1932","77.66"
"2/5/1932","75"
"2/6/1932","74.45"
"2/8/1932","73.45"
"2/9/1932","72.38"
"2/10/1932","71.8"
"2/11/1932","78.6"
"2/13/1932","85.82"
"2/15/1932","82.18"
"2/16/1932","85.75"
"2/17/1932","82.24"
"2/18/1932","85.13"
"2/19/1932","85.98"
"2/20/1932","83.59"
"2/23/1932","80.26"
"2/24/1932","82.73"
"2/25/1932","82.05"
"2/26/1932","82.09"
"2/27/1932","82.02"
"2/29/1932","81.44"
"3/1/1932","81.87"
"3/2/1932","86.28"
"3/3/1932","86.13"
"3/4/1932","86.11"
"3/5/1932","88.49"
"3/7/1932","87.16"
"3/8/1932","88.78"
"3/9/1932","86.94"
"3/10/1932","86.25"
"3/11/1932","83.61"
"3/12/1932","84.52"
"3/14/1932","81.12"
"3/15/1932","81.02"
"3/16/1932","79.11"
"3/17/1932","80.87"
"3/18/1932","78.82"
"3/19/1932","78.09"
"3/21/1932","79.9"
"3/22/1932","79.55"
"3/23/1932","78.64"
"3/24/1932","77.99"
"3/26/1932","75.69"
"3/28/1932","75.09"
"3/29/1932","75.5"
"3/30/1932","77.15"
"3/31/1932","73.28"
"4/1/1932","72.18"
"4/2/1932","71.3"
"4/4/1932","71.19"
"4/5/1932","68.07"
"4/6/1932","66.46"
"4/7/1932","66.2"
"4/8/1932","62.9"
"4/9/1932","64.48"
"4/11/1932","62.04"
"4/12/1932","62.33"
"4/13/1932","61.18"
"4/14/1932","63.27"
"4/15/1932","64.49"
"4/16/1932","63.39"
"4/18/1932","60.85"
"4/19/1932","59.75"
"4/20/1932","59.46"
"4/21/1932","62.01"
"4/22/1932","58.88"
"4/23/1932","59.22"
"4/25/1932","58.92"
"4/26/1932","59.71"
"4/27/1932","61.28"
"4/28/1932","58.24"
"4/29/1932","55.93"
"4/30/1932","56.11"
"5/2/1932","55.37"
"5/3/1932","54.15"
"5/4/1932","54.88"
"5/5/1932","54.1"
"5/6/1932","59.01"
"5/7/1932","58.04"
"5/9/1932","57.04"
"5/10/1932","57.68"
"5/11/1932","57.83"
"5/12/1932","55.62"
"5/13/1932","53.46"
"5/14/1932","52.48"
"5/16/1932","53.96"
"5/17/1932","54.04"
"5/18/1932","52.81"
"5/19/1932","53.14"
"5/20/1932","53.31"
"5/21/1932","53.04"
"5/23/1932","52.98"
"5/24/1932","50.85"
"5/25/1932","49.1"
"5/26/1932","49.99"
"5/27/1932","47.47"
"5/28/1932","47.7"
"5/31/1932","44.74"
"6/1/1932","44.93"
"6/2/1932","47.25"
"6/3/1932","48.4"
"6/4/1932","50.88"
"6/6/1932","49.32"
"6/7/1932","47.47"
"6/8/1932","45.2"
"6/9/1932","45.32"
"6/10/1932","48.94"
"6/11/1932","48.26"
"6/13/1932","48.11"
"6/14/1932","49"
"6/15/1932","50.62"
"6/16/1932","50.34"
"6/17/1932","47.56"
"6/18/1932","47.55"
"6/20/1932","47.8"
"6/21/1932","46.58"
"6/22/1932","46.27"
"6/23/1932","46.83"
"6/24/1932","44.84"
"6/25/1932","44.76"
"6/27/1932","42.93"
"6/28/1932","43.18"
"6/29/1932","43.66"
"6/30/1932","42.84"
"7/1/1932","44.39"
"7/5/1932","43.47"
"7/6/1932","44.08"
"7/7/1932","41.81"
"7/8/1932","41.22"
"7/9/1932","41.63"
"7/11/1932","42.99"
"7/12/1932","42.68"
"7/13/1932","44.88"
"7/14/1932","44.34"
"7/15/1932","45.47"
"7/16/1932","45.29"
"7/18/1932","44.07"
"7/19/1932","43.79"
"7/20/1932","45.43"
"7/21/1932","46.5"
"7/22/1932","47.69"
"7/23/1932","47.84"
"7/25/1932","49.78"
"7/26/1932","49.04"
"7/27/1932","51.34"
"7/28/1932","52.61"
"7/29/1932","53.89"
"7/30/1932","54.26"
"8/1/1932","54.94"
"8/2/1932","53.16"
"8/3/1932","58.22"
"8/4/1932","59.63"
"8/5/1932","62.6"
"8/6/1932","66.56"
"8/8/1932","67.71"
"8/9/1932","67.08"
"8/10/1932","69.39"
"8/11/1932","68.9"
"8/12/1932","63.11"
"8/13/1932","63.19"
"8/15/1932","66.51"
"8/16/1932","68.91"
"8/17/1932","67.5"
"8/18/1932","67.93"
"8/19/1932","66.84"
"8/20/1932","67.18"
"8/22/1932","70.87"
"8/23/1932","72.13"
"8/24/1932","73.55"
"8/25/1932","73.31"
"8/26/1932","74.43"
"8/27/1932","75.61"
"8/29/1932","75.22"
"8/30/1932","74.3"
"8/31/1932","73.16"
"9/1/1932","73.67"
"9/2/1932","76.77"
"9/3/1932","78.33"
"9/6/1932","77.28"
"9/7/1932","79.93"
"9/8/1932","77.49"
"9/9/1932","76.19"
"9/10/1932","76.54"
"9/12/1932","72.33"
"9/13/1932","69.85"
"9/14/1932","65.88"
"9/15/1932","67.94"
"9/16/1932","67.1"
"9/17/1932","66.44"
"9/19/1932","65.06"
"9/20/1932","67.49"
"9/21/1932","75.16"
"9/22/1932","72.71"
"9/23/1932","73.92"
"9/24/1932","74.83"
"9/26/1932","71.06"
"9/27/1932","71.49"
"9/28/1932","73.52"
"9/29/1932","71.53"
"9/30/1932","71.56"
"10/1/1932","72.09"
"10/3/1932","71.21"
"10/4/1932","71.16"
"10/5/1932","66.07"
"10/6/1932","66.28"
"10/7/1932","62.67"
"10/8/1932","61.17"
"10/10/1932","58.47"
"10/11/1932","61.66"
"10/13/1932","59.76"
"10/14/1932","63.84"
"10/15/1932","64.22"
"10/17/1932","62.69"
"10/18/1932","63.49"
"10/19/1932","65.74"
"10/20/1932","64.4"
"10/21/1932","61.01"
"10/22/1932","60.85"
"10/24/1932","61.03"
"10/25/1932","60.32"
"10/26/1932","61.36"
"10/27/1932","61.86"
"10/28/1932","63.09"
"10/29/1932","62.09"
"10/31/1932","61.9"
"11/1/1932","60.22"
"11/2/1932","58.53"
"11/3/1932","58.28"
"11/4/1932","61.53"
"11/5/1932","62.41"
"11/7/1932","64.58"
"11/9/1932","61.67"
"11/10/1932","65.54"
"11/11/1932","68.03"
"11/12/1932","68.04"
"11/14/1932","65.57"
"11/15/1932","65.26"
"11/16/1932","63.24"
"11/17/1932","62.99"
"11/18/1932","62.96"
"11/19/1932","64.14"
"11/21/1932","63.65"
"11/22/1932","63.16"
"11/23/1932","59.47"
"11/25/1932","58.78"
"11/26/1932","58.89"
"11/28/1932","59.17"
"11/29/1932","58.77"
"11/30/1932","56.35"
"12/1/1932","58.02"
"12/2/1932","55.91"
"12/3/1932","55.83"
"12/5/1932","56.53"
"12/6/1932","59.58"
"12/7/1932","59.77"
"12/8/1932","60.05"
"12/9/1932","61.58"
"12/10/1932","61.25"
"12/12/1932","61.48"
"12/13/1932","60.35"
"12/14/1932","61.93"
"12/15/1932","61.16"
"12/16/1932","60.52"
"12/17/1932","60.11"
"12/19/1932","60.08"
"12/20/1932","58.78"
"12/21/1932","58.97"
"12/22/1932","56.55"
"12/23/1932","56.8"
"12/24/1932","57.98"
"12/27/1932","57.6"
"12/28/1932","57.85"
"12/29/1932","59.12"
"12/30/1932","60.26"
"12/31/1932","59.93"
"1/3/1933","59.29"
"1/4/1933","62.35"
"1/5/1933","62.25"
"1/6/1933","62.96"
"1/9/1933","62.31"
"1/10/1933","64.35"
"1/11/1933","63.81"
"1/12/1933","63.09"
"1/13/1933","63.18"
"1/14/1933","63.09"
"1/16/1933","61.62"
"1/17/1933","61.75"
"1/18/1933","60.36"
"1/19/1933","61.02"
"1/20/1933","61.63"
"1/21/1933","61.79"
"1/23/1933","61.46"
"1/24/1933","61.3"
"1/25/1933","62.33"
"1/26/1933","61.73"
"1/27/1933","61.43"
"1/28/1933","60.71"
"1/30/1933","60.77"
"1/31/1933","60.9"
"2/1/1933","59.08"
"2/2/1933","58.03"
"2/3/1933","58.11"
"2/4/1933","57.55"
"2/6/1933","58.07"
"2/7/1933","58.38"
"2/8/1933","58.87"
"2/9/1933","60.09"
"2/10/1933","59.11"
"2/11/1933","59.43"
"2/14/1933","56.57"
"2/15/1933","56.71"
"2/16/1933","55.49"
"2/17/1933","56.37"
"2/18/1933","56.04"
"2/20/1933","54.26"
"2/21/1933","53.99"
"2/23/1933","51.94"
"2/24/1933","53.84"
"2/25/1933","50.93"
"2/27/1933","50.16"
"2/28/1933","51.39"
"3/1/1933","52.54"
"3/2/1933","52.54"
"3/3/1933","53.84"
"3/15/1933","62.1"
"3/16/1933","62.95"
"3/17/1933","60.73"
"3/18/1933","60.56"
"3/20/1933","59.9"
"3/21/1933","57.58"
"3/22/1933","56.86"
"3/23/1933","58.06"
"3/24/1933","57.93"
"3/25/1933","57.71"
"3/27/1933","56.53"
"3/28/1933","57.92"
"3/29/1933","56.81"
"3/30/1933","56.49"
"3/31/1933","55.4"
"4/1/1933","55.66"
"4/3/1933","55.69"
"4/4/1933","56.09"
"4/5/1933","57.5"
"4/6/1933","58.8"
"4/7/1933","58.78"
"4/8/1933","59.3"
"4/10/1933","62.11"
"4/11/1933","61.15"
"4/12/1933","60.26"
"4/13/1933","62.69"
"4/15/1933","62.88"
"4/17/1933","61.59"
"4/18/1933","62.65"
"4/19/1933","68.31"
"4/20/1933","72.27"
"4/21/1933","69.78"
"4/22/1933","72.24"
"4/24/1933","73.69"
"4/25/1933","72.45"
"4/26/1933","72.64"
"4/27/1933","71.71"
"4/28/1933","73.1"
"4/29/1933","77.66"
"5/1/1933","77.79"
"5/2/1933","77.29"
"5/3/1933","77.37"
"5/4/1933","79.16"
"5/5/1933","79.78"
"5/6/1933","77.61"
"5/8/1933","76.63"
"5/9/1933","77.23"
"5/10/1933","80.78"
"5/11/1933","82.48"
"5/12/1933","82.14"
"5/13/1933","80.85"
"5/15/1933","79.7"
"5/16/1933","81.29"
"5/17/1933","82.64"
"5/18/1933","82.57"
"5/19/1933","81.75"
"5/20/1933","80.21"
"5/22/1933","79.94"
"5/23/1933","83.06"
"5/24/1933","84.29"
"5/25/1933","83.73"
"5/26/1933","86.42"
"5/27/1933","89.61"
"5/29/1933","90.02"
"5/31/1933","88.11"
"6/1/1933","89.1"
"6/2/1933","92.21"
"6/3/1933","90.02"
"6/5/1933","91.89"
"6/6/1933","91.9"
"6/7/1933","92.98"
"6/8/1933","93.52"
"6/9/1933","94.29"
"6/10/1933","94.42"
"6/12/1933","96.75"
"6/13/1933","94.79"
"6/14/1933","94.06"
"6/15/1933","88.87"
"6/16/1933","89.22"
"6/17/1933","90.23"
"6/19/1933","95.99"
"6/20/1933","95.23"
"6/21/1933","95.91"
"6/22/1933","92.93"
"6/23/1933","95.53"
"6/24/1933","95.67"
"6/26/1933","98.49"
"6/27/1933","98.74"
"6/28/1933","97.74"
"6/29/1933","96.99"
"6/30/1933","98.14"
"7/1/1933","100.92"
"7/3/1933","103.77"
"7/5/1933","102.73"
"7/6/1933","104.98"
"7/7/1933","105.35"
"7/8/1933","105.15"
"7/10/1933","104.08"
"7/11/1933","103.08"
"7/12/1933","104.55"
"7/13/1933","105.51"
"7/14/1933","105.04"
"7/15/1933","106.1"
"7/17/1933","108.27"
"7/18/1933","108.67"
"7/19/1933","103.58"
"7/20/1933","96.26"
"7/21/1933","88.71"
"7/22/1933","88.42"
"7/24/1933","94.28"
"7/25/1933","92.83"
"7/26/1933","95.05"
"7/27/1933","96.03"
"7/28/1933","94.54"
"7/31/1933","90.77"
"8/1/1933","92.7"
"8/2/1933","94.84"
"8/3/1933","94.1"
"8/4/1933","92.62"
"8/7/1933","92.55"
"8/8/1933","95.84"
"8/9/1933","99.06"
"8/10/1933","97.58"
"8/11/1933","97.47"
"8/14/1933","96.53"
"8/15/1933","96.63"
"8/16/1933","94.44"
"8/17/1933","99.3"
"8/18/1933","98.32"
"8/21/1933","100.17"
"8/22/1933","101.34"
"8/23/1933","100.38"
"8/24/1933","101.41"
"8/25/1933","105.07"
"8/28/1933","104.72"
"8/29/1933","103.59"
"8/30/1933","102.35"
"8/31/1933","102.41"
"9/1/1933","103.66"
"9/5/1933","100.22"
"9/6/1933","100.33"
"9/7/1933","99.2"
"9/8/1933","99.58"
"9/9/1933","99.42"
"9/11/1933","103.59"
"9/12/1933","102.84"
"9/13/1933","103.65"
"9/14/1933","104.66"
"9/15/1933","102.63"
"9/16/1933","105.32"
"9/18/1933","105.3"
"9/19/1933","105.74"
"9/20/1933","103.99"
"9/21/1933","97.56"
"9/22/1933","99.06"
"9/23/1933","99.78"
"9/25/1933","98.03"
"9/26/1933","97.41"
"9/27/1933","93.18"
"9/28/1933","94.66"
"9/29/1933","94.24"
"9/30/1933","94.82"
"10/2/1933","92.99"
"10/3/1933","93.55"
"10/4/1933","98.6"
"10/5/1933","98.05"
"10/6/1933","97.54"
"10/7/1933","98.2"
"10/9/1933","99.72"
"10/10/1933","98.77"
"10/11/1933","98.85"
"10/13/1933","95.36"
"10/14/1933","95.59"
"10/16/1933","90.49"
"10/17/1933","92.67"
"10/18/1933","88.95"
"10/19/1933","84.38"
"10/20/1933","86.63"
"10/21/1933","83.64"
"10/23/1933","88.13"
"10/24/1933","91.35"
"10/25/1933","93.54"
"10/26/1933","92.02"
"10/27/1933","93.22"
"10/28/1933","92.01"
"10/30/1933","88.43"
"10/31/1933","88.16"
"11/1/1933","89.62"
"11/2/1933","90.54"
"11/3/1933","93.6"
"11/4/1933","93.09"
"11/6/1933","92.5"
"11/8/1933","95.54"
"11/9/1933","96.4"
"11/10/1933","95.06"
"11/11/1933","96.1"
"11/13/1933","95.98"
"11/14/1933","95.5"
"11/15/1933","94.36"
"11/16/1933","99.01"
"11/17/1933","98.09"
"11/18/1933","98.67"
"11/20/1933","101.28"
"11/21/1933","100.29"
"11/22/1933","100.07"
"11/23/1933","98.59"
"11/24/1933","99.52"
"11/25/1933","99.28"
"11/27/1933","95.77"
"11/28/1933","96.23"
"11/29/1933","98.14"
"12/1/1933","98.89"
"12/2/1933","99.07"
"12/4/1933","98.89"
"12/5/1933","101.99"
"12/6/1933","101.28"
"12/7/1933","102.04"
"12/8/1933","101.04"
"12/9/1933","102.92"
"12/11/1933","101.94"
"12/12/1933","101.64"
"12/13/1933","100.69"
"12/14/1933","101.44"
"12/15/1933","99.95"
"12/16/1933","98.06"
"12/18/1933","97.2"
"12/19/1933","97.25"
"12/20/1933","95.28"
"12/21/1933","95.5"
"12/22/1933","98.87"
"12/23/1933","98.04"
"12/26/1933","96.3"
"12/27/1933","96.8"
"12/28/1933","99.29"
"12/29/1933","98.67"
"12/30/1933","99.9"
"1/2/1934","100.36"
"1/3/1934","99.09"
"1/4/1934","98.78"
"1/5/1934","97.23"
"1/6/1934","96.94"
"1/8/1934","96.73"
"1/9/1934","97.57"
"1/10/1934","99.77"
"1/11/1934","99.38"
"1/12/1934","98.73"
"1/13/1934","98.66"
"1/15/1934","103.19"
"1/16/1934","103.4"
"1/17/1934","103.5"
"1/18/1934","103.3"
"1/19/1934","105.6"
"1/20/1934","105.52"
"1/22/1934","105.09"
"1/23/1934","106.62"
"1/24/1934","107.02"
"1/25/1934","106.85"
"1/26/1934","106.38"
"1/27/1934","106.03"
"1/29/1934","107.9"
"1/30/1934","108.99"
"1/31/1934","107.22"
"2/1/1934","108.95"
"2/2/1934","108.31"
"2/3/1934","109.41"
"2/5/1934","110.74"
"2/6/1934","110.24"
"2/7/1934","107.95"
"2/8/1934","108.45"
"2/9/1934","106.09"
"2/10/1934","105.47"
"2/13/1934","106.1"
"2/14/1934","106.78"
"2/15/1934","108.3"
"2/16/1934","108.61"
"2/17/1934","109.07"
"2/19/1934","107.53"
"2/20/1934","108.14"
"2/21/1934","108.5"
"2/23/1934","106.14"
"2/24/1934","104.77"
"2/26/1934","103.12"
"2/27/1934","103.67"
"2/28/1934","103.46"
"3/1/1934","103.18"
"3/2/1934","105.79"
"3/3/1934","105.56"
"3/5/1934","105.02"
"3/6/1934","103.84"
"3/7/1934","101.59"
"3/8/1934","103.21"
"3/9/1934","102.44"
"3/10/1934","102.77"
"3/12/1934","104.23"
"3/13/1934","104"
"3/14/1934","103.54"
"3/15/1934","102.21"
"3/16/1934","102.72"
"3/17/1934","101.65"
"3/19/1934","99.68"
"3/20/1934","101.01"
"3/21/1934","99.33"
"3/22/1934","100.54"
"3/23/1934","99.8"
"3/24/1934","100.92"
"3/26/1934","100.95"
"3/27/1934","98.76"
"3/28/1934","99.02"
"3/29/1934","100.31"
"3/31/1934","101.85"
"4/2/1934","101.96"
"4/3/1934","102.74"
"4/4/1934","103.19"
"4/5/1934","103.37"
"4/6/1934","103.97"
"4/7/1934","103.6"
"4/9/1934","103.54"
"4/10/1934","105.05"
"4/11/1934","105.16"
"4/12/1934","104.8"
"4/13/1934","104.98"
"4/14/1934","105.04"
"4/16/1934","103.57"
"4/17/1934","104.46"
"4/18/1934","105.45"
"4/19/1934","105.52"
"4/20/1934","106.55"
"4/21/1934","106.34"
"4/23/1934","105.92"
"4/24/1934","105.31"
"4/25/1934","105.05"
"4/26/1934","103.56"
"4/27/1934","103.65"
"4/28/1934","102.9"
"4/30/1934","100.49"
"5/1/1934","100.62"
"5/2/1934","98.82"
"5/3/1934","98.94"
"5/4/1934","99.29"
"5/5/1934","98.2"
"5/7/1934","95.51"
"5/8/1934","97.16"
"5/9/1934","95.71"
"5/10/1934","93.91"
"5/11/1934","93.18"
"5/12/1934","92.22"
"5/14/1934","91.81"
"5/15/1934","92.84"
"5/16/1934","92.73"
"5/17/1934","95.98"
"5/18/1934","95.17"
"5/19/1934","95.13"
"5/21/1934","95.76"
"5/22/1934","93.61"
"5/23/1934","92.86"
"5/24/1934","93.37"
"5/25/1934","94.5"
"5/26/1934","95.05"
"5/28/1934","95.56"
"5/29/1934","95.32"
"5/31/1934","94"
"6/1/1934","91.79"
"6/2/1934","91.41"
"6/4/1934","92.73"
"6/5/1934","94.66"
"6/6/1934","94.77"
"6/7/1934","94.72"
"6/8/1934","98.44"
"6/9/1934","98.9"
"6/11/1934","97.82"
"6/12/1934","98.78"
"6/13/1934","98.75"
"6/14/1934","97.15"
"6/15/1934","98.7"
"6/16/1934","99.85"
"6/18/1934","100.42"
"6/19/1934","99.02"
"6/20/1934","98.25"
"6/21/1934","97.5"
"6/22/1934","95.93"
"6/23/1934","96.59"
"6/25/1934","95.79"
"6/26/1934","97.33"
"6/27/1934","96.94"
"6/28/1934","97.14"
"6/29/1934","95.75"
"6/30/1934","95.72"
"7/2/1934","94.8"
"7/3/1934","94.77"
"7/5/1934","96.44"
"7/6/1934","97.32"
"7/7/1934","97.15"
"7/9/1934","97.04"
"7/10/1934","98.07"
"7/11/1934","98.67"
"7/12/1934","98.32"
"7/13/1934","98.82"
"7/14/1934","99.02"
"7/16/1934","97.04"
"7/17/1934","96.79"
"7/18/1934","98.26"
"7/19/1934","97.24"
"7/20/1934","94.74"
"7/21/1934","94.62"
"7/23/1934","91.98"
"7/24/1934","91.01"
"7/25/1934","91.57"
"7/26/1934","85.51"
"7/27/1934","87.84"
"7/28/1934","88.72"
"7/30/1934","88.17"
"7/31/1934","88.05"
"8/1/1934","90.57"
"8/2/1934","90.87"
"8/3/1934","90.14"
"8/4/1934","88.43"
"8/6/1934","88.11"
"8/7/1934","87.47"
"8/8/1934","88.97"
"8/9/1934","91.34"
"8/10/1934","89.66"
"8/11/1934","89.79"
"8/13/1934","91.8"
"8/14/1934","91.12"
"8/15/1934","91"
"8/16/1934","91.69"
"8/17/1934","91.12"
"8/18/1934","90.86"
"8/20/1934","90.44"
"8/21/1934","92.57"
"8/22/1934","94.32"
"8/23/1934","94.05"
"8/24/1934","95.48"
"8/25/1934","95.71"
"8/27/1934","94.46"
"8/28/1934","94.19"
"8/29/1934","93.69"
"8/30/1934","92.76"
"8/31/1934","92.86"
"9/1/1934","92.64"
"9/4/1934","92.3"
"9/5/1934","93.65"
"9/6/1934","91.82"
"9/7/1934","90.99"
"9/8/1934","90.83"
"9/10/1934","89.27"
"9/11/1934","89.25"
"9/12/1934","89.62"
"9/13/1934","89.44"
"9/14/1934","86.83"
"9/15/1934","87.34"
"9/17/1934","86.69"
"9/18/1934","87.37"
"9/19/1934","89.34"
"9/20/1934","89.35"
"9/21/1934","91.1"
"9/22/1934","91.08"
"9/24/1934","90.45"
"9/25/1934","92.72"
"9/26/1934","92.44"
"9/27/1934","93.4"
"9/28/1934","92.49"
"9/29/1934","92.63"
"10/1/1934","90.41"
"10/2/1934","90.88"
"10/3/1934","91.04"
"10/4/1934","91.01"
"10/5/1934","92.96"
"10/6/1934","92.85"
"10/8/1934","92.5"
"10/9/1934","91.71"
"10/10/1934","93.75"
"10/11/1934","95.5"
"10/13/1934","94.9"
"10/15/1934","94.16"
"10/16/1934","95.25"
"10/17/1934","95.29"
"10/18/1934","95.34"
"10/19/1934","94.9"
"10/20/1934","95.02"
"10/22/1934","94.78"
"10/23/1934","94.65"
"10/24/1934","95.6"
"10/25/1934","94.19"
"10/26/1934","93.01"
"10/27/1934","92.86"
"10/29/1934","92.53"
"10/30/1934","93.05"
"10/31/1934","93.36"
"11/1/1934","93.46"
"11/2/1934","94.42"
"11/3/1934","94.95"
"11/5/1934","96.06"
"11/7/1934","97.55"
"11/8/1934","97.26"
"11/9/1934","99.02"
"11/10/1934","99.21"
"11/13/1934","99.19"
"11/14/1934","99.42"
"11/15/1934","99.72"
"11/16/1934","99.39"
"11/17/1934","99.45"
"11/19/1934","99.89"
"11/20/1934","99.9"
"11/21/1934","99.47"
"11/22/1934","99.93"
"11/23/1934","101.62"
"11/24/1934","102.4"
"11/26/1934","103.08"
"11/27/1934","102.38"
"11/28/1934","102.75"
"11/30/1934","102.94"
"12/1/1934","102.93"
"12/3/1934","101.92"
"12/4/1934","102.57"
"12/5/1934","103.42"
"12/6/1934","103.47"
"12/7/1934","103.16"
"12/8/1934","102.83"
"12/10/1934","102.76"
"12/11/1934","100.81"
"12/12/1934","100.97"
"12/13/1934","100.68"
"12/14/1934","100.69"
"12/15/1934","100.84"
"12/17/1934","100.92"
"12/18/1934","101"
"12/19/1934","99.78"
"12/20/1934","99.59"
"12/21/1934","99.9"
"12/22/1934","99.73"
"12/24/1934","100.69"
"12/26/1934","100.35"
"12/27/1934","100.26"
"12/28/1934","103.15"
"12/29/1934","103.9"
"12/31/1934","104.04"
"1/2/1935","104.51"
"1/3/1935","105.14"
"1/4/1935","104.69"
"1/5/1935","105.56"
"1/7/1935","105.88"
"1/8/1935","105.03"
"1/9/1935","105.05"
"1/10/1935","104.87"
"1/11/1935","103.35"
"1/12/1935","102.3"
"1/14/1935","102.76"
"1/15/1935","100.49"
"1/16/1935","101.54"
"1/17/1935","101.91"
"1/18/1935","102.36"
"1/19/1935","102.96"
"1/21/1935","103.35"
"1/22/1935","102.77"
"1/23/1935","102.88"
"1/24/1935","102.44"
"1/25/1935","102.86"
"1/26/1935","102.5"
"1/28/1935","101.51"
"1/29/1935","100.69"
"1/30/1935","101"
"1/31/1935","101.69"
"2/1/1935","101.53"
"2/2/1935","102.2"
"2/4/1935","101.56"
"2/5/1935","100.74"
"2/6/1935","100.23"
"2/7/1935","101"
"2/8/1935","102.35"
"2/9/1935","102.66"
"2/11/1935","102.42"
"2/13/1935","102.69"
"2/14/1935","103.05"
"2/15/1935","104.67"
"2/16/1935","104.54"
"2/18/1935","107.17"
"2/19/1935","105.89"
"2/20/1935","104.97"
"2/21/1935","104.86"
"2/23/1935","103.25"
"2/25/1935","103.14"
"2/26/1935","102.24"
"2/27/1935","102.55"
"2/28/1935","102.38"
"3/1/1935","103.27"
"3/2/1935","103.22"
"3/4/1935","102.58"
"3/5/1935","100.09"
"3/6/1935","100.22"
"3/7/1935","101.17"
"3/8/1935","101.58"
"3/9/1935","101.18"
"3/11/1935","99.39"
"3/12/1935","97.66"
"3/13/1935","98.02"
"3/14/1935","96.71"
"3/15/1935","98.21"
"3/16/1935","97.79"
"3/18/1935","97.01"
"3/19/1935","98.31"
"3/20/1935","98.29"
"3/21/1935","99.72"
"3/22/1935","100.68"
"3/23/1935","99.84"
"3/25/1935","99.5"
"3/26/1935","98.97"
"3/27/1935","100.35"
"3/28/1935","100.59"
"3/29/1935","100.78"
"3/30/1935","100.81"
"4/1/1935","101.23"
"4/2/1935","101"
"4/3/1935","100.39"
"4/4/1935","101.13"
"4/5/1935","102.53"
"4/6/1935","103.04"
"4/8/1935","102.65"
"4/9/1935","104.32"
"4/10/1935","104.06"
"4/11/1935","104.03"
"4/12/1935","104.45"
"4/13/1935","105.42"
"4/15/1935","105.93"
"4/16/1935","106.33"
"4/17/1935","105.43"
"4/18/1935","107.97"
"4/20/1935","109.76"
"4/22/1935","110.27"
"4/23/1935","110.06"
"4/24/1935","109.45"
"4/25/1935","110.47"
"4/26/1935","110.37"
"4/27/1935","109.68"
"4/29/1935","109.91"
"4/30/1935","109.45"
"5/1/1935","108.71"
"5/2/1935","108.84"
"5/3/1935","110.49"
"5/4/1935","110.83"
"5/6/1935","110.53"
"5/7/1935","109.79"
"5/8/1935","112.63"
"5/9/1935","113.1"
"5/10/1935","113.67"
"5/11/1935","114.08"
"5/13/1935","114.23"
"5/14/1935","114.18"
"5/15/1935","114.61"
"5/16/1935","116.58"
"5/17/1935","115.81"
"5/18/1935","114.58"
"5/20/1935","114.67"
"5/21/1935","115.56"
"5/22/1935","116.24"
"5/23/1935","116.81"
"5/24/1935","116.17"
"5/25/1935","115.9"
"5/27/1935","116.74"
"5/28/1935","113.76"
"5/29/1935","111.85"
"5/31/1935","110.65"
"6/1/1935","109.74"
"6/3/1935","111.45"
"6/4/1935","113.58"
"6/5/1935","113.92"
"6/6/1935","113.54"
"6/7/1935","114.01"
"6/8/1935","114.72"
"6/10/1935","115.89"
"6/11/1935","117.08"
"6/12/1935","117.14"
"6/13/1935","117.89"
"6/14/1935","119"
"6/15/1935","119.17"
"6/17/1935","118.67"
"6/18/1935","119.32"
"6/19/1935","118.12"
"6/20/1935","117.24"
"6/21/1935","119.48"
"6/22/1935","120.75"
"6/24/1935","120.04"
"6/25/1935","118.73"
"6/26/1935","117.64"
"6/27/1935","117.56"
"6/28/1935","118.36"
"6/29/1935","118.21"
"7/1/1935","118.82"
"7/2/1935","118.69"
"7/3/1935","118.81"
"7/5/1935","120.61"
"7/6/1935","121.02"
"7/8/1935","122.55"
"7/9/1935","122.15"
"7/10/1935","122.69"
"7/11/1935","121.93"
"7/12/1935","122.2"
"7/13/1935","121.88"
"7/15/1935","121.72"
"7/16/1935","122.34"
"7/17/1935","122.91"
"7/18/1935","123.41"
"7/19/1935","122.33"
"7/20/1935","122.69"
"7/22/1935","124.1"
"7/23/1935","124.14"
"7/24/1935","124.6"
"7/25/1935","123.8"
"7/26/1935","124.02"
"7/27/1935","125.27"
"7/29/1935","126.56"
"7/30/1935","125.57"
"7/31/1935","126.23"
"8/1/1935","125.85"
"8/2/1935","124.93"
"8/3/1935","125.9"
"8/5/1935","126.07"
"8/6/1935","125.64"
"8/7/1935","125.61"
"8/8/1935","125.98"
"8/9/1935","127.27"
"8/10/1935","127.94"
"8/12/1935","128"
"8/13/1935","128.09"
"8/14/1935","128.27"
"8/15/1935","127.47"
"8/16/1935","127.63"
"8/17/1935","127.96"
"8/19/1935","126.33"
"8/20/1935","126.31"
"8/21/1935","127.66"
"8/22/1935","128.52"
"8/23/1935","128.93"
"8/24/1935","127.93"
"8/26/1935","128.99"
"8/27/1935","126.81"
"8/28/1935","126.61"
"8/29/1935","126.95"
"8/30/1935","127.35"
"8/31/1935","127.89"
"9/3/1935","127.27"
"9/4/1935","128.46"
"9/5/1935","129.34"
"9/6/1935","130.75"
"9/7/1935","131.86"
"9/9/1935","132.48"
"9/10/1935","133.22"
"9/11/1935","134.01"
"9/12/1935","133.33"
"9/13/1935","133.52"
"9/14/1935","133.4"
"9/16/1935","132.91"
"9/17/1935","133.11"
"9/18/1935","134.11"
"9/19/1935","131.44"
"9/20/1935","128.42"
"9/21/1935","128.78"
"9/23/1935","129.55"
"9/24/1935","131.02"
"9/25/1935","131.52"
"9/26/1935","131.06"
"9/27/1935","131.48"
"9/28/1935","131.75"
"9/30/1935","131.92"
"10/1/1935","131.51"
"10/2/1935","128.06"
"10/3/1935","129.05"
"10/4/1935","129.76"
"10/5/1935","130.35"
"10/7/1935","130.77"
"10/8/1935","130.06"
"10/9/1935","130.59"
"10/10/1935","132.99"
"10/11/1935","133.56"
"10/14/1935","135.03"
"10/15/1935","136.26"
"10/16/1935","135.68"
"10/17/1935","135.57"
"10/18/1935","135.13"
"10/19/1935","137.09"
"10/21/1935","138.96"
"10/22/1935","138.77"
"10/23/1935","139.58"
"10/24/1935","139.41"
"10/25/1935","140.68"
"10/26/1935","141.47"
"10/28/1935","140.78"
"10/29/1935","140.49"
"10/30/1935","139.35"
"10/31/1935","139.74"
"11/1/1935","141.31"
"11/2/1935","141.2"
"11/4/1935","141.07"
"11/6/1935","142.9"
"11/7/1935","143.4"
"11/8/1935","144.25"
"11/9/1935","144.36"
"11/12/1935","142.56"
"11/13/1935","143.59"
"11/14/1935","145.59"
"11/15/1935","146.32"
"11/16/1935","147.31"
"11/18/1935","147.06"
"11/19/1935","148.44"
"11/20/1935","146.65"
"11/21/1935","147.37"
"11/22/1935","144.61"
"11/23/1935","146.12"
"11/25/1935","144.72"
"11/26/1935","142.59"
"11/27/1935","143.38"
"11/29/1935","142.34"
"11/30/1935","142.35"
"12/2/1935","140.72"
"12/3/1935","143.58"
"12/4/1935","144.04"
"12/5/1935","143.72"
"12/6/1935","143.48"
"12/7/1935","144.47"
"12/9/1935","144.1"
"12/10/1935","142.31"
"12/11/1935","142.84"
"12/12/1935","141.34"
"12/13/1935","140.16"
"12/14/1935","140.38"
"12/16/1935","139.11"
"12/17/1935","140.6"
"12/18/1935","140.1"
"12/19/1935","138.94"
"12/20/1935","139.5"
"12/21/1935","140.19"
"12/23/1935","140.58"
"12/24/1935","141.53"
"12/26/1935","141.54"
"12/27/1935","141.58"
"12/28/1935","140.76"
"12/30/1935","143"
"12/31/1935","144.13"
"1/2/1936","144.13"
"1/3/1936","144.69"
"1/4/1936","144.08"
"1/6/1936","143.11"
"1/7/1936","144.92"
"1/8/1936","146.16"
"1/9/1936","145.66"
"1/10/1936","147.08"
"1/11/1936","146.73"
"1/13/1936","146.52"
"1/14/1936","146.32"
"1/15/1936","145.66"
"1/16/1936","145.92"
"1/17/1936","145.81"
"1/18/1936","144.93"
"1/20/1936","144.06"
"1/21/1936","143.5"
"1/22/1936","145.99"
"1/23/1936","146.97"
"1/24/1936","146.59"
"1/25/1936","147.01"
"1/27/1936","147.3"
"1/28/1936","146.94"
"1/29/1936","147.71"
"1/30/1936","146.98"
"1/31/1936","149.49"
"2/1/1936","149.58"
"2/3/1936","150.62"
"2/4/1936","150.94"
"2/5/1936","150.6"
"2/6/1936","150.86"
"2/7/1936","150.17"
"2/8/1936","150.4"
"2/10/1936","151.15"
"2/11/1936","152.25"
"2/13/1936","152.53"
"2/14/1936","151.97"
"2/15/1936","152.4"
"2/17/1936","151.4"
"2/18/1936","153.36"
"2/19/1936","153.09"
"2/20/1936","154.43"
"2/21/1936","153.74"
"2/24/1936","152.74"
"2/25/1936","150.78"
"2/26/1936","149.81"
"2/27/1936","152.64"
"2/28/1936","152.53"
"2/29/1936","152.15"
"3/2/1936","154.08"
"3/3/1936","156.19"
"3/4/1936","156.7"
"3/5/1936","157.52"
"3/6/1936","158.75"
"3/7/1936","157.86"
"3/9/1936","153.5"
"3/10/1936","155.37"
"3/11/1936","156.85"
"3/12/1936","153.13"
"3/13/1936","150.42"
"3/14/1936","154.07"
"3/16/1936","153.25"
"3/17/1936","156.34"
"3/18/1936","155.82"
"3/19/1936","157.4"
"3/20/1936","157.41"
"3/21/1936","156.42"
"3/23/1936","157.62"
"3/24/1936","156.56"
"3/25/1936","157.88"
"3/26/1936","157.73"
"3/27/1936","155.52"
"3/28/1936","155.54"
"3/30/1936","155.37"
"3/31/1936","156.34"
"4/1/1936","158.96"
"4/2/1936","160.43"
"4/3/1936","160.09"
"4/4/1936","161.5"
"4/6/1936","161.99"
"4/7/1936","160.94"
"4/8/1936","160.97"
"4/9/1936","160.25"
"4/11/1936","160.48"
"4/13/1936","160.76"
"4/14/1936","158.41"
"4/15/1936","159.61"
"4/16/1936","158.49"
"4/17/1936","157.78"
"4/18/1936","156.07"
"4/20/1936","152.4"
"4/21/1936","153.36"
"4/22/1936","154.92"
"4/23/1936","151.08"
"4/24/1936","151.54"
"4/25/1936","151.93"
"4/27/1936","147.05"
"4/28/1936","146.75"
"4/29/1936","143.65"
"4/30/1936","145.67"
"5/1/1936","147.07"
"5/2/1936","146.41"
"5/4/1936","146.96"
"5/5/1936","148.56"
"5/6/1936","149.73"
"5/7/1936","147.14"
"5/8/1936","146.87"
"5/9/1936","147.85"
"5/11/1936","146.85"
"5/12/1936","146.7"
"5/13/1936","147.9"
"5/14/1936","151.49"
"5/15/1936","151.6"
"5/16/1936","151.42"
"5/18/1936","150.35"
"5/19/1936","147.49"
"5/20/1936","148.94"
"5/21/1936","148.8"
"5/22/1936","149.58"
"5/23/1936","150.65"
"5/25/1936","150.83"
"5/26/1936","152.26"
"5/27/1936","152.57"
"5/28/1936","151.77"
"5/29/1936","152.64"
"6/1/1936","152.84"
"6/2/1936","151.97"
"6/3/1936","151.53"
"6/4/1936","149.39"
"6/5/1936","149.26"
"6/6/1936","149.84"
"6/8/1936","151.39"
"6/9/1936","152.9"
"6/10/1936","153.02"
"6/11/1936","155.16"
"6/12/1936","153.71"
"6/13/1936","154.64"
"6/15/1936","155.09"
"6/16/1936","156.7"
"6/17/1936","156.97"
"6/18/1936","157.38"
"6/19/1936","156.53"
"6/20/1936","157.21"
"6/22/1936","159.13"
"6/23/1936","158.94"
"6/24/1936","160.66"
"6/25/1936","158.64"
"6/26/1936","158.21"
"6/27/1936","158.46"
"6/29/1936","158.01"
"6/30/1936","157.69"
"7/1/1936","158.38"
"7/2/1936","157.51"
"7/3/1936","158.11"
"7/6/1936","157.11"
"7/7/1936","155.6"
"7/8/1936","156.2"
"7/9/1936","157.71"
"7/10/1936","160.07"
"7/11/1936","160.72"
"7/13/1936","161.35"
"7/14/1936","162.8"
"7/15/1936","163.24"
"7/16/1936","163.64"
"7/17/1936","163.55"
"7/18/1936","164.42"
"7/20/1936","164.43"
"7/21/1936","165.23"
"7/22/1936","164.49"
"7/23/1936","164.61"
"7/24/1936","164.37"
"7/25/1936","165.56"
"7/27/1936","166.92"
"7/28/1936","167.01"
"7/29/1936","165.67"
"7/30/1936","165.98"
"7/31/1936","164.86"
"8/1/1936","165.42"
"8/3/1936","165.32"
"8/4/1936","165.41"
"8/5/1936","165.07"
"8/6/1936","165.71"
"8/7/1936","168.01"
"8/8/1936","169.1"
"8/10/1936","168.8"
"8/11/1936","167.86"
"8/12/1936","169.05"
"8/13/1936","167.64"
"8/14/1936","165.75"
"8/15/1936","165.86"
"8/17/1936","165.38"
"8/18/1936","165.42"
"8/19/1936","166.04"
"8/20/1936","165.59"
"8/21/1936","160.8"
"8/22/1936","162.14"
"8/24/1936","163.78"
"8/25/1936","164.34"
"8/26/1936","163.32"
"8/27/1936","166.77"
"8/28/1936","166.78"
"8/29/1936","166.91"
"8/31/1936","166.29"
"9/1/1936","166.35"
"9/2/1936","166.65"
"9/3/1936","166.24"
"9/4/1936","167.04"
"9/5/1936","167.8"
"9/8/1936","169.55"
"9/9/1936","168.5"
"9/10/1936","169"
"9/11/1936","168.59"
"9/12/1936","168.02"
"9/14/1936","166.86"
"9/15/1936","166.44"
"9/16/1936","165.16"
"9/17/1936","166.25"
"9/18/1936","167.76"
"9/19/1936","168.93"
"9/21/1936","168.9"
"9/22/1936","169.47"
"9/23/1936","169.01"
"9/24/1936","169.14"
"9/25/1936","166.36"
"9/26/1936","168.07"
"9/28/1936","168.79"
"9/29/1936","168.48"
"9/30/1936","167.82"
"10/1/1936","168.26"
"10/2/1936","170.76"
"10/3/1936","172.44"
"10/5/1936","172.81"
"10/6/1936","174.42"
"10/7/1936","174.59"
"10/8/1936","174.93"
"10/9/1936","175.19"
"10/10/1936","176.05"
"10/13/1936","176.29"
"10/14/1936","175.57"
"10/15/1936","175.22"
"10/16/1936","176.66"
"10/17/1936","177.63"
"10/19/1936","177.42"
"10/20/1936","176.78"
"10/21/1936","176.7"
"10/22/1936","174.9"
"10/23/1936","175.6"
"10/24/1936","175.91"
"10/26/1936","172.3"
"10/27/1936","174.36"
"10/28/1936","174.84"
"10/29/1936","176.31"
"10/30/1936","177.15"
"10/31/1936","177.19"
"11/2/1936","176.67"
"11/4/1936","180.66"
"11/5/1936","182.25"
"11/6/1936","181.6"
"11/7/1936","183.38"
"11/9/1936","183.65"
"11/10/1936","184.01"
"11/12/1936","183.15"
"11/13/1936","182.24"
"11/14/1936","181.45"
"11/16/1936","182.65"
"11/17/1936","184.9"
"11/18/1936","184.44"
"11/19/1936","182.21"
"11/20/1936","180.74"
"11/21/1936","182.01"
"11/23/1936","178.61"
"11/24/1936","181.11"
"11/25/1936","180.78"
"11/27/1936","182.81"
"11/28/1936","183.32"
"11/30/1936","183.22"
"12/1/1936","182.05"
"12/2/1936","180.25"
"12/3/1936","181.29"
"12/4/1936","180.97"
"12/5/1936","181.05"
"12/7/1936","180.13"
"12/8/1936","180.57"
"12/9/1936","181.16"
"12/10/1936","182.18"
"12/11/1936","181.1"
"12/12/1936","180.92"
"12/14/1936","181.87"
"12/15/1936","181.97"
"12/16/1936","181.58"
"12/17/1936","180.78"
"12/18/1936","179.42"
"12/19/1936","177.61"
"12/21/1936","175.85"
"12/22/1936","177.3"
"12/23/1936","178.36"
"12/24/1936","178.6"
"12/28/1936","177.12"
"12/29/1936","177.6"
"12/30/1936","180.57"
"12/31/1936","179.9"
"1/2/1937","178.52"
"1/4/1937","177.72"
"1/5/1937","179.07"
"1/6/1937","178.92"
"1/7/1937","181.77"
"1/8/1937","182.95"
"1/9/1937","182.75"
"1/11/1937","183.26"
"1/12/1937","183.3"
"1/13/1937","183.01"
"1/14/1937","183.71"
"1/15/1937","184.53"
"1/16/1937","185.73"
"1/18/1937","184.95"
"1/19/1937","184.02"
"1/20/1937","185.96"
"1/21/1937","186.9"
"1/22/1937","186.53"
"1/23/1937","186.69"
"1/25/1937","185.62"
"1/26/1937","183.19"
"1/27/1937","183.97"
"1/28/1937","183.41"
"1/29/1937","184.74"
"1/30/1937","185.74"
"2/1/1937","186.61"
"2/2/1937","188.2"
"2/3/1937","188.69"
"2/4/1937","188.39"
"2/5/1937","186.01"
"2/6/1937","187.11"
"2/8/1937","187.82"
"2/9/1937","187.68"
"2/10/1937","189.35"
"2/11/1937","190.29"
"2/13/1937","190.03"
"2/15/1937","188.39"
"2/16/1937","188.18"
"2/17/1937","187.98"
"2/18/1937","188.07"
"2/19/1937","189.37"
"2/20/1937","189.37"
"2/23/1937","186.5"
"2/24/1937","187.35"
"2/25/1937","186.68"
"2/26/1937","187.17"
"2/27/1937","187.3"
"3/1/1937","187.68"
"3/2/1937","189.91"
"3/3/1937","192.91"
"3/4/1937","191.63"
"3/5/1937","194.14"
"3/6/1937","194.15"
"3/8/1937","192.69"
"3/9/1937","193.29"
"3/10/1937","194.4"
"3/11/1937","192.22"
"3/12/1937","191.24"
"3/13/1937","190.58"
"3/15/1937","189.41"
"3/16/1937","189.95"
"3/17/1937","188.5"
"3/18/1937","184.73"
"3/19/1937","184.56"
"3/20/1937","184.04"
"3/22/1937","179.82"
"3/23/1937","181.87"
"3/24/1937","184.32"
"3/25/1937","184.08"
"3/27/1937","184.95"
"3/29/1937","184.09"
"3/30/1937","186.77"
"3/31/1937","186.41"
"4/1/1937","185.19"
"4/2/1937","182.75"
"4/3/1937","183.54"
"4/5/1937","184.19"
"4/6/1937","182.98"
"4/7/1937","178.07"
"4/8/1937","178.18"
"4/9/1937","178.94"
"4/10/1937","178.26"
"4/12/1937","179.74"
"4/13/1937","182.1"
"4/14/1937","181.93"
"4/15/1937","181.19"
"4/16/1937","180.75"
"4/17/1937","180.51"
"4/19/1937","180.82"
"4/20/1937","181.44"
"4/21/1937","183.6"
"4/22/1937","181.7"
"4/23/1937","178.54"
"4/24/1937","176.98"
"4/26/1937","171.97"
"4/27/1937","174.52"
"4/28/1937","170.13"
"4/29/1937","170.52"
"4/30/1937","174.27"
"5/1/1937","174.42"
"5/3/1937","174.59"
"5/4/1937","176.3"
"5/5/1937","174.67"
"5/6/1937","175.81"
"5/7/1937","175.89"
"5/8/1937","175.54"
"5/10/1937","173.04"
"5/11/1937","172.55"
"5/12/1937","172.24"
"5/13/1937","167.46"
"5/14/1937","169.15"
"5/15/1937","169.6"
"5/17/1937","167.84"
"5/18/1937","169.97"
"5/19/1937","169.75"
"5/20/1937","173.59"
"5/21/1937","173.83"
"5/22/1937","175"
"5/24/1937","175.59"
"5/25/1937","173.79"
"5/26/1937","173.7"
"5/27/1937","174.19"
"5/28/1937","174.71"
"6/1/1937","171.59"
"6/2/1937","172.63"
"6/3/1937","172.82"
"6/4/1937","175.14"
"6/5/1937","175"
"6/7/1937","173.88"
"6/8/1937","174.33"
"6/9/1937","173.47"
"6/10/1937","172.82"
"6/11/1937","170.77"
"6/12/1937","169.51"
"6/14/1937","165.51"
"6/15/1937","167.4"
"6/16/1937","165.86"
"6/17/1937","167.74"
"6/18/1937","168.79"
"6/19/1937","168.6"
"6/21/1937","167.98"
"6/22/1937","168.2"
"6/23/1937","169.01"
"6/24/1937","170.08"
"6/25/1937","169.59"
"6/26/1937","168.45"
"6/28/1937","166.71"
"6/29/1937","167.11"
"6/30/1937","169.32"
"7/1/1937","170.13"
"7/2/1937","172.22"
"7/6/1937","176.8"
"7/7/1937","177.74"
"7/8/1937","177.7"
"7/9/1937","177.4"
"7/10/1937","176.72"
"7/12/1937","178.7"
"7/13/1937","178.24"
"7/14/1937","178.57"
"7/15/1937","179.71"
"7/16/1937","179.53"
"7/17/1937","179.72"
"7/19/1937","182.06"
"7/20/1937","183.32"
"7/21/1937","182.35"
"7/22/1937","182.96"
"7/23/1937","183.78"
"7/24/1937","184.85"
"7/26/1937","184.42"
"7/27/1937","184.24"
"7/28/1937","182.57"
"7/29/1937","183.01"
"7/30/1937","184.01"
"7/31/1937","185.61"
"8/2/1937","186.91"
"8/3/1937","185.91"
"8/4/1937","186.8"
"8/5/1937","186.09"
"8/6/1937","185.43"
"8/7/1937","186.41"
"8/9/1937","186.75"
"8/10/1937","186.98"
"8/11/1937","186.72"
"8/12/1937","187.62"
"8/13/1937","189.29"
"8/14/1937","190.02"
"8/16/1937","189.34"
"8/17/1937","188.68"
"8/18/1937","187.39"
"8/19/1937","185.28"
"8/20/1937","182.95"
"8/21/1937","183.74"
"8/23/1937","181.88"
"8/24/1937","182.39"
"8/25/1937","181.7"
"8/26/1937","178.52"
"8/27/1937","175.91"
"8/28/1937","175.93"
"8/30/1937","177.88"
"8/31/1937","177.41"
"9/1/1937","173.08"
"9/2/1937","170.84"
"9/3/1937","172.17"
"9/4/1937","172.55"
"9/7/1937","164.39"
"9/8/1937","163.37"
"9/9/1937","166.36"
"9/10/1937","157.98"
"9/11/1937","159.96"
"9/13/1937","158"
"9/14/1937","162.9"
"9/15/1937","162.85"
"9/16/1937","164.75"
"9/17/1937","162.15"
"9/18/1937","157.83"
"9/20/1937","155.56"
"9/21/1937","156.56"
"9/22/1937","157.45"
"9/23/1937","153.98"
"9/24/1937","147.38"
"9/25/1937","147.47"
"9/27/1937","152.03"
"9/28/1937","153.16"
"9/29/1937","154.7"
"9/30/1937","154.57"
"10/1/1937","153.89"
"10/2/1937","154.08"
"10/4/1937","152.19"
"10/5/1937","144.08"
"10/6/1937","147.18"
"10/7/1937","146.59"
"10/8/1937","144.03"
"10/9/1937","143.93"
"10/11/1937","138.79"
"10/13/1937","138.2"
"10/14/1937","136.54"
"10/15/1937","135.48"
"10/16/1937","136.3"
"10/18/1937","125.73"
"10/19/1937","126.85"
"10/20/1937","134.56"
"10/21/1937","135.48"
"10/22/1937","132.26"
"10/23/1937","127.15"
"10/25/1937","134.43"
"10/26/1937","132.78"
"10/27/1937","132.26"
"10/28/1937","135.22"
"10/29/1937","138.48"
"10/30/1937","138.17"
"11/1/1937","135.94"
"11/3/1937","130.14"
"11/4/1937","128.84"
"11/5/1937","128.92"
"11/6/1937","125.25"
"11/8/1937","123.98"
"11/9/1937","126.16"
"11/10/1937","132.16"
"11/12/1937","133.09"
"11/13/1937","133.05"
"11/15/1937","129.22"
"11/16/1937","127.98"
"11/17/1937","127.54"
"11/18/1937","125.48"
"11/19/1937","118.13"
"11/20/1937","120.45"
"11/22/1937","114.19"
"11/23/1937","115.78"
"11/24/1937","113.64"
"11/26/1937","118.26"
"11/27/1937","123.71"
"11/29/1937","121.58"
"11/30/1937","123.48"
"12/1/1937","122.11"
"12/2/1937","125.14"
"12/3/1937","127.55"
"12/4/1937","127.79"
"12/6/1937","126.21"
"12/7/1937","128.31"
"12/8/1937","129.8"
"12/9/1937","128.15"
"12/10/1937","126.72"
"12/11/1937","126.83"
"12/13/1937","122.83"
"12/14/1937","123.5"
"12/15/1937","124.19"
"12/16/1937","125.75"
"12/17/1937","124.98"
"12/18/1937","126.63"
"12/20/1937","129.08"
"12/21/1937","129.98"
"12/22/1937","128.55"
"12/23/1937","127.63"
"12/24/1937","127.36"
"12/27/1937","123.45"
"12/28/1937","118.93"
"12/29/1937","120.15"
"12/30/1937","121.56"
"12/31/1937","120.85"
"1/3/1938","120.57"
"1/4/1938","124.61"
"1/5/1938","124.66"
"1/6/1938","128.97"
"1/7/1938","128.21"
"1/8/1938","130.84"
"1/10/1938","133.55"
"1/11/1938","134.35"
"1/12/1938","133.22"
"1/13/1938","131.6"
"1/14/1938","131.84"
"1/15/1938","134.31"
"1/17/1938","132.49"
"1/18/1938","131.53"
"1/19/1938","130.09"
"1/20/1938","132.33"
"1/21/1938","130.69"
"1/22/1938","130"
"1/24/1938","129.89"
"1/25/1938","128.33"
"1/26/1938","123.23"
"1/27/1938","121.57"
"1/28/1938","120.66"
"1/29/1938","120.14"
"1/31/1938","121.87"
"2/1/1938","123.97"
"2/2/1938","123.06"
"2/3/1938","118.49"
"2/4/1938","120.52"
"2/5/1938","122.88"
"2/7/1938","121.39"
"2/8/1938","125.52"
"2/9/1938","125"
"2/10/1938","125.54"
"2/11/1938","124.94"
"2/14/1938","125.97"
"2/15/1938","124.93"
"2/16/1938","124.9"
"2/17/1938","127.59"
"2/18/1938","126.29"
"2/19/1938","127.5"
"2/21/1938","129.49"
"2/23/1938","132.41"
"2/24/1938","130.85"
"2/25/1938","131.58"
"2/26/1938","131.26"
"2/28/1938","129.64"
"3/1/1938","130.47"
"3/2/1938","129.38"
"3/3/1938","128.22"
"3/4/1938","127.78"
"3/5/1938","127.67"
"3/7/1938","125.38"
"3/8/1938","125.33"
"3/9/1938","125.67"
"3/10/1938","124.71"
"3/11/1938","122.44"
"3/12/1938","122.58"
"3/14/1938","123.68"
"3/15/1938","127.24"
"3/16/1938","122.87"
"3/17/1938","122.03"
"3/18/1938","118.41"
"3/19/1938","120.43"
"3/21/1938","120.29"
"3/22/1938","117.11"
"3/23/1938","114.38"
"3/24/1938","114.64"
"3/25/1938","108.57"
"3/26/1938","106.63"
"3/28/1938","107.25"
"3/29/1938","101.92"
"3/30/1938","100.97"
"3/31/1938","98.95"
"4/1/1938","103.02"
"4/2/1938","106.11"
"4/4/1938","105.58"
"4/5/1938","108.36"
"4/6/1938","106.29"
"4/7/1938","105.43"
"4/8/1938","109.57"
"4/9/1938","115.32"
"4/11/1938","112.93"
"4/12/1938","113.88"
"4/13/1938","114.85"
"4/14/1938","116.82"
"4/16/1938","121"
"4/18/1938","118.99"
"4/19/1938","116.34"
"4/20/1938","114.9"
"4/21/1938","115.4"
"4/22/1938","118.52"
"4/23/1938","117.64"
"4/25/1938","116.23"
"4/26/1938","113.94"
"4/27/1938","115.25"
"4/28/1938","111.98"
"4/29/1938","111.66"
"4/30/1938","111.28"
"5/2/1938","110.09"
"5/3/1938","112.71"
"5/4/1938","113.88"
"5/5/1938","113.46"
"5/6/1938","117.16"
"5/7/1938","117.21"
"5/9/1938","119.43"
"5/10/1938","117.93"
"5/11/1938","118.52"
"5/12/1938","118.55"
"5/13/1938","116.87"
"5/14/1938","117.21"
"5/16/1938","115.38"
"5/17/1938","116.36"
"5/18/1938","117.02"
"5/19/1938","115.28"
"5/20/1938","114.99"
"5/21/1938","113.25"
"5/23/1938","113.97"
"5/24/1938","112.35"
"5/25/1938","110.6"
"5/26/1938","108.28"
"5/27/1938","107.98"
"5/28/1938","108.9"
"5/31/1938","107.74"
"6/1/1938","110.61"
"6/2/1938","110.68"
"6/3/1938","109.71"
"6/4/1938","111.82"
"6/6/1938","113.19"
"6/7/1938","113.12"
"6/8/1938","113.75"
"6/9/1938","115.74"
"6/10/1938","114.47"
"6/11/1938","114.23"
"6/13/1938","111.87"
"6/14/1938","112.78"
"6/15/1938","113.24"
"6/16/1938","113.97"
"6/17/1938","113.06"
"6/18/1938","113.23"
"6/20/1938","118.61"
"6/21/1938","121.34"
"6/22/1938","123.99"
"6/23/1938","127.4"
"6/24/1938","129.06"
"6/25/1938","131.94"
"6/27/1938","130.48"
"6/28/1938","130.38"
"6/29/1938","135.87"
"6/30/1938","133.88"
"7/1/1938","136.53"
"7/2/1938","138.53"
"7/5/1938","136.52"
"7/6/1938","137.78"
"7/7/1938","137.45"
"7/8/1938","135.66"
"7/9/1938","136.2"
"7/11/1938","134.56"
"7/12/1938","137.49"
"7/13/1938","136.9"
"7/14/1938","135.81"
"7/15/1938","137.3"
"7/16/1938","138.53"
"7/18/1938","140.39"
"7/19/1938","143.67"
"7/20/1938","141.84"
"7/21/1938","141.92"
"7/22/1938","142.25"
"7/23/1938","144.24"
"7/25/1938","144.91"
"7/26/1938","143.33"
"7/27/1938","140.24"
"7/28/1938","142.2"
"7/29/1938","141.2"
"7/30/1938","141.25"
"8/1/1938","140.37"
"8/2/1938","141.97"
"8/3/1938","141.73"
"8/4/1938","142.13"
"8/5/1938","144.47"
"8/6/1938","145.67"
"8/8/1938","144.33"
"8/9/1938","143.21"
"8/10/1938","142.4"
"8/11/1938","139.32"
"8/12/1938","136.51"
"8/13/1938","136.22"
"8/15/1938","136.98"
"8/16/1938","138.44"
"8/17/1938","139.03"
"8/18/1938","139.33"
"8/19/1938","141.13"
"8/20/1938","141.2"
"8/22/1938","140.92"
"8/23/1938","143.7"
"8/24/1938","143.53"
"8/25/1938","144.07"
"8/26/1938","142.94"
"8/27/1938","141.95"
"8/29/1938","137.06"
"8/30/1938","138.26"
"8/31/1938","139.27"
"9/1/1938","138.36"
"9/2/1938","141.38"
"9/3/1938","142.48"
"9/6/1938","141.47"
"9/7/1938","143.08"
"9/8/1938","142.19"
"9/9/1938","139.9"
"9/10/1938","138.29"
"9/12/1938","140.19"
"9/13/1938","134.19"
"9/14/1938","132.93"
"9/15/1938","136.22"
"9/16/1938","134.85"
"9/17/1938","131.82"
"9/19/1938","134.1"
"9/20/1938","138.41"
"9/21/1938","139.29"
"9/22/1938","137.35"
"9/23/1938","134.08"
"9/24/1938","133.02"
"9/26/1938","129.91"
"9/27/1938","130.19"
"9/28/1938","133.68"
"9/29/1938","137.16"
"9/30/1938","141.45"
"10/1/1938","143.13"
"10/3/1938","144.29"
"10/4/1938","144.23"
"10/5/1938","148.32"
"10/6/1938","148.1"
"10/7/1938","148.41"
"10/8/1938","149.75"
"10/10/1938","149.55"
"10/11/1938","149.41"
"10/13/1938","152.46"
"10/14/1938","151.45"
"10/15/1938","151.96"
"10/17/1938","150.81"
"10/18/1938","152.1"
"10/19/1938","150.02"
"10/20/1938","151.52"
"10/21/1938","152.15"
"10/22/1938","154.11"
"10/24/1938","154.12"
"10/25/1938","154.17"
"10/26/1938","152.4"
"10/27/1938","152.69"
"10/28/1938","151.07"
"10/29/1938","151.07"
"10/31/1938","151.73"
"11/1/1938","151.39"
"11/2/1938","152.21"
"11/3/1938","152.31"
"11/4/1938","152.1"
"11/5/1938","152.12"
"11/7/1938","154.91"
"11/9/1938","158.08"
"11/10/1938","157.47"
"11/12/1938","158.41"
"11/14/1938","155.61"
"11/15/1938","154.66"
"11/16/1938","151.54"
"11/17/1938","152.78"
"11/18/1938","149.93"
"11/19/1938","150.38"
"11/21/1938","150.26"
"11/22/1938","149.56"
"11/23/1938","149.88"
"11/25/1938","150.1"
"11/26/1938","148.45"
"11/28/1938","146.14"
"11/29/1938","147.07"
"11/30/1938","149.82"
"12/1/1938","148.63"
"12/2/1938","147.57"
"12/3/1938","147.5"
"12/5/1938","147.47"
"12/6/1938","148.33"
"12/7/1938","148.73"
"12/8/1938","147.63"
"12/9/1938","147.39"
"12/10/1938","148.31"
"12/12/1938","148.65"
"12/13/1938","149.59"
"12/14/1938","151.83"
"12/15/1938","151.82"
"12/16/1938","150.89"
"12/17/1938","150.36"
"12/19/1938","150.38"
"12/20/1938","150.46"
"12/21/1938","149.58"
"12/22/1938","150.53"
"12/23/1938","151.39"
"12/24/1938","151.38"
"12/27/1938","150.43"
"12/28/1938","151.45"
"12/29/1938","153.62"
"12/30/1938","154.36"
"12/31/1938","154.76"
