"Citation: Samuel H. Williamson, 'Daily Closing Value of the Dow Jones Average, 1885 to Present,' MeasuringWorth, 2026. "
"Date","DJIA"
"12/31/1938","154.76"
"1/3/1939","153.64"
"1/4/1939","154.85"
"1/5/1939","153.18"
"1/6/1939","152.87"
"1/7/1939","151.54"
"1/9/1939","150.19"
"1/10/1939","150.48"
"1/11/1939","148.65"
"1/12/1939","147.33"
"1/13/1939","146.52"
"1/14/1939","148.26"
"1/16/1939","148.26"
"1/17/1939","148.93"
"1/18/1939","148.99"
"1/19/1939","149.47"
"1/20/1939","149.11"
"1/21/1939","146.76"
"1/23/1939","141.32"
"1/24/1939","141.35"
"1/25/1939","140.72"
"1/26/1939","136.42"
"1/27/1939","138.9"
"1/28/1939","138.79"
"1/30/1939","141.56"
"1/31/1939","143.76"
"2/1/1939","142.43"
"2/2/1939","144.34"
"2/3/1939","143.55"
"2/4/1939","145.07"
"2/6/1939","145.03"
"2/7/1939","144.1"
"2/8/1939","145.43"
"2/9/1939","143.99"
"2/10/1939","143.68"
"2/11/1939","144.61"
"2/14/1939","144.13"
"2/15/1939","144.6"
"2/16/1939","145.39"
"2/17/1939","144.95"
"2/18/1939","145.51"
"2/20/1939","142.74"
"2/21/1939","142.64"
"2/23/1939","142.93"
"2/24/1939","145.44"
"2/25/1939","146.82"
"2/27/1939","146.62"
"2/28/1939","147.3"
"3/1/1939","147.15"
"3/2/1939","146.96"
"3/3/1939","148.76"
"3/4/1939","149.49"
"3/6/1939","148.84"
"3/7/1939","149.37"
"3/8/1939","151.42"
"3/9/1939","151.33"
"3/10/1939","152.28"
"3/11/1939","151.77"
"3/13/1939","150.79"
"3/14/1939","151.1"
"3/15/1939","147.66"
"3/16/1939","147.54"
"3/17/1939","143.89"
"3/18/1939","141.68"
"3/20/1939","141.28"
"3/21/1939","143.41"
"3/22/1939","139.51"
"3/23/1939","140.33"
"3/24/1939","141.82"
"3/25/1939","141.55"
"3/27/1939","141.14"
"3/28/1939","139.33"
"3/29/1939","139.75"
"3/30/1939","136.69"
"3/31/1939","131.84"
"4/1/1939","132.83"
"4/3/1939","132.25"
"4/4/1939","129.8"
"4/5/1939","130.34"
"4/6/1939","126.32"
"4/8/1939","121.44"
"4/10/1939","124.03"
"4/11/1939","123.75"
"4/12/1939","126.15"
"4/13/1939","127.51"
"4/14/1939","126.2"
"4/15/1939","129.61"
"4/17/1939","127.34"
"4/18/1939","125.38"
"4/19/1939","127.01"
"4/20/1939","128.41"
"4/21/1939","128.71"
"4/22/1939","128.55"
"4/24/1939","127.34"
"4/25/1939","127.36"
"4/26/1939","128.56"
"4/27/1939","129.78"
"4/28/1939","128.38"
"4/29/1939","128.45"
"5/1/1939","127.83"
"5/2/1939","129.32"
"5/3/1939","132.3"
"5/4/1939","131.86"
"5/5/1939","131.47"
"5/6/1939","131.74"
"5/8/1939","131.67"
"5/9/1939","133.67"
"5/10/1939","132.82"
"5/11/1939","132.92"
"5/12/1939","132.16"
"5/13/1939","132.4"
"5/15/1939","132.65"
"5/16/1939","129.86"
"5/17/1939","129.09"
"5/18/1939","129.43"
"5/19/1939","130.38"
"5/20/1939","131.22"
"5/22/1939","132.45"
"5/23/1939","131.77"
"5/24/1939","135.04"
"5/25/1939","135.53"
"5/26/1939","136.09"
"5/27/1939","136.8"
"5/29/1939","137.8"
"5/31/1939","138.18"
"6/1/1939","136.2"
"6/2/1939","136.74"
"6/3/1939","137.12"
"6/5/1939","137.06"
"6/6/1939","138.36"
"6/7/1939","138.71"
"6/8/1939","138.49"
"6/9/1939","140.09"
"6/10/1939","140.14"
"6/12/1939","139.13"
"6/13/1939","138.2"
"6/14/1939","137.5"
"6/15/1939","134.41"
"6/16/1939","134.67"
"6/17/1939","135.31"
"6/19/1939","136.4"
"6/20/1939","137.57"
"6/21/1939","137.61"
"6/22/1939","136.88"
"6/23/1939","137.42"
"6/24/1939","137.36"
"6/26/1939","135.09"
"6/27/1939","135.42"
"6/28/1939","132.83"
"6/29/1939","130.05"
"6/30/1939","130.63"
"7/1/1939","131.73"
"7/3/1939","131.93"
"7/5/1939","133.68"
"7/6/1939","133.58"
"7/7/1939","133.22"
"7/8/1939","133.24"
"7/10/1939","133.79"
"7/11/1939","134.56"
"7/12/1939","136.98"
"7/13/1939","138.02"
"7/14/1939","137.57"
"7/15/1939","137.88"
"7/17/1939","142.58"
"7/18/1939","143.76"
"7/19/1939","142.64"
"7/20/1939","141.24"
"7/21/1939","143.46"
"7/22/1939","144.71"
"7/24/1939","144.18"
"7/25/1939","143.1"
"7/26/1939","143.82"
"7/27/1939","144.51"
"7/28/1939","144.11"
"7/29/1939","144"
"7/31/1939","143.26"
"8/1/1939","143.36"
"8/2/1939","144.26"
"8/3/1939","144.24"
"8/4/1939","141.73"
"8/5/1939","142.11"
"8/7/1939","140.76"
"8/8/1939","141.1"
"8/9/1939","139.75"
"8/10/1939","137.25"
"8/11/1939","137.29"
"8/12/1939","138.42"
"8/14/1939","140.18"
"8/15/1939","141.29"
"8/16/1939","138.47"
"8/17/1939","138.33"
"8/18/1939","135.54"
"8/19/1939","135.11"
"8/21/1939","132.81"
"8/22/1939","135.07"
"8/23/1939","131.82"
"8/24/1939","131.33"
"8/25/1939","133.73"
"8/26/1939","136.39"
"8/28/1939","134.66"
"8/29/1939","137.39"
"8/30/1939","136.16"
"8/31/1939","134.41"
"9/1/1939","135.25"
"9/2/1939","138.09"
"9/5/1939","148.12"
"9/6/1939","148.04"
"9/7/1939","148.32"
"9/8/1939","150.04"
"9/9/1939","150.91"
"9/11/1939","155.12"
"9/12/1939","155.92"
"9/13/1939","154.1"
"9/14/1939","153.71"
"9/15/1939","154.03"
"9/16/1939","152.15"
"9/18/1939","147.78"
"9/19/1939","152.14"
"9/20/1939","152.25"
"9/21/1939","153.48"
"9/22/1939","152.57"
"9/23/1939","152.99"
"9/25/1939","152.64"
"9/26/1939","153.54"
"9/27/1939","153.08"
"9/28/1939","151.12"
"9/29/1939","150.16"
"9/30/1939","152.54"
"10/2/1939","151.41"
"10/3/1939","150.23"
"10/4/1939","150.25"
"10/5/1939","150.48"
"10/6/1939","150.61"
"10/7/1939","149.6"
"10/9/1939","149.89"
"10/10/1939","150.66"
"10/11/1939","151.34"
"10/13/1939","150.85"
"10/14/1939","150.38"
"10/16/1939","150.84"
"10/17/1939","154.56"
"10/18/1939","153.54"
"10/19/1939","153.36"
"10/20/1939","153"
"10/21/1939","153.86"
"10/23/1939","153.71"
"10/24/1939","154.07"
"10/25/1939","155.48"
"10/26/1939","154.05"
"10/27/1939","153.46"
"10/28/1939","153.12"
"10/30/1939","153.21"
"10/31/1939","151.88"
"11/1/1939","151.6"
"11/2/1939","151.56"
"11/3/1939","152.64"
"11/4/1939","152.36"
"11/6/1939","151.46"
"11/8/1939","150.35"
"11/9/1939","148.75"
"11/10/1939","149.09"
"11/13/1939","149.07"
"11/14/1939","149.77"
"11/15/1939","149.53"
"11/16/1939","151.15"
"11/17/1939","151"
"11/18/1939","151.53"
"11/20/1939","151.69"
"11/21/1939","150.98"
"11/22/1939","150.34"
"11/24/1939","148.47"
"11/25/1939","148.64"
"11/27/1939","148.59"
"11/28/1939","148.31"
"11/29/1939","146.89"
"11/30/1939","145.69"
"12/1/1939","146.54"
"12/2/1939","146.62"
"12/4/1939","146.34"
"12/5/1939","146.49"
"12/6/1939","148.7"
"12/7/1939","148.76"
"12/8/1939","147.86"
"12/9/1939","147.93"
"12/11/1939","147.05"
"12/12/1939","146.93"
"12/13/1939","148.94"
"12/14/1939","148.93"
"12/15/1939","149.64"
"12/16/1939","149.36"
"12/18/1939","149.22"
"12/19/1939","148.93"
"12/20/1939","149.13"
"12/21/1939","149.1"
"12/22/1939","149.59"
"12/23/1939","149.85"
"12/26/1939","149.27"
"12/27/1939","148.52"
"12/28/1939","149.48"
"12/29/1939","149.99"
"12/30/1939","150.24"
"1/2/1940","151.43"
"1/3/1940","152.8"
"1/4/1940","152.43"
"1/5/1940","151.54"
"1/6/1940","151.19"
"1/8/1940","151.34"
"1/9/1940","149.84"
"1/10/1940","150.15"
"1/11/1940","148.23"
"1/12/1940","145.96"
"1/13/1940","145.19"
"1/15/1940","144.65"
"1/16/1940","145.67"
"1/17/1940","145.81"
"1/18/1940","145.61"
"1/19/1940","145.86"
"1/20/1940","145.64"
"1/22/1940","145.13"
"1/23/1940","145.49"
"1/24/1940","147"
"1/25/1940","146.29"
"1/26/1940","146.61"
"1/27/1940","146.51"
"1/29/1940","146.26"
"1/30/1940","145.63"
"1/31/1940","145.33"
"2/1/1940","145.23"
"2/2/1940","145.33"
"2/3/1940","145.59"
"2/5/1940","145"
"2/6/1940","145.93"
"2/7/1940","146.63"
"2/8/1940","148.4"
"2/9/1940","148.94"
"2/10/1940","148.84"
"2/13/1940","148.78"
"2/14/1940","148.33"
"2/15/1940","148.46"
"2/16/1940","148.2"
"2/17/1940","148.72"
"2/19/1940","148.46"
"2/20/1940","148.65"
"2/21/1940","148.34"
"2/23/1940","147.35"
"2/24/1940","146.72"
"2/26/1940","146.44"
"2/27/1940","146.17"
"2/28/1940","146.56"
"2/29/1940","146.54"
"3/1/1940","146.23"
"3/2/1940","146.33"
"3/4/1940","146.43"
"3/5/1940","146.89"
"3/6/1940","147.97"
"3/7/1940","148.32"
"3/8/1940","148.07"
"3/9/1940","148.14"
"3/11/1940","148.15"
"3/12/1940","148.37"
"3/13/1940","148.32"
"3/14/1940","148.11"
"3/15/1940","146.53"
"3/16/1940","145.76"
"3/18/1940","145.59"
"3/19/1940","146.43"
"3/20/1940","146.91"
"3/21/1940","146.73"
"3/23/1940","146.73"
"3/25/1940","146.25"
"3/26/1940","145.86"
"3/27/1940","147.47"
"3/28/1940","147.25"
"3/29/1940","147.54"
"3/30/1940","147.95"
"4/1/1940","147.72"
"4/2/1940","147.92"
"4/3/1940","149.65"
"4/4/1940","150.41"
"4/5/1940","150.36"
"4/6/1940","151.1"
"4/8/1940","151.29"
"4/9/1940","150.31"
"4/10/1940","149.59"
"4/11/1940","149.98"
"4/12/1940","149.2"
"4/13/1940","149.66"
"4/15/1940","149.72"
"4/16/1940","148.18"
"4/17/1940","148.35"
"4/18/1940","147.15"
"4/19/1940","146.8"
"4/20/1940","147.67"
"4/22/1940","148.01"
"4/23/1940","148.93"
"4/24/1940","148.45"
"4/25/1940","148.56"
"4/26/1940","147.73"
"4/27/1940","148.12"
"4/29/1940","148.41"
"4/30/1940","148.43"
"5/1/1940","147.13"
"5/2/1940","147.76"
"5/3/1940","147.65"
"5/4/1940","147.55"
"5/6/1940","147.33"
"5/7/1940","147.74"
"5/8/1940","147.96"
"5/9/1940","148.17"
"5/10/1940","144.77"
"5/11/1940","144.85"
"5/13/1940","137.63"
"5/14/1940","128.27"
"5/15/1940","129.08"
"5/16/1940","130.43"
"5/17/1940","124.2"
"5/18/1940","122.43"
"5/20/1940","122.43"
"5/21/1940","114.13"
"5/22/1940","114.75"
"5/23/1940","114.71"
"5/24/1940","113.94"
"5/25/1940","114.75"
"5/27/1940","116.35"
"5/28/1940","114.26"
"5/29/1940","115.24"
"5/31/1940","116.22"
"6/1/1940","115.67"
"6/3/1940","114.73"
"6/4/1940","115.79"
"6/5/1940","113.25"
"6/6/1940","114.48"
"6/7/1940","115.67"
"6/8/1940","115.36"
"6/10/1940","111.84"
"6/11/1940","115.97"
"6/12/1940","121.46"
"6/13/1940","119.91"
"6/14/1940","122.27"
"6/15/1940","123.36"
"6/17/1940","122.8"
"6/18/1940","123.21"
"6/19/1940","123.86"
"6/20/1940","122.35"
"6/21/1940","122.61"
"6/22/1940","122.83"
"6/24/1940","123.76"
"6/25/1940","121.05"
"6/26/1940","119.73"
"6/27/1940","120.69"
"6/28/1940","122.06"
"6/29/1940","121.87"
"7/1/1940","121.12"
"7/2/1940","120.96"
"7/3/1940","120.96"
"7/5/1940","121.51"
"7/6/1940","121.59"
"7/8/1940","121.63"
"7/9/1940","121.6"
"7/10/1940","121.49"
"7/11/1940","121.58"
"7/12/1940","121.63"
"7/13/1940","121.48"
"7/15/1940","121.72"
"7/16/1940","123.12"
"7/17/1940","122.82"
"7/18/1940","123"
"7/19/1940","122.18"
"7/20/1940","121.87"
"7/22/1940","122.06"
"7/23/1940","122.23"
"7/24/1940","121.64"
"7/25/1940","121.93"
"7/26/1940","122.05"
"7/27/1940","122.45"
"7/29/1940","123.15"
"7/30/1940","125.97"
"7/31/1940","126.14"
"8/1/1940","126.13"
"8/2/1940","126.37"
"8/3/1940","126.36"
"8/5/1940","126.44"
"8/6/1940","125.27"
"8/7/1940","125.12"
"8/8/1940","125.13"
"8/9/1940","126.4"
"8/10/1940","126.99"
"8/12/1940","127.26"
"8/13/1940","122.98"
"8/14/1940","122.25"
"8/15/1940","123.04"
"8/16/1940","121.28"
"8/17/1940","121.98"
"8/19/1940","122.06"
"8/20/1940","123.17"
"8/21/1940","125.07"
"8/22/1940","126.46"
"8/23/1940","125.34"
"8/24/1940","125.48"
"8/26/1940","125.71"
"8/27/1940","125.33"
"8/28/1940","126.87"
"8/29/1940","126.87"
"8/30/1940","128.88"
"8/31/1940","129.42"
"9/3/1940","129.74"
"9/4/1940","132.16"
"9/5/1940","134.1"
"9/6/1940","133.12"
"9/7/1940","132.78"
"9/9/1940","129.73"
"9/10/1940","129.61"
"9/11/1940","129.36"
"9/12/1940","127.87"
"9/13/1940","127.74"
"9/14/1940","128.38"
"9/16/1940","129.44"
"9/17/1940","130.43"
"9/18/1940","131.28"
"9/19/1940","131.34"
"9/20/1940","131.61"
"9/21/1940","132.45"
"9/23/1940","135.1"
"9/24/1940","134.44"
"9/25/1940","134.15"
"9/26/1940","133.5"
"9/27/1940","131.76"
"9/28/1940","132.32"
"9/30/1940","132.64"
"10/1/1940","134.33"
"10/2/1940","134.97"
"10/3/1940","135.09"
"10/4/1940","133.79"
"10/5/1940","133.9"
"10/7/1940","133.51"
"10/8/1940","131.31"
"10/9/1940","130.54"
"10/10/1940","130.39"
"10/11/1940","131.04"
"10/14/1940","130.73"
"10/15/1940","131.48"
"10/16/1940","131.97"
"10/17/1940","132.49"
"10/18/1940","132.45"
"10/19/1940","132.18"
"10/21/1940","131.37"
"10/22/1940","131.98"
"10/23/1940","132.4"
"10/24/1940","131.36"
"10/25/1940","131.16"
"10/26/1940","132.26"
"10/28/1940","131.77"
"10/29/1940","132.19"
"10/30/1940","132.98"
"10/31/1940","134.61"
"11/1/1940","134.41"
"11/2/1940","134.85"
"11/4/1940","135.21"
"11/6/1940","131.98"
"11/7/1940","137.75"
"11/8/1940","136.64"
"11/9/1940","138.12"
"11/12/1940","137.41"
"11/13/1940","136.61"
"11/14/1940","136.97"
"11/15/1940","135.59"
"11/16/1940","134.73"
"11/18/1940","134.74"
"11/19/1940","134.48"
"11/20/1940","132.22"
"11/22/1940","131.74"
"11/23/1940","131.47"
"11/25/1940","131.96"
"11/26/1940","131.94"
"11/27/1940","129.78"
"11/28/1940","130.14"
"11/29/1940","130.03"
"11/30/1940","131"
"12/2/1940","130.93"
"12/3/1940","130.78"
"12/4/1940","130.75"
"12/5/1940","129.96"
"12/6/1940","130.33"
"12/7/1940","131.29"
"12/9/1940","131.46"
"12/10/1940","131.37"
"12/11/1940","131.76"
"12/12/1940","132.14"
"12/13/1940","132.35"
"12/14/1940","132.31"
"12/16/1940","131.07"
"12/17/1940","130.53"
"12/18/1940","129.42"
"12/19/1940","128.84"
"12/20/1940","128.87"
"12/21/1940","128.89"
"12/23/1940","128.41"
"12/24/1940","128.89"
"12/26/1940","129.02"
"12/27/1940","129.51"
"12/28/1940","130.11"
"12/30/1940","131.04"
"12/31/1940","131.13"
"1/2/1941","130.57"
"1/3/1941","132.01"
"1/4/1941","132.4"
"1/6/1941","132.83"
"1/7/1941","133.02"
"1/8/1941","133.02"
"1/9/1941","133.39"
"1/10/1941","133.57"
"1/11/1941","133.59"
"1/13/1941","133.25"
"1/14/1941","132.44"
"1/15/1941","131.51"
"1/16/1941","129.93"
"1/17/1941","129.54"
"1/18/1941","129.75"
"1/20/1941","129.24"
"1/21/1941","128.2"
"1/22/1941","128.65"
"1/23/1941","128.34"
"1/24/1941","128.52"
"1/25/1941","128.96"
"1/27/1941","129.03"
"1/28/1941","128.6"
"1/29/1941","126"
"1/30/1941","124.05"
"1/31/1941","124.13"
"2/1/1941","123.28"
"2/3/1941","122.67"
"2/4/1941","122.63"
"2/5/1941","124.14"
"2/6/1941","124.76"
"2/7/1941","124.3"
"2/8/1941","124.71"
"2/10/1941","124.19"
"2/11/1941","122.61"
"2/13/1941","121.1"
"2/14/1941","117.66"
"2/15/1941","118.55"
"2/17/1941","119.18"
"2/18/1941","118.98"
"2/19/1941","117.94"
"2/20/1941","119.99"
"2/21/1941","120.24"
"2/24/1941","121.49"
"2/25/1941","122.4"
"2/26/1941","122.39"
"2/27/1941","121.87"
"2/28/1941","121.97"
"3/1/1941","121.86"
"3/3/1941","120.88"
"3/4/1941","121.16"
"3/5/1941","120.3"
"3/6/1941","121.63"
"3/7/1941","121.59"
"3/8/1941","121.47"
"3/10/1941","123.64"
"3/11/1941","123.27"
"3/12/1941","123.19"
"3/13/1941","122.56"
"3/14/1941","122.75"
"3/15/1941","123.4"
"3/17/1941","123.46"
"3/18/1941","123.92"
"3/19/1941","123.55"
"3/20/1941","123.6"
"3/21/1941","122.47"
"3/22/1941","121.92"
"3/24/1941","122.39"
"3/25/1941","122.78"
"3/26/1941","122.7"
"3/27/1941","123.33"
"3/28/1941","122.68"
"3/29/1941","122.37"
"3/31/1941","122.72"
"4/1/1941","123.26"
"4/2/1941","123.43"
"4/3/1941","124.65"
"4/4/1941","124.64"
"4/5/1941","124.32"
"4/7/1941","123.64"
"4/8/1941","121.21"
"4/9/1941","119.85"
"4/10/1941","119.66"
"4/12/1941","118.6"
"4/14/1941","118.89"
"4/15/1941","118.59"
"4/16/1941","118.6"
"4/17/1941","118.16"
"4/18/1941","116.28"
"4/19/1941","116.15"
"4/21/1941","116.06"
"4/22/1941","115.78"
"4/23/1941","116.59"
"4/24/1941","117.35"
"4/25/1941","116.58"
"4/26/1941","116.43"
"4/28/1941","116.63"
"4/29/1941","116.73"
"4/30/1941","115.54"
"5/1/1941","115.3"
"5/2/1941","115.72"
"5/3/1941","115.55"
"5/5/1941","115.84"
"5/6/1941","117.1"
"5/7/1941","116.87"
"5/8/1941","116.34"
"5/9/1941","116.46"
"5/10/1941","117.54"
"5/12/1941","117.14"
"5/13/1941","117.21"
"5/14/1941","117.01"
"5/15/1941","115.73"
"5/16/1941","115.86"
"5/17/1941","116.11"
"5/19/1941","116.15"
"5/20/1941","117.65"
"5/21/1941","117.82"
"5/22/1941","116.81"
"5/23/1941","116.73"
"5/24/1941","116.64"
"5/26/1941","115.73"
"5/27/1941","115.95"
"5/28/1941","116.16"
"5/29/1941","116.23"
"5/31/1941","115.76"
"6/2/1941","116.18"
"6/3/1941","117.38"
"6/4/1941","117.68"
"6/5/1941","118.13"
"6/6/1941","118"
"6/7/1941","118.89"
"6/9/1941","120.16"
"6/10/1941","121.89"
"6/11/1941","122.18"
"6/12/1941","122.98"
"6/13/1941","122.31"
"6/14/1941","122.04"
"6/16/1941","121.95"
"6/17/1941","123.12"
"6/18/1941","123.5"
"6/19/1941","123.48"
"6/20/1941","122.19"
"6/21/1941","122.51"
"6/23/1941","123.97"
"6/24/1941","123.24"
"6/25/1941","123.52"
"6/26/1941","123.96"
"6/27/1941","123.46"
"6/28/1941","123.4"
"6/30/1941","123.14"
"7/1/1941","122.85"
"7/2/1941","123.58"
"7/3/1941","124.04"
"7/5/1941","124.18"
"7/7/1941","126.16"
"7/8/1941","127.64"
"7/9/1941","127.63"
"7/10/1941","127.78"
"7/11/1941","127.9"
"7/12/1941","127.8"
"7/14/1941","127.89"
"7/15/1941","128.19"
"7/16/1941","127.83"
"7/17/1941","127.14"
"7/18/1941","127.69"
"7/19/1941","127.98"
"7/21/1941","129.51"
"7/22/1941","129.58"
"7/23/1941","129.16"
"7/24/1941","128.59"
"7/25/1941","128.06"
"7/26/1941","128.7"
"7/28/1941","130.06"
"7/29/1941","129.19"
"7/30/1941","128.95"
"7/31/1941","128.79"
"8/1/1941","128.22"
"8/2/1941","128.21"
"8/4/1941","128.17"
"8/5/1941","128.14"
"8/6/1941","128.1"
"8/7/1941","128.09"
"8/8/1941","127.48"
"8/9/1941","126.4"
"8/11/1941","126.01"
"8/12/1941","125.81"
"8/13/1941","125.65"
"8/14/1941","125.96"
"8/15/1941","124.9"
"8/16/1941","125.05"
"8/18/1941","125.62"
"8/19/1941","125.57"
"8/20/1941","126.01"
"8/21/1941","125.99"
"8/22/1941","125.84"
"8/23/1941","125.91"
"8/25/1941","125.86"
"8/26/1941","126.56"
"8/27/1941","127.08"
"8/28/1941","127.77"
"8/29/1941","127.43"
"8/30/1941","127.7"
"9/2/1941","128.31"
"9/3/1941","127.91"
"9/4/1941","127.51"
"9/5/1941","127.17"
"9/6/1941","127.26"
"9/8/1941","127.51"
"9/9/1941","127.43"
"9/10/1941","126.53"
"9/11/1941","127.15"
"9/12/1941","127.18"
"9/13/1941","127.28"
"9/15/1941","127.2"
"9/16/1941","127.43"
"9/17/1941","129.32"
"9/18/1941","128.77"
"9/19/1941","127.95"
"9/20/1941","127.54"
"9/22/1941","127.64"
"9/23/1941","128.03"
"9/24/1941","127.54"
"9/25/1941","126.38"
"9/26/1941","125.81"
"9/27/1941","126.03"
"9/29/1941","126.05"
"9/30/1941","126.82"
"10/1/1941","126.85"
"10/2/1941","126.15"
"10/3/1941","126.06"
"10/4/1941","126.1"
"10/6/1941","125.83"
"10/7/1941","124.42"
"10/8/1941","124.13"
"10/9/1941","122.53"
"10/10/1941","122.46"
"10/11/1941","122.63"
"10/14/1941","121.82"
"10/15/1941","120.52"
"10/16/1941","118.52"
"10/17/1941","119.15"
"10/18/1941","120.1"
"10/20/1941","120.13"
"10/21/1941","121.07"
"10/22/1941","120.56"
"10/23/1941","120.47"
"10/24/1941","121.18"
"10/25/1941","120.73"
"10/27/1941","119.43"
"10/28/1941","119.6"
"10/29/1941","119.37"
"10/30/1941","119.18"
"10/31/1941","117.82"
"11/1/1941","118.11"
"11/3/1941","118.87"
"11/5/1941","119.85"
"11/6/1941","118.84"
"11/7/1941","118.33"
"11/8/1941","118.26"
"11/10/1941","117.45"
"11/12/1941","115.44"
"11/13/1941","115.67"
"11/14/1941","116.81"
"11/15/1941","116.72"
"11/17/1941","116.2"
"11/18/1941","115.87"
"11/19/1941","116.68"
"11/21/1941","117.05"
"11/22/1941","117.04"
"11/24/1941","117.3"
"11/25/1941","116.96"
"11/26/1941","115.93"
"11/27/1941","115.64"
"11/28/1941","114.66"
"11/29/1941","114.23"
"12/1/1941","113.59"
"12/2/1941","115.57"
"12/3/1941","116.65"
"12/4/1941","116.6"
"12/5/1941","115.9"
"12/6/1941","116.6"
"12/8/1941","112.53"
"12/9/1941","109.27"
"12/10/1941","109.01"
"12/11/1941","110.91"
"12/12/1941","110.58"
"12/13/1941","110.73"
"12/15/1941","111.15"
"12/16/1941","110.86"
"12/17/1941","109.36"
"12/18/1941","108.21"
"12/19/1941","108.28"
"12/20/1941","107.81"
"12/22/1941","106.59"
"12/23/1941","106.34"
"12/24/1941","106.67"
"12/26/1941","106.95"
"12/27/1941","107.54"
"12/29/1941","107.56"
"12/30/1941","111.32"
"12/31/1941","110.96"
"1/2/1942","112.77"
"1/3/1942","113.75"
"1/5/1942","114.22"
"1/6/1942","113.99"
"1/7/1942","113.1"
"1/8/1942","111.55"
"1/9/1942","111.02"
"1/10/1942","110.54"
"1/12/1942","110.65"
"1/13/1942","112.44"
"1/14/1942","112.59"
"1/15/1942","112.59"
"1/16/1942","111.25"
"1/17/1942","110.68"
"1/19/1942","110.81"
"1/20/1942","110.45"
"1/21/1942","109.06"
"1/22/1942","108.94"
"1/23/1942","109.12"
"1/24/1942","109.42"
"1/26/1942","110.67"
"1/27/1942","110.68"
"1/28/1942","110.15"
"1/29/1942","109.9"
"1/30/1942","109.41"
"1/31/1942","109.11"
"2/2/1942","109.47"
"2/3/1942","109.99"
"2/4/1942","110.8"
"2/5/1942","110.44"
"2/6/1942","109.47"
"2/7/1942","109.56"
"2/9/1942","108.12"
"2/10/1942","106.75"
"2/11/1942","106.51"
"2/13/1942","106.73"
"2/14/1942","107.3"
"2/16/1942","107.31"
"2/17/1942","105.4"
"2/18/1942","105.35"
"2/19/1942","105.57"
"2/20/1942","105.1"
"2/21/1942","105.38"
"2/24/1942","106"
"2/25/1942","105.64"
"2/26/1942","105.88"
"2/27/1942","106.58"
"2/28/1942","106.79"
"3/2/1942","105.75"
"3/3/1942","106.97"
"3/4/1942","105.99"
"3/5/1942","104.55"
"3/6/1942","102.1"
"3/7/1942","102.31"
"3/9/1942","102.09"
"3/10/1942","101.49"
"3/11/1942","99.21"
"3/12/1942","99.23"
"3/13/1942","99.73"
"3/14/1942","99.64"
"3/16/1942","100.68"
"3/17/1942","102.54"
"3/18/1942","101.64"
"3/19/1942","101.25"
"3/20/1942","100.75"
"3/21/1942","100.82"
"3/23/1942","101.2"
"3/24/1942","102.09"
"3/25/1942","101.48"
"3/26/1942","101.05"
"3/27/1942","100"
"3/28/1942","100"
"3/30/1942","100.04"
"3/31/1942","99.53"
"4/1/1942","99.95"
"4/2/1942","100.89"
"4/4/1942","101.11"
"4/6/1942","102.5"
"4/7/1942","101.89"
"4/8/1942","101.23"
"4/9/1942","99.69"
"4/10/1942","99.74"
"4/11/1942","99.45"
"4/13/1942","99.44"
"4/14/1942","97.89"
"4/15/1942","98.06"
"4/16/1942","97.87"
"4/17/1942","96.05"
"4/18/1942","96.92"
"4/20/1942","97.25"
"4/21/1942","97.51"
"4/22/1942","97.2"
"4/23/1942","94.98"
"4/24/1942","94.13"
"4/25/1942","94.31"
"4/27/1942","93.89"
"4/28/1942","92.92"
"4/29/1942","94.65"
"4/30/1942","95.35"
"5/1/1942","95.83"
"5/2/1942","96.44"
"5/4/1942","96.7"
"5/5/1942","97.29"
"5/6/1942","96.71"
"5/7/1942","97.77"
"5/8/1942","97.91"
"5/9/1942","98.7"
"5/11/1942","99.2"
"5/12/1942","98.56"
"5/13/1942","97.21"
"5/14/1942","97.13"
"5/15/1942","97.98"
"5/16/1942","98.63"
"5/18/1942","98.65"
"5/19/1942","97.96"
"5/20/1942","98.13"
"5/21/1942","99.72"
"5/22/1942","99.18"
"5/23/1942","99.25"
"5/25/1942","99.18"
"5/26/1942","99.41"
"5/27/1942","101.09"
"5/28/1942","100.99"
"5/29/1942","100.88"
"6/1/1942","101.37"
"6/2/1942","101.3"
"6/3/1942","102.15"
"6/4/1942","103.61"
"6/5/1942","104.41"
"6/6/1942","104.52"
"6/8/1942","105.55"
"6/9/1942","105.09"
"6/10/1942","104.19"
"6/11/1942","104.49"
"6/12/1942","103.77"
"6/13/1942","104.08"
"6/15/1942","104.41"
"6/16/1942","104.51"
"6/17/1942","106.29"
"6/18/1942","105.7"
"6/19/1942","104.77"
"6/20/1942","104.42"
"6/22/1942","102.77"
"6/23/1942","103.03"
"6/24/1942","102.67"
"6/25/1942","102.71"
"6/26/1942","102.54"
"6/27/1942","102.67"
"6/29/1942","103.17"
"6/30/1942","103.34"
"7/1/1942","102.69"
"7/2/1942","103.73"
"7/3/1942","104.49"
"7/6/1942","106.1"
"7/7/1942","105.76"
"7/8/1942","107.94"
"7/9/1942","108.75"
"7/10/1942","108.66"
"7/11/1942","108.7"
"7/13/1942","108.22"
"7/14/1942","108.72"
"7/15/1942","108.89"
"7/16/1942","108.91"
"7/17/1942","107.82"
"7/18/1942","107.69"
"7/20/1942","107.98"
"7/21/1942","108.36"
"7/22/1942","108.03"
"7/23/1942","106.65"
"7/24/1942","106.37"
"7/25/1942","106.53"
"7/27/1942","106.66"
"7/28/1942","106.48"
"7/29/1942","105.44"
"7/30/1942","105.24"
"7/31/1942","105.72"
"8/1/1942","105.9"
"8/3/1942","106.08"
"8/4/1942","105.55"
"8/5/1942","104.85"
"8/6/1942","104.8"
"8/7/1942","105.05"
"8/8/1942","104.9"
"8/10/1942","104.91"
"8/11/1942","105.42"
"8/12/1942","105.47"
"8/13/1942","105.7"
"8/14/1942","106.15"
"8/15/1942","106.38"
"8/17/1942","106.68"
"8/18/1942","107.55"
"8/19/1942","107.28"
"8/20/1942","106.83"
"8/21/1942","107.07"
"8/22/1942","107.3"
"8/24/1942","107.25"
"8/25/1942","106.51"
"8/26/1942","105.55"
"8/27/1942","106.03"
"8/28/1942","106.23"
"8/29/1942","106.41"
"8/31/1942","106.33"
"9/1/1942","106.28"
"9/2/1942","106.49"
"9/3/1942","106.34"
"9/4/1942","106.39"
"9/5/1942","106.68"
"9/8/1942","107.62"
"9/9/1942","107.26"
"9/10/1942","106.38"
"9/11/1942","106.03"
"9/12/1942","106.2"
"9/14/1942","106.15"
"9/15/1942","106.49"
"9/16/1942","106.66"
"9/17/1942","106.66"
"9/18/1942","107.47"
"9/19/1942","107.22"
"9/21/1942","107.27"
"9/22/1942","107.59"
"9/23/1942","108.27"
"9/24/1942","109.11"
"9/25/1942","109.37"
"9/26/1942","109.32"
"9/28/1942","109.56"
"9/29/1942","109.24"
"9/30/1942","109.11"
"10/1/1942","109.65"
"10/2/1942","110.83"
"10/3/1942","111.34"
"10/5/1942","111.93"
"10/6/1942","111.53"
"10/7/1942","111.86"
"10/8/1942","113.6"
"10/9/1942","113.93"
"10/10/1942","114.93"
"10/13/1942","115.01"
"10/14/1942","114.69"
"10/15/1942","113.27"
"10/16/1942","113.55"
"10/17/1942","113.4"
"10/19/1942","113.64"
"10/20/1942","115.22"
"10/21/1942","115.09"
"10/22/1942","114.94"
"10/23/1942","114.88"
"10/24/1942","115.01"
"10/26/1942","115.29"
"10/27/1942","113.86"
"10/28/1942","113.11"
"10/29/1942","113.13"
"10/30/1942","113.5"
"10/31/1942","114.07"
"11/2/1942","114.68"
"11/4/1942","114.56"
"11/5/1942","114.87"
"11/6/1942","116.12"
"11/7/1942","116.92"
"11/9/1942","117.3"
"11/10/1942","116.3"
"11/12/1942","116.46"
"11/13/1942","116.26"
"11/14/1942","116.24"
"11/16/1942","115.7"
"11/17/1942","114.53"
"11/18/1942","114.64"
"11/19/1942","114.55"
"11/20/1942","115.27"
"11/21/1942","115.38"
"11/23/1942","114.46"
"11/24/1942","114.1"
"11/25/1942","114.13"
"11/27/1942","114.86"
"11/28/1942","114.95"
"11/30/1942","114.5"
"12/1/1942","114.61"
"12/2/1942","115.16"
"12/3/1942","115.19"
"12/4/1942","115.02"
"12/5/1942","115.24"
"12/7/1942","115"
"12/8/1942","115.76"
"12/9/1942","115.93"
"12/10/1942","116"
"12/11/1942","115.7"
"12/12/1942","115.82"
"12/14/1942","115.83"
"12/15/1942","116.31"
"12/16/1942","117.06"
"12/17/1942","118.68"
"12/18/1942","118.97"
"12/19/1942","118.75"
"12/21/1942","118.66"
"12/22/1942","118.49"
"12/23/1942","119.07"
"12/24/1942","119.27"
"12/26/1942","119.71"
"12/28/1942","118.5"
"12/29/1942","118.4"
"12/30/1942","119.56"
"12/31/1942","119.4"
"1/2/1943","119.93"
"1/4/1943","120.25"
"1/5/1943","119.7"
"1/6/1943","119.66"
"1/7/1943","119.37"
"1/8/1943","119.26"
"1/9/1943","119.47"
"1/11/1943","119.95"
"1/12/1943","119.98"
"1/13/1943","120.25"
"1/14/1943","120.79"
"1/15/1943","121.58"
"1/16/1943","121.6"
"1/18/1943","121.56"
"1/19/1943","120.48"
"1/20/1943","120.55"
"1/21/1943","121.79"
"1/22/1943","121.99"
"1/23/1943","122.38"
"1/25/1943","123.74"
"1/26/1943","124.31"
"1/27/1943","124.08"
"1/28/1943","124.38"
"1/29/1943","125.41"
"1/30/1943","125.58"
"2/1/1943","125.86"
"2/2/1943","125.88"
"2/3/1943","125.56"
"2/4/1943","125.07"
"2/5/1943","125.75"
"2/6/1943","125.81"
"2/8/1943","125.57"
"2/9/1943","126.3"
"2/10/1943","127.01"
"2/11/1943","127.09"
"2/13/1943","127.83"
"2/15/1943","128.6"
"2/16/1943","128.31"
"2/17/1943","128.41"
"2/18/1943","127.06"
"2/19/1943","126.67"
"2/20/1943","127.8"
"2/23/1943","128.78"
"2/24/1943","129.58"
"2/25/1943","130.04"
"2/26/1943","129.71"
"2/27/1943","130.11"
"3/1/1943","129.44"
"3/2/1943","128.6"
"3/3/1943","130.03"
"3/4/1943","130.38"
"3/5/1943","130.61"
"3/6/1943","130.74"
"3/8/1943","130.56"
"3/9/1943","129.8"
"3/10/1943","129.16"
"3/11/1943","130.48"
"3/12/1943","130.73"
"3/13/1943","130.73"
"3/15/1943","130.64"
"3/16/1943","130.33"
"3/17/1943","129.49"
"3/18/1943","129.66"
"3/19/1943","129.25"
"3/20/1943","129.13"
"3/22/1943","129.44"
"3/23/1943","129.98"
"3/24/1943","130.62"
"3/25/1943","133.22"
"3/26/1943","133.96"
"3/27/1943","134.56"
"3/29/1943","136.1"
"3/30/1943","136.82"
"3/31/1943","136.57"
"4/1/1943","136.56"
"4/2/1943","135.67"
"4/3/1943","135.6"
"4/5/1943","136.44"
"4/6/1943","136.93"
"4/7/1943","136"
"4/8/1943","135.52"
"4/9/1943","131.22"
"4/10/1943","131.63"
"4/12/1943","131.27"
"4/13/1943","131.18"
"4/14/1943","132.49"
"4/15/1943","133.49"
"4/16/1943","133.07"
"4/17/1943","133.59"
"4/19/1943","133.46"
"4/20/1943","133.09"
"4/21/1943","134"
"4/22/1943","134.2"
"4/24/1943","134.34"
"4/26/1943","134.34"
"4/27/1943","134.39"
"4/28/1943","134.14"
"4/29/1943","135.24"
"4/30/1943","135.48"
"5/1/1943","136.2"
"5/3/1943","137.43"
"5/4/1943","138.18"
"5/5/1943","138.34"
"5/6/1943","138.85"
"5/7/1943","137.27"
"5/8/1943","138.36"
"5/10/1943","138.64"
"5/11/1943","138.36"
"5/12/1943","138.24"
"5/13/1943","137.88"
"5/14/1943","136.82"
"5/15/1943","137.31"
"5/17/1943","136.98"
"5/18/1943","138.05"
"5/19/1943","139.15"
"5/20/1943","138.84"
"5/21/1943","138.9"
"5/22/1943","138.78"
"5/24/1943","138.84"
"5/25/1943","139.17"
"5/26/1943","140.38"
"5/27/1943","140.82"
"5/28/1943","141.18"
"5/29/1943","142.06"
"6/1/1943","142.43"
"6/2/1943","142.39"
"6/3/1943","142.75"
"6/4/1943","142.28"
"6/5/1943","143.08"
"6/7/1943","141.82"
"6/8/1943","141.44"
"6/9/1943","141.49"
"6/10/1943","141.68"
"6/11/1943","141.44"
"6/12/1943","141.32"
"6/14/1943","139.09"
"6/15/1943","139.39"
"6/16/1943","139.78"
"6/17/1943","139.85"
"6/18/1943","139.68"
"6/19/1943","139.73"
"6/21/1943","138.79"
"6/22/1943","139.03"
"6/23/1943","140.04"
"6/24/1943","140.86"
"6/25/1943","142.27"
"6/26/1943","142.88"
"6/28/1943","143"
"6/29/1943","142.62"
"6/30/1943","143.38"
"7/1/1943","143.58"
"7/2/1943","143.68"
"7/3/1943","143.7"
"7/6/1943","143.76"
"7/7/1943","143.41"
"7/8/1943","143.64"
"7/9/1943","144.18"
"7/10/1943","144.23"
"7/12/1943","144.63"
"7/13/1943","145.3"
"7/14/1943","145.82"
"7/15/1943","144.87"
"7/16/1943","144.75"
"7/17/1943","144.72"
"7/19/1943","144.74"
"7/20/1943","143.93"
"7/21/1943","143.94"
"7/22/1943","143.77"
"7/23/1943","143.8"
"7/24/1943","143.99"
"7/26/1943","142.07"
"7/27/1943","138.75"
"7/28/1943","137.64"
"7/29/1943","139.41"
"7/30/1943","137.25"
"7/31/1943","135.95"
"8/2/1943","134"
"8/3/1943","135.64"
"8/4/1943","136.87"
"8/5/1943","136.76"
"8/6/1943","135.58"
"8/7/1943","135.38"
"8/9/1943","135.18"
"8/10/1943","136.23"
"8/11/1943","136.79"
"8/12/1943","136.44"
"8/13/1943","137.39"
"8/14/1943","137.23"
"8/16/1943","137.08"
"8/17/1943","137.54"
"8/18/1943","138.45"
"8/19/1943","138.34"
"8/20/1943","136.93"
"8/21/1943","136.16"
"8/23/1943","135.05"
"8/24/1943","135.6"
"8/25/1943","135.9"
"8/26/1943","136.25"
"8/27/1943","135.83"
"8/28/1943","135.79"
"8/30/1943","135.73"
"8/31/1943","136.62"
"9/1/1943","137.12"
"9/2/1943","137.11"
"9/3/1943","137.18"
"9/4/1943","137.33"
"9/7/1943","137.59"
"9/8/1943","136.91"
"9/9/1943","137.75"
"9/10/1943","137.96"
"9/11/1943","138.04"
"9/13/1943","137.82"
"9/14/1943","137.53"
"9/15/1943","137.62"
"9/16/1943","138.36"
"9/17/1943","139.6"
"9/18/1943","140.94"
"9/20/1943","141.75"
"9/21/1943","141.49"
"9/22/1943","141.09"
"9/23/1943","140.3"
"9/24/1943","140.21"
"9/25/1943","140.18"
"9/27/1943","139.41"
"9/28/1943","139.27"
"9/29/1943","139.75"
"9/30/1943","140.12"
"10/1/1943","140.33"
"10/2/1943","140.27"
"10/4/1943","139.63"
"10/5/1943","139.27"
"10/6/1943","137.84"
"10/7/1943","136.39"
"10/8/1943","136.74"
"10/9/1943","137.1"
"10/11/1943","136.61"
"10/13/1943","136.48"
"10/14/1943","137.01"
"10/15/1943","137.9"
"10/16/1943","138.4"
"10/18/1943","138.4"
"10/19/1943","138.71"
"10/20/1943","138.88"
"10/21/1943","138"
"10/22/1943","138.25"
"10/23/1943","138.29"
"10/25/1943","138.22"
"10/26/1943","138.69"
"10/27/1943","139.35"
"10/28/1943","138.97"
"10/29/1943","138.29"
"10/30/1943","138.27"
"11/1/1943","138.5"
"11/3/1943","137.35"
"11/4/1943","136.3"
"11/5/1943","135.47"
"11/6/1943","135.24"
"11/8/1943","131.68"
"11/9/1943","131.85"
"11/10/1943","132.68"
"11/12/1943","132.15"
"11/13/1943","131.76"
"11/15/1943","131.56"
"11/16/1943","131.18"
"11/17/1943","130.24"
"11/18/1943","130.79"
"11/19/1943","132.3"
"11/20/1943","132.94"
"11/22/1943","132.65"
"11/23/1943","132.45"
"11/24/1943","132.1"
"11/26/1943","131.33"
"11/27/1943","131.25"
"11/29/1943","129.95"
"11/30/1943","129.57"
"12/1/1943","130.68"
"12/2/1943","131.67"
"12/3/1943","131.91"
"12/4/1943","131.87"
"12/6/1943","132.45"
"12/7/1943","133.37"
"12/8/1943","134.42"
"12/9/1943","134.05"
"12/10/1943","135.04"
"12/11/1943","135.28"
"12/13/1943","134.8"
"12/14/1943","134.19"
"12/15/1943","134.18"
"12/16/1943","135.19"
"12/17/1943","135.44"
"12/18/1943","135.89"
"12/20/1943","136.1"
"12/21/1943","135.86"
"12/22/1943","136.15"
"12/23/1943","136.07"
"12/24/1943","136.24"
"12/27/1943","136.14"
"12/28/1943","135.04"
"12/29/1943","134.61"
"12/30/1943","136.2"
"12/31/1943","135.89"
"1/3/1944","135.92"
"1/4/1944","137.15"
"1/5/1944","138.65"
"1/6/1944","138.34"
"1/7/1944","138.08"
"1/8/1944","138.09"
"1/10/1944","137.8"
"1/11/1944","138.47"
"1/12/1944","137.94"
"1/13/1944","137.36"
"1/14/1944","138.15"
"1/15/1944","138.4"
"1/17/1944","138.1"
"1/18/1944","137.87"
"1/19/1944","137.83"
"1/20/1944","138.16"
"1/21/1944","138.07"
"1/22/1944","138.24"
"1/24/1944","137.97"
"1/25/1944","137.97"
"1/26/1944","136.71"
"1/27/1944","136.59"
"1/28/1944","137.19"
"1/29/1944","137.15"
"1/31/1944","137.4"
"2/1/1944","137.45"
"2/2/1944","137.08"
"2/3/1944","136.24"
"2/4/1944","135.04"
"2/5/1944","135.12"
"2/7/1944","134.22"
"2/8/1944","135.06"
"2/9/1944","135.03"
"2/10/1944","135.55"
"2/11/1944","135.41"
"2/14/1944","135.39"
"2/15/1944","136.19"
"2/16/1944","136.04"
"2/17/1944","136.58"
"2/18/1944","136.08"
"2/19/1944","135.91"
"2/21/1944","135.71"
"2/23/1944","136.51"
"2/24/1944","136.58"
"2/25/1944","136.56"
"2/26/1944","136.58"
"2/28/1944","136.79"
"2/29/1944","136.3"
"3/1/1944","136.44"
"3/2/1944","136.69"
"3/3/1944","136.59"
"3/4/1944","136.79"
"3/6/1944","137.21"
"3/7/1944","138.33"
"3/8/1944","139.5"
"3/9/1944","139.33"
"3/10/1944","140.01"
"3/11/1944","140.44"
"3/13/1944","141"
"3/14/1944","140.37"
"3/15/1944","140.71"
"3/16/1944","140.91"
"3/17/1944","140.8"
"3/18/1944","140.3"
"3/20/1944","139.89"
"3/21/1944","140.2"
"3/22/1944","139.98"
"3/23/1944","138.95"
"3/24/1944","139.28"
"3/25/1944","139.19"
"3/27/1944","139.12"
"3/28/1944","137.88"
"3/29/1944","137.45"
"3/30/1944","138.6"
"3/31/1944","138.84"
"4/1/1944","138.84"
"4/3/1944","138.01"
"4/4/1944","138.06"
"4/5/1944","138.17"
"4/6/1944","138.91"
"4/8/1944","139.1"
"4/10/1944","139.11"
"4/11/1944","138.74"
"4/12/1944","137.98"
"4/13/1944","137.65"
"4/14/1944","137.69"
"4/15/1944","138.06"
"4/17/1944","137.77"
"4/18/1944","136.07"
"4/19/1944","135.48"
"4/20/1944","136.2"
"4/21/1944","136.17"
"4/22/1944","136.19"
"4/24/1944","135"
"4/25/1944","135.11"
"4/26/1944","135.67"
"4/27/1944","136.07"
"4/28/1944","136.21"
"4/29/1944","136.23"
"5/1/1944","137.06"
"5/2/1944","137.15"
"5/3/1944","137.83"
"5/4/1944","137.85"
"5/5/1944","138.75"
"5/6/1944","138.87"
"5/8/1944","138.65"
"5/9/1944","138.65"
"5/10/1944","138.76"
"5/11/1944","138.93"
"5/12/1944","138.51"
"5/13/1944","138.6"
"5/15/1944","138.6"
"5/16/1944","138.41"
"5/17/1944","138.99"
"5/18/1944","139.2"
"5/19/1944","139.34"
"5/20/1944","139.37"
"5/22/1944","139.43"
"5/23/1944","139.87"
"5/24/1944","140.48"
"5/25/1944","140.38"
"5/26/1944","141.03"
"5/27/1944","141.24"
"5/29/1944","141.53"
"5/31/1944","142.24"
"6/1/1944","142.14"
"6/2/1944","142.07"
"6/3/1944","142.34"
"6/5/1944","141.62"
"6/6/1944","142.21"
"6/7/1944","142.12"
"6/8/1944","141.93"
"6/9/1944","142.06"
"6/10/1944","142.53"
"6/12/1944","144.08"
"6/13/1944","145.05"
"6/14/1944","145.03"
"6/15/1944","145.86"
"6/16/1944","146.96"
"6/17/1944","147.28"
"6/19/1944","148.42"
"6/20/1944","148.63"
"6/21/1944","147.9"
"6/22/1944","147.65"
"6/23/1944","147.5"
"6/24/1944","147.48"
"6/26/1944","148.12"
"6/27/1944","148.48"
"6/28/1944","147.93"
"6/29/1944","148.07"
"6/30/1944","148.38"
"7/1/1944","148.46"
"7/3/1944","149.32"
"7/5/1944","149.66"
"7/6/1944","149.07"
"7/7/1944","149.36"
"7/8/1944","150.03"
"7/10/1944","150.5"
"7/11/1944","150.18"
"7/12/1944","150.42"
"7/13/1944","150.08"
"7/14/1944","150.34"
"7/15/1944","150.49"
"7/17/1944","149.28"
"7/18/1944","148.1"
"7/19/1944","149.01"
"7/20/1944","148.27"
"7/21/1944","146.77"
"7/22/1944","145.58"
"7/24/1944","145.77"
"7/25/1944","146.74"
"7/26/1944","146.64"
"7/27/1944","146.74"
"7/28/1944","146.14"
"7/29/1944","146.14"
"7/31/1944","146.11"
"8/1/1944","146.39"
"8/2/1944","146.77"
"8/3/1944","146.29"
"8/4/1944","145.3"
"8/5/1944","145.07"
"8/7/1944","145.32"
"8/8/1944","144.97"
"8/9/1944","144.9"
"8/10/1944","145.65"
"8/11/1944","146.27"
"8/12/1944","146.56"
"8/14/1944","146.77"
"8/15/1944","146.45"
"8/16/1944","147.3"
"8/17/1944","148.46"
"8/18/1944","148.96"
"8/21/1944","148.52"
"8/22/1944","147.81"
"8/23/1944","147.87"
"8/24/1944","147.11"
"8/25/1944","147.02"
"8/28/1944","146.87"
"8/29/1944","147.12"
"8/30/1944","147.28"
"8/31/1944","146.99"
"9/1/1944","147.16"
"9/5/1944","146.56"
"9/6/1944","144.42"
"9/7/1944","143.58"
"9/8/1944","143.51"
"9/9/1944","143.31"
"9/11/1944","144.3"
"9/12/1944","144.88"
"9/13/1944","143.94"
"9/14/1944","142.96"
"9/15/1944","144.08"
"9/16/1944","144.36"
"9/18/1944","144.75"
"9/19/1944","145.62"
"9/20/1944","145.85"
"9/21/1944","145.43"
"9/22/1944","145.6"
"9/23/1944","145.78"
"9/25/1944","146.77"
"9/26/1944","146.52"
"9/27/1944","146.28"
"9/28/1944","146.11"
"9/29/1944","146.31"
"9/30/1944","146.73"
"10/2/1944","146.92"
"10/3/1944","146.91"
"10/4/1944","147.89"
"10/5/1944","148.62"
"10/6/1944","148.84"
"10/7/1944","148.92"
"10/9/1944","148.06"
"10/10/1944","148.25"
"10/11/1944","148.79"
"10/13/1944","148.7"
"10/14/1944","148.59"
"10/16/1944","148.09"
"10/17/1944","148.39"
"10/18/1944","148.87"
"10/19/1944","148.55"
"10/20/1944","148.21"
"10/21/1944","148.35"
"10/23/1944","146.58"
"10/24/1944","146.58"
"10/25/1944","146.37"
"10/26/1944","145.83"
"10/27/1944","146.29"
"10/28/1944","146.5"
"10/30/1944","146.28"
"10/31/1944","146.53"
"11/1/1944","146.73"
"11/2/1944","147.53"
"11/3/1944","147.16"
"11/4/1944","147.37"
"11/6/1944","147.92"
"11/8/1944","147.52"
"11/9/1944","147.75"
"11/10/1944","148.08"
"11/13/1944","146.97"
"11/14/1944","145.6"
"11/15/1944","145.64"
"11/16/1944","145.67"
"11/17/1944","145.77"
"11/18/1944","146.02"
"11/20/1944","146.33"
"11/21/1944","147.03"
"11/22/1944","146.92"
"11/24/1944","146.4"
"11/25/1944","146.63"
"11/27/1944","146.92"
"11/28/1944","147.14"
"11/29/1944","147.81"
"11/30/1944","147.33"
"12/1/1944","147.3"
"12/2/1944","147.5"
"12/4/1944","148.22"
"12/5/1944","148.58"
"12/6/1944","148.77"
"12/7/1944","149.23"
"12/8/1944","150.48"
"12/9/1944","151.31"
"12/11/1944","151.62"
"12/12/1944","151.2"
"12/13/1944","150.64"
"12/14/1944","150.8"
"12/15/1944","152.28"
"12/16/1944","152.53"
"12/18/1944","151.53"
"12/19/1944","151.62"
"12/20/1944","150.59"
"12/21/1944","150.28"
"12/22/1944","150.43"
"12/23/1944","150.63"
"12/26/1944","149.66"
"12/27/1944","148.71"
"12/28/1944","150.47"
"12/29/1944","151.93"
"12/30/1944","152.32"
"1/2/1945","152.58"
"1/3/1945","154.31"
"1/4/1945","154.42"
"1/5/1945","154"
"1/6/1945","153.58"
"1/8/1945","154.85"
"1/9/1945","155.01"
"1/10/1945","155.67"
"1/11/1945","155.85"
"1/12/1945","155.42"
"1/13/1945","155.58"
"1/15/1945","154.76"
"1/16/1945","154.6"
"1/17/1945","155.33"
"1/18/1945","154.61"
"1/19/1945","153.84"
"1/20/1945","152.71"
"1/22/1945","152.03"
"1/23/1945","151.36"
"1/24/1945","151.35"
"1/25/1945","152.26"
"1/26/1945","153.3"
"1/27/1945","154.13"
"1/29/1945","154.06"
"1/30/1945","153.45"
"1/31/1945","153.67"
"2/1/1945","153.79"
"2/2/1945","154.45"
"2/3/1945","154.76"
"2/5/1945","155.35"
"2/6/1945","155.5"
"2/7/1945","155.71"
"2/8/1945","155.54"
"2/9/1945","154.75"
"2/10/1945","154.85"
"2/13/1945","156.34"
"2/14/1945","157.08"
"2/15/1945","158.24"
"2/16/1945","158.23"
"2/17/1945","158.23"
"2/19/1945","159.01"
"2/20/1945","159.57"
"2/21/1945","159.66"
"2/23/1945","158.99"
"2/24/1945","158.69"
"2/26/1945","158.41"
"2/27/1945","159.3"
"2/28/1945","160.4"
"3/1/1945","160.72"
"3/2/1945","159.95"
"3/3/1945","159.71"
"3/5/1945","160.68"
"3/6/1945","161.5"
"3/7/1945","161.52"
"3/8/1945","158.86"
"3/9/1945","156.34"
"3/10/1945","157.21"
"3/12/1945","157.88"
"3/13/1945","157.59"
"3/14/1945","157.83"
"3/15/1945","158.53"
"3/16/1945","158.92"
"3/17/1945","158.75"
"3/19/1945","157.89"
"3/20/1945","156.37"
"3/21/1945","155.3"
"3/22/1945","155.07"
"3/23/1945","155.45"
"3/24/1945","154.36"
"3/26/1945","152.27"
"3/27/1945","152.78"
"3/28/1945","153.79"
"3/29/1945","154.06"
"3/31/1945","154.41"
"4/2/1945","155.86"
"4/3/1945","156.2"
"4/4/1945","155.96"
"4/5/1945","154.99"
"4/6/1945","155.85"
"4/7/1945","156.33"
"4/9/1945","156.1"
"4/10/1945","156.51"
"4/11/1945","158.06"
"4/12/1945","158.48"
"4/13/1945","159.75"
"4/16/1945","162.43"
"4/17/1945","162.6"
"4/18/1945","163.83"
"4/19/1945","163.18"
"4/20/1945","162.83"
"4/21/1945","163.2"
"4/23/1945","163.58"
"4/24/1945","164.31"
"4/25/1945","163.91"
"4/26/1945","163.22"
"4/27/1945","163.94"
"4/28/1945","164.71"
"4/30/1945","165.44"
"5/1/1945","165.09"
"5/2/1945","165.03"
"5/3/1945","165.84"
"5/4/1945","166.27"
"5/5/1945","166.71"
"5/7/1945","166.53"
"5/8/1945","166.42"
"5/9/1945","165.24"
"5/10/1945","163.09"
"5/11/1945","163.21"
"5/12/1945","163.96"
"5/14/1945","163.45"
"5/15/1945","164"
"5/16/1945","164.5"
"5/17/1945","165.2"
"5/18/1945","166.17"
"5/19/1945","166.44"
"5/21/1945","165.99"
"5/22/1945","165.91"
"5/23/1945","164.5"
"5/24/1945","164.41"
"5/25/1945","165.12"
"5/26/1945","166.4"
"5/28/1945","168.21"
"5/29/1945","169.08"
"5/31/1945","168.3"
"6/1/1945","168.08"
"6/2/1945","167.96"
"6/4/1945","168.08"
"6/5/1945","168.13"
"6/6/1945","167.29"
"6/7/1945","167.16"
"6/8/1945","166.83"
"6/9/1945","166.85"
"6/11/1945","166.25"
"6/12/1945","166.39"
"6/13/1945","166.75"
"6/14/1945","167.08"
"6/15/1945","167.64"
"6/16/1945","167.54"
"6/18/1945","166.94"
"6/19/1945","167.23"
"6/20/1945","167.74"
"6/21/1945","168.14"
"6/22/1945","167.9"
"6/23/1945","168.24"
"6/25/1945","168.59"
"6/26/1945","168.92"
"6/27/1945","168.78"
"6/28/1945","166.22"
"6/29/1945","164.57"
"6/30/1945","165.29"
"7/2/1945","165.91"
"7/3/1945","165.73"
"7/5/1945","164.26"
"7/6/1945","164.67"
"7/9/1945","166.55"
"7/10/1945","167.09"
"7/11/1945","166.59"
"7/12/1945","166.85"
"7/13/1945","166.67"
"7/16/1945","165.82"
"7/17/1945","162.43"
"7/18/1945","161.69"
"7/19/1945","162.81"
"7/20/1945","162.5"
"7/23/1945","161.65"
"7/24/1945","161.73"
"7/25/1945","163.44"
"7/26/1945","160.91"
"7/27/1945","160.92"
"7/30/1945","162.09"
"7/31/1945","162.88"
"8/1/1945","162.72"
"8/2/1945","162.49"
"8/3/1945","163.06"
"8/6/1945","163.19"
"8/7/1945","161.55"
"8/8/1945","161.83"
"8/9/1945","164.55"
"8/10/1945","165.14"
"8/13/1945","164.11"
"8/14/1945","164.79"
"8/17/1945","164.38"
"8/20/1945","163.11"
"8/21/1945","163.38"
"8/22/1945","164.54"
"8/23/1945","167.64"
"8/24/1945","169.89"
"8/27/1945","171.96"
"8/28/1945","172.32"
"8/29/1945","172.09"
"8/30/1945","172.37"
"8/31/1945","174.29"
"9/4/1945","173.9"
"9/5/1945","174.24"
"9/6/1945","175.96"
"9/7/1945","176.61"
"9/8/1945","176.99"
"9/10/1945","177.03"
"9/11/1945","177.77"
"9/12/1945","178.99"
"9/13/1945","178.59"
"9/14/1945","177.74"
"9/15/1945","175.65"
"9/17/1945","174.75"
"9/18/1945","177.58"
"9/19/1945","179.51"
"9/20/1945","180.22"
"9/21/1945","179.69"
"9/22/1945","179.49"
"9/24/1945","179.51"
"9/25/1945","179.42"
"9/26/1945","178.95"
"9/27/1945","178.57"
"9/28/1945","180.11"
"9/29/1945","181.71"
"10/1/1945","183.37"
"10/2/1945","183.85"
"10/3/1945","183.33"
"10/4/1945","183.06"
"10/5/1945","183.94"
"10/6/1945","184.77"
"10/8/1945","185.46"
"10/9/1945","185.43"
"10/10/1945","186.05"
"10/11/1945","185.72"
"10/15/1945","185.51"
"10/16/1945","185.49"
"10/17/1945","186.1"
"10/18/1945","186.78"
"10/19/1945","185.34"
"10/20/1945","185.6"
"10/22/1945","187.06"
"10/23/1945","186.15"
"10/24/1945","183.72"
"10/25/1945","184.54"
"10/26/1945","185.39"
"10/29/1945","184.24"
"10/30/1945","184.16"
"10/31/1945","186.6"
"11/1/1945","188.84"
"11/2/1945","188.62"
"11/3/1945","188.58"
"11/5/1945","189.5"
"11/7/1945","192.04"
"11/8/1945","191.72"
"11/9/1945","191.46"
"11/10/1945","191.37"
"11/13/1945","190.56"
"11/14/1945","189.77"
"11/15/1945","191.13"
"11/16/1945","192.13"
"11/17/1945","192.27"
"11/19/1945","191.51"
"11/20/1945","192.12"
"11/21/1945","189.54"
"11/23/1945","187.82"
"11/24/1945","186.41"
"11/26/1945","188.16"
"11/27/1945","190.45"
"11/28/1945","189.99"
"11/29/1945","189.58"
"11/30/1945","191.46"
"12/1/1945","192.4"
"12/3/1945","193.65"
"12/4/1945","193.06"
"12/5/1945","193.08"
"12/6/1945","193.84"
"12/7/1945","194.08"
"12/8/1945","195.18"
"12/10/1945","195.64"
"12/11/1945","195.82"
"12/12/1945","193.96"
"12/13/1945","193.52"
"12/14/1945","193.34"
"12/15/1945","193.76"
"12/17/1945","190.37"
"12/18/1945","190.98"
"12/19/1945","190.62"
"12/20/1945","189.36"
"12/21/1945","189.07"
"12/22/1945","190.67"
"12/26/1945","192.76"
"12/27/1945","192.31"
"12/28/1945","192.43"
"12/29/1945","192.84"
"12/31/1945","192.91"
"1/2/1946","191.66"
"1/3/1946","191.25"
"1/4/1946","190.9"
"1/5/1946","191.47"
"1/7/1946","191.77"
"1/8/1946","194.65"
"1/9/1946","197.33"
"1/10/1946","199.16"
"1/11/1946","200.04"
"1/12/1946","199.44"
"1/14/1946","201.91"
"1/15/1946","202.97"
"1/16/1946","203.81"
"1/17/1946","203.49"
"1/18/1946","202.18"
"1/19/1946","200.21"
"1/21/1946","196.63"
"1/22/1946","197.35"
"1/23/1946","198.84"
"1/24/1946","200.04"
"1/25/1946","199.5"
"1/26/1946","199.85"
"1/28/1946","204.62"
"1/29/1946","205.35"
"1/30/1946","204.84"
"1/31/1946","204.67"
"2/1/1946","205.79"
"2/2/1946","206.97"
"2/4/1946","205.84"
"2/5/1946","206.61"
"2/6/1946","205.48"
"2/7/1946","205.09"
"2/8/1946","204.38"
"2/9/1946","202.3"
"2/11/1946","201.14"
"2/13/1946","198.74"
"2/14/1946","199.75"
"2/15/1946","203.09"
"2/16/1946","204.41"
"2/18/1946","201.63"
"2/19/1946","196.13"
"2/20/1946","192.38"
"2/21/1946","195.62"
"2/25/1946","187.23"
"2/26/1946","186.02"
"2/27/1946","189.06"
"2/28/1946","190.09"
"3/1/1946","189.42"
"3/2/1946","188.73"
"3/4/1946","188.46"
"3/5/1946","190.49"
"3/6/1946","190.28"
"3/7/1946","191.46"
"3/8/1946","193.7"
"3/9/1946","194.45"
"3/11/1946","192.89"
"3/12/1946","193.52"
"3/13/1946","190.36"
"3/14/1946","189.98"
"3/15/1946","191.66"
"3/16/1946","193.94"
"3/18/1946","195.33"
"3/19/1946","194.09"
"3/20/1946","195.53"
"3/21/1946","196.7"
"3/22/1946","197.19"
"3/23/1946","198.09"
"3/25/1946","200.55"
"3/26/1946","200.56"
"3/27/1946","198.73"
"3/28/1946","198.18"
"3/29/1946","199.56"
"3/30/1946","199.75"
"4/1/1946","199.19"
"4/2/1946","199.83"
"4/3/1946","203.12"
"4/4/1946","204.77"
"4/5/1946","204.04"
"4/6/1946","204.98"
"4/8/1946","205.43"
"4/9/1946","208.03"
"4/10/1946","208.02"
"4/11/1946","206.93"
"4/12/1946","206.96"
"4/13/1946","206.02"
"4/15/1946","206.01"
"4/16/1946","207.97"
"4/17/1946","207.93"
"4/18/1946","208.31"
"4/20/1946","208.06"
"4/22/1946","207.99"
"4/23/1946","207.31"
"4/24/1946","206.13"
"4/25/1946","204.6"
"4/26/1946","204.59"
"4/27/1946","206.13"
"4/29/1946","206.09"
"4/30/1946","206.77"
"5/1/1946","205.67"
"5/2/1946","204.98"
"5/3/1946","203.25"
"5/4/1946","202.52"
"5/6/1946","200.65"
"5/7/1946","203.51"
"5/8/1946","204.17"
"5/9/1946","204.07"
"5/10/1946","207.1"
"5/11/1946","208.06"
"5/13/1946","207.34"
"5/14/1946","206.69"
"5/15/1946","205.07"
"5/16/1946","206.17"
"5/17/1946","206.56"
"5/18/1946","205.8"
"5/20/1946","207.13"
"5/21/1946","207.25"
"5/22/1946","208"
"5/23/1946","208.05"
"5/24/1946","207.69"
"5/27/1946","209.42"
"5/28/1946","211.7"
"5/29/1946","212.5"
"5/31/1946","212.28"
"6/3/1946","211.47"
"6/4/1946","210.03"
"6/5/1946","209.78"
"6/6/1946","209.5"
"6/7/1946","209.96"
"6/10/1946","210.68"
"6/11/1946","209.05"
"6/12/1946","208.96"
"6/13/1946","210.56"
"6/14/1946","210.36"
"6/17/1946","210.13"
"6/18/1946","207.71"
"6/19/1946","205.74"
"6/20/1946","200.52"
"6/21/1946","203.09"
"6/24/1946","203.56"
"6/25/1946","202.54"
"6/26/1946","202.1"
"6/27/1946","205.03"
"6/28/1946","205.62"
"7/1/1946","206.47"
"7/2/1946","206.64"
"7/3/1946","207.06"
"7/5/1946","206.72"
"7/8/1946","206.62"
"7/9/1946","207.43"
"7/10/1946","207.56"
"7/11/1946","206.3"
"7/12/1946","204.2"
"7/15/1946","200.86"
"7/16/1946","200.71"
"7/17/1946","202.25"
"7/18/1946","201.86"
"7/19/1946","201.13"
"7/22/1946","200.54"
"7/23/1946","195.22"
"7/24/1946","195.37"
"7/25/1946","196.25"
"7/26/1946","197.63"
"7/29/1946","198.22"
"7/30/1946","199.4"
"7/31/1946","201.56"
"8/1/1946","202.26"
"8/2/1946","202.82"
"8/5/1946","201.93"
"8/6/1946","201.35"
"8/7/1946","202.96"
"8/8/1946","204.1"
"8/9/1946","203.57"
"8/12/1946","203.36"
"8/13/1946","204.52"
"8/14/1946","203.99"
"8/15/1946","202.49"
"8/16/1946","200.69"
"8/19/1946","200.19"
"8/20/1946","201.27"
"8/21/1946","200"
"8/22/1946","196.66"
"8/23/1946","197.75"
"8/26/1946","196.99"
"8/27/1946","191.04"
"8/28/1946","190.03"
"8/29/1946","190.47"
"8/30/1946","189.19"
"9/3/1946","178.68"
"9/4/1946","176.72"
"9/5/1946","181.18"
"9/6/1946","179.96"
"9/9/1946","172.03"
"9/10/1946","167.3"
"9/11/1946","172.13"
"9/12/1946","171.7"
"9/13/1946","173.39"
"9/16/1946","174.45"
"9/17/1946","173.66"
"9/18/1946","169.07"
"9/19/1946","165.17"
"9/20/1946","169.06"
"9/23/1946","166.56"
"9/24/1946","168.89"
"9/25/1946","172.95"
"9/26/1946","174.96"
"9/27/1946","174.09"
"9/30/1946","172.42"
"10/1/1946","171.47"
"10/2/1946","172.72"
"10/3/1946","171.64"
"10/4/1946","169.8"
"10/5/1946","169"
"10/7/1946","168.87"
"10/8/1946","167.34"
"10/9/1946","163.12"
"10/10/1946","164.94"
"10/11/1946","167.97"
"10/14/1946","169.86"
"10/15/1946","175.94"
"10/16/1946","174.35"
"10/17/1946","171.76"
"10/18/1946","171.65"
"10/19/1946","171.34"
"10/21/1946","171.93"
"10/22/1946","171.25"
"10/23/1946","170.67"
"10/24/1946","169.98"
"10/25/1946","168.76"
"10/26/1946","168.44"
"10/28/1946","166.04"
"10/29/1946","164.21"
"10/30/1946","164.2"
"10/31/1946","169.15"
"11/1/1946","171.76"
"11/2/1946","172.53"
"11/4/1946","174.4"
"11/6/1946","168.88"
"11/7/1946","169.6"
"11/8/1946","170.79"
"11/9/1946","171.8"
"11/12/1946","170.87"
"11/13/1946","169.84"
"11/14/1946","170.88"
"11/15/1946","169.67"
"11/16/1946","169.03"
"11/18/1946","167.91"
"11/19/1946","167.88"
"11/20/1946","166.91"
"11/21/1946","164.12"
"11/22/1946","163.55"
"11/23/1946","165.1"
"11/25/1946","165.23"
"11/26/1946","166.94"
"11/27/1946","168.34"
"11/29/1946","169.78"
"11/30/1946","169.8"
"12/2/1946","167.5"
"12/3/1946","168.05"
"12/4/1946","170.33"
"12/5/1946","169.95"
"12/6/1946","170.39"
"12/7/1946","171.01"
"12/9/1946","175.76"
"12/10/1946","175.92"
"12/11/1946","176.07"
"12/12/1946","173.91"
"12/13/1946","173.9"
"12/14/1946","174.73"
"12/16/1946","174.85"
"12/17/1946","174.47"
"12/18/1946","174.84"
"12/19/1946","177.29"
"12/20/1946","177.85"
"12/21/1946","178.32"
"12/23/1946","177.36"
"12/24/1946","176.95"
"12/26/1946","175.21"
"12/27/1946","175.66"
"12/28/1946","175.77"
"12/30/1946","176.23"
"12/31/1946","177.2"
"1/2/1947","176.39"
"1/3/1947","176.76"
"1/4/1947","176.92"
"1/6/1947","178.43"
"1/7/1947","177.49"
"1/8/1947","178.06"
"1/9/1947","178.43"
"1/10/1947","177.43"
"1/11/1947","175.25"
"1/13/1947","172.49"
"1/14/1947","172.63"
"1/15/1947","172.1"
"1/16/1947","171.95"
"1/17/1947","174.76"
"1/18/1947","175.92"
"1/20/1947","174.06"
"1/21/1947","173.51"
"1/22/1947","173.77"
"1/23/1947","175.13"
"1/24/1947","175.49"
"1/25/1947","175.35"
"1/27/1947","177.28"
"1/28/1947","178.68"
"1/29/1947","180.17"
"1/30/1947","179.74"
"1/31/1947","180.44"
"2/1/1947","180.88"
"2/3/1947","181.92"
"2/4/1947","182.28"
"2/5/1947","182.52"
"2/6/1947","181.57"
"2/7/1947","183.74"
"2/8/1947","184.49"
"2/10/1947","183.57"
"2/11/1947","184.06"
"2/13/1947","182.18"
"2/14/1947","181.64"
"2/15/1947","181.36"
"2/17/1947","182.2"
"2/18/1947","181.93"
"2/19/1947","180.78"
"2/20/1947","180.74"
"2/21/1947","182.26"
"2/24/1947","181.4"
"2/25/1947","179.31"
"2/26/1947","177.22"
"2/27/1947","178.91"
"2/28/1947","178.9"
"3/1/1947","179.29"
"3/3/1947","179.43"
"3/4/1947","179.77"
"3/5/1947","181.16"
"3/6/1947","181.88"
"3/7/1947","177.05"
"3/8/1947","175.84"
"3/10/1947","175.18"
"3/11/1947","173.83"
"3/12/1947","174.68"
"3/13/1947","174.35"
"3/14/1947","172.58"
"3/15/1947","172.37"
"3/17/1947","173.35"
"3/18/1947","174.95"
"3/19/1947","175.78"
"3/20/1947","175.37"
"3/21/1947","176.9"
"3/22/1947","177.27"
"3/24/1947","176.4"
"3/25/1947","175.29"
"3/26/1947","177.1"
"3/27/1947","179.19"
"3/28/1947","178.63"
"3/29/1947","178.36"
"3/31/1947","177.2"
"4/1/1947","177.45"
"4/2/1947","177.32"
"4/3/1947","176.52"
"4/5/1947","176.71"
"4/7/1947","175.39"
"4/8/1947","173.29"
"4/9/1947","173.4"
"4/10/1947","173.98"
"4/11/1947","173.43"
"4/12/1947","171.76"
"4/14/1947","166.69"
"4/15/1947","166.82"
"4/16/1947","168.22"
"4/17/1947","168.01"
"4/18/1947","166.77"
"4/19/1947","168.44"
"4/21/1947","169.5"
"4/22/1947","170.94"
"4/23/1947","170.87"
"4/24/1947","170.19"
"4/25/1947","168.93"
"4/26/1947","169.13"
"4/28/1947","168.85"
"4/29/1947","168.7"
"4/30/1947","170.64"
"5/1/1947","171.91"
"5/2/1947","173.45"
"5/3/1947","174"
"5/5/1947","174.21"
"5/6/1947","172.77"
"5/7/1947","172.49"
"5/8/1947","171.56"
"5/9/1947","171.54"
"5/10/1947","171.67"
"5/12/1947","169.8"
"5/13/1947","167.34"
"5/14/1947","166.68"
"5/15/1947","167.88"
"5/16/1947","164.96"
"5/17/1947","163.21"
"5/19/1947","163.55"
"5/20/1947","163.59"
"5/21/1947","165.77"
"5/22/1947","166.73"
"5/23/1947","166.95"
"5/24/1947","166.97"
"5/26/1947","166.29"
"5/27/1947","166.17"
"5/28/1947","168.06"
"5/29/1947","169.25"
"6/2/1947","168"
"6/3/1947","170.35"
"6/4/1947","169.56"
"6/5/1947","169.41"
"6/6/1947","170.28"
"6/9/1947","169.88"
"6/10/1947","171.1"
"6/11/1947","174.68"
"6/12/1947","173.78"
"6/13/1947","175.49"
"6/16/1947","175.81"
"6/17/1947","174.98"
"6/18/1947","174.94"
"6/19/1947","176.14"
"6/20/1947","176.44"
"6/23/1947","177.44"
"6/24/1947","174.54"
"6/25/1947","175.73"
"6/26/1947","176.58"
"6/27/1947","176.56"
"6/30/1947","177.3"
"7/1/1947","180.33"
"7/2/1947","179.88"
"7/3/1947","181.73"
"7/7/1947","182.04"
"7/8/1947","182.66"
"7/9/1947","181.72"
"7/10/1947","182.8"
"7/11/1947","184.77"
"7/14/1947","185.6"
"7/15/1947","185.38"
"7/16/1947","185.46"
"7/17/1947","183.83"
"7/18/1947","184.6"
"7/21/1947","183.52"
"7/22/1947","183.78"
"7/23/1947","184.95"
"7/24/1947","186.85"
"7/25/1947","186.38"
"7/28/1947","184.95"
"7/29/1947","182.05"
"7/30/1947","180.91"
"7/31/1947","183.18"
"8/1/1947","183.81"
"8/4/1947","182.51"
"8/5/1947","183.08"
"8/6/1947","182.35"
"8/7/1947","182.11"
"8/8/1947","180.13"
"8/11/1947","178.98"
"8/12/1947","179.94"
"8/13/1947","179.8"
"8/14/1947","179.87"
"8/15/1947","181.04"
"8/18/1947","180.44"
"8/19/1947","179.75"
"8/20/1947","179.01"
"8/21/1947","179.42"
"8/22/1947","179.74"
"8/25/1947","177.57"
"8/26/1947","177.73"
"8/27/1947","177.88"
"8/28/1947","177.7"
"8/29/1947","178.85"
"9/2/1947","179.81"
"9/3/1947","179.09"
"9/4/1947","177.27"
"9/5/1947","177.13"
"9/8/1947","175.14"
"9/9/1947","175.32"
"9/10/1947","176.24"
"9/11/1947","176.16"
"9/12/1947","175.92"
"9/15/1947","175.3"
"9/16/1947","176.7"
"9/17/1947","178.73"
"9/18/1947","178.31"
"9/19/1947","178.12"
"9/22/1947","178.02"
"9/23/1947","176.04"
"9/24/1947","176.39"
"9/25/1947","175.29"
"9/26/1947","174.86"
"9/29/1947","175.85"
"9/30/1947","177.49"
"10/1/1947","178.1"
"10/2/1947","178.47"
"10/3/1947","179.53"
"10/4/1947","179.44"
"10/6/1947","180.08"
"10/7/1947","180.01"
"10/8/1947","178.78"
"10/9/1947","180.11"
"10/10/1947","180.44"
"10/11/1947","180.49"
"10/14/1947","182.73"
"10/15/1947","183.28"
"10/16/1947","183.54"
"10/17/1947","183.52"
"10/18/1947","184.25"
"10/20/1947","185.29"
"10/21/1947","185.09"
"10/22/1947","184.36"
"10/23/1947","184.5"
"10/24/1947","182.53"
"10/25/1947","182.73"
"10/27/1947","183.27"
"10/28/1947","183.21"
"10/29/1947","183.06"
"10/30/1947","181.32"
"10/31/1947","181.81"
"11/1/1947","182.48"
"11/3/1947","182.65"
"11/5/1947","181.89"
"11/6/1947","182"
"11/7/1947","181.54"
"11/8/1947","181.49"
"11/10/1947","182.21"
"11/12/1947","181.04"
"11/13/1947","180"
"11/14/1947","180.05"
"11/15/1947","180.26"
"11/17/1947","180.4"
"11/18/1947","181.71"
"11/19/1947","182.71"
"11/20/1947","183.17"
"11/21/1947","182.61"
"11/22/1947","182.33"
"11/24/1947","181.98"
"11/25/1947","181.35"
"11/26/1947","180.94"
"11/28/1947","179.51"
"11/29/1947","179.4"
"12/1/1947","180.61"
"12/2/1947","180.76"
"12/3/1947","179.63"
"12/4/1947","178.79"
"12/5/1947","176.1"
"12/6/1947","175.74"
"12/8/1947","176.71"
"12/9/1947","177.47"
"12/10/1947","177.58"
"12/11/1947","177.37"
"12/12/1947","178.37"
"12/13/1947","179.34"
"12/15/1947","179.69"
"12/16/1947","179.44"
"12/17/1947","179.81"
"12/18/1947","179.44"
"12/19/1947","180.09"
"12/20/1947","181.06"
"12/22/1947","180.21"
"12/23/1947","180.71"
"12/24/1947","180.84"
"12/26/1947","179.28"
"12/27/1947","179.23"
"12/29/1947","178.58"
"12/30/1947","180.56"
"12/31/1947","181.16"
"1/2/1948","181.04"
"1/5/1948","179.53"
"1/6/1948","179.12"
"1/7/1948","179.83"
"1/8/1948","180.6"
"1/9/1948","180.09"
"1/10/1948","180.2"
"1/12/1948","179.33"
"1/13/1948","177.49"
"1/14/1948","177.37"
"1/15/1948","177.03"
"1/16/1948","177.15"
"1/17/1948","177.24"
"1/19/1948","175.95"
"1/20/1948","175.27"
"1/21/1948","173.53"
"1/22/1948","172.15"
"1/23/1948","171.97"
"1/24/1948","171.67"
"1/26/1948","171.18"
"1/27/1948","171.42"
"1/28/1948","172.97"
"1/29/1948","174.47"
"1/30/1948","174.76"
"1/31/1948","175.05"
"2/2/1948","174.92"
"2/3/1948","173.95"
"2/4/1948","170.95"
"2/5/1948","169.18"
"2/6/1948","168.81"
"2/7/1948","169.79"
"2/9/1948","169.82"
"2/10/1948","165.65"
"2/11/1948","165.69"
"2/13/1948","166.33"
"2/14/1948","166.18"
"2/16/1948","168.3"
"2/17/1948","167.89"
"2/18/1948","168.04"
"2/19/1948","167.86"
"2/20/1948","167.44"
"2/21/1948","167.6"
"2/24/1948","167.8"
"2/25/1948","168.39"
"2/26/1948","167.56"
"2/27/1948","166.8"
"2/28/1948","167.3"
"3/1/1948","168.14"
"3/2/1948","168.75"
"3/3/1948","168.61"
"3/4/1948","168.13"
"3/5/1948","168.35"
"3/6/1948","168.94"
"3/8/1948","167.71"
"3/9/1948","166.76"
"3/10/1948","167.48"
"3/11/1948","167.21"
"3/12/1948","166.99"
"3/13/1948","167.62"
"3/15/1948","167.62"
"3/16/1948","165.39"
"3/17/1948","166.24"
"3/18/1948","166.92"
"3/19/1948","169.67"
"3/20/1948","173.12"
"3/22/1948","173.66"
"3/23/1948","173.5"
"3/24/1948","173.62"
"3/25/1948","174.05"
"3/27/1948","173.95"
"3/29/1948","173.65"
"3/30/1948","175.23"
"3/31/1948","177.2"
"4/1/1948","177.61"
"4/2/1948","177.32"
"4/3/1948","177.45"
"4/5/1948","177.92"
"4/6/1948","178.77"
"4/7/1948","178.33"
"4/8/1948","178.8"
"4/9/1948","179.16"
"4/10/1948","179.48"
"4/12/1948","179.05"
"4/13/1948","179.45"
"4/14/1948","179.13"
"4/15/1948","180.27"
"4/16/1948","180.63"
"4/17/1948","180.38"
"4/19/1948","181.05"
"4/20/1948","180.72"
"4/21/1948","181.37"
"4/22/1948","182.98"
"4/23/1948","183.78"
"4/24/1948","183.2"
"4/26/1948","181.32"
"4/27/1948","180.97"
"4/28/1948","181.01"
"4/29/1948","180.65"
"4/30/1948","180.51"
"5/1/1948","180.28"
"5/3/1948","181.09"
"5/4/1948","181.44"
"5/5/1948","180.94"
"5/6/1948","181.65"
"5/7/1948","182.29"
"5/8/1948","182.5"
"5/10/1948","182.94"
"5/11/1948","183.75"
"5/12/1948","183.95"
"5/13/1948","184.82"
"5/14/1948","188.6"
"5/15/1948","190.25"
"5/17/1948","190.44"
"5/18/1948","188.56"
"5/19/1948","188.28"
"5/20/1948","189.26"
"5/21/1948","189.78"
"5/22/1948","190"
"5/24/1948","189.82"
"5/25/1948","189.71"
"5/26/1948","191.06"
"5/27/1948","190.97"
"5/28/1948","190.74"
"6/1/1948","191.18"
"6/2/1948","191.32"
"6/3/1948","191.05"
"6/4/1948","190.18"
"6/7/1948","190.13"
"6/8/1948","192.16"
"6/9/1948","192.56"
"6/10/1948","192.5"
"6/11/1948","192.96"
"6/14/1948","192.86"
"6/15/1948","193.16"
"6/16/1948","192.34"
"6/17/1948","192.15"
"6/18/1948","191.65"
"6/21/1948","189.71"
"6/22/1948","189.66"
"6/23/1948","190.73"
"6/24/1948","190.87"
"6/25/1948","190"
"6/28/1948","187.9"
"6/29/1948","188.49"
"6/30/1948","189.46"
"7/1/1948","189.03"
"7/2/1948","190.06"
"7/6/1948","190.55"
"7/7/1948","190.06"
"7/8/1948","190.58"
"7/9/1948","191.62"
"7/12/1948","191.47"
"7/13/1948","190.36"
"7/14/1948","190.66"
"7/15/1948","187.7"
"7/16/1948","185.9"
"7/19/1948","181.2"
"7/20/1948","183.57"
"7/21/1948","184.44"
"7/22/1948","185.29"
"7/23/1948","185.31"
"7/26/1948","184.17"
"7/27/1948","186.09"
"7/28/1948","185.15"
"7/29/1948","183.57"
"7/30/1948","181.33"
"8/2/1948","181.13"
"8/3/1948","180.98"
"8/4/1948","183.06"
"8/5/1948","182.92"
"8/6/1948","183.01"
"8/9/1948","182.26"
"8/10/1948","180.02"
"8/11/1948","179.27"
"8/12/1948","179.63"
"8/13/1948","179.63"
"8/16/1948","180.3"
"8/17/1948","182.15"
"8/18/1948","182.12"
"8/19/1948","182.57"
"8/20/1948","183.6"
"8/23/1948","181.75"
"8/24/1948","182.58"
"8/25/1948","182.41"
"8/26/1948","182.52"
"8/27/1948","183.21"
"8/30/1948","182.09"
"8/31/1948","181.71"
"9/1/1948","183.6"
"9/2/1948","184.39"
"9/3/1948","184.35"
"9/7/1948","185.36"
"9/8/1948","182.9"
"9/9/1948","180.33"
"9/10/1948","180.61"
"9/13/1948","179.38"
"9/14/1948","180.63"
"9/15/1948","180.62"
"9/16/1948","180.69"
"9/17/1948","180.06"
"9/20/1948","177.37"
"9/21/1948","178.61"
"9/22/1948","179.16"
"9/23/1948","178.77"
"9/24/1948","179.28"
"9/27/1948","175.99"
"9/28/1948","177.54"
"9/29/1948","179.04"
"9/30/1948","178.3"
"10/1/1948","179.87"
"10/2/1948","180.78"
"10/4/1948","181.7"
"10/5/1948","181.23"
"10/6/1948","181.72"
"10/7/1948","182.52"
"10/8/1948","182.02"
"10/9/1948","182.09"
"10/11/1948","182.41"
"10/13/1948","183.84"
"10/14/1948","184.52"
"10/15/1948","184.62"
"10/16/1948","184.93"
"10/18/1948","185.33"
"10/19/1948","186.18"
"10/20/1948","186.51"
"10/21/1948","186.44"
"10/22/1948","189.76"
"10/23/1948","190.19"
"10/25/1948","189.52"
"10/26/1948","189.76"
"10/27/1948","189.28"
"10/28/1948","187.73"
"10/29/1948","188.28"
"10/30/1948","188.62"
"11/1/1948","189.76"
"11/3/1948","182.46"
"11/4/1948","184.54"
"11/5/1948","178.38"
"11/6/1948","178.94"
"11/8/1948","178.19"
"11/9/1948","173.94"
"11/10/1948","173.48"
"11/12/1948","173.93"
"11/13/1948","174.32"
"11/15/1948","176.01"
"11/16/1948","176.2"
"11/17/1948","176.07"
"11/18/1948","176.07"
"11/19/1948","176.98"
"11/20/1948","177.42"
"11/22/1948","176.33"
"11/23/1948","176.17"
"11/24/1948","173.4"
"11/26/1948","173.16"
"11/27/1948","172.9"
"11/29/1948","171.99"
"11/30/1948","171.2"
"12/1/1948","173.22"
"12/2/1948","173.61"
"12/3/1948","175"
"12/4/1948","176.22"
"12/6/1948","176.26"
"12/7/1948","176.67"
"12/8/1948","176.29"
"12/9/1948","175.75"
"12/10/1948","176.41"
"12/11/1948","177.49"
"12/13/1948","177.34"
"12/14/1948","176.59"
"12/15/1948","176.2"
"12/16/1948","175.83"
"12/17/1948","175.92"
"12/18/1948","175.69"
"12/20/1948","176.84"
"12/21/1948","176.35"
"12/22/1948","176.39"
"12/23/1948","176.49"
"12/24/1948","177.42"
"12/27/1948","177.4"
"12/28/1948","175.98"
"12/29/1948","177.58"
"12/30/1948","177.92"
"12/31/1948","177.3"
"1/3/1949","175.03"
"1/4/1949","175.49"
"1/5/1949","177.08"
"1/6/1949","180.22"
"1/7/1949","181.31"
"1/8/1949","181.41"
"1/10/1949","180.57"
"1/11/1949","180.76"
"1/12/1949","180.69"
"1/13/1949","180.17"
"1/14/1949","178.8"
"1/15/1949","179.15"
"1/17/1949","180.14"
"1/18/1949","180.55"
"1/19/1949","181.12"
"1/20/1949","181.43"
"1/21/1949","181"
"1/22/1949","181.54"
"1/24/1949","180.83"
"1/25/1949","179.65"
"1/26/1949","179.88"
"1/27/1949","179.52"
"1/28/1949","178.82"
"1/29/1949","179.35"
"1/31/1949","179.12"
"2/1/1949","180.39"
"2/2/1949","180.27"
"2/3/1949","180.09"
"2/4/1949","177.91"
"2/5/1949","175.6"
"2/7/1949","174.43"
"2/8/1949","173.71"
"2/9/1949","174.61"
"2/10/1949","172.41"
"2/11/1949","171.93"
"2/14/1949","172.16"
"2/15/1949","172.48"
"2/16/1949","173.28"
"2/17/1949","174.82"
"2/18/1949","174.71"
"2/19/1949","174.53"
"2/21/1949","174.19"
"2/23/1949","173.23"
"2/24/1949","171.48"
"2/25/1949","171.1"
"2/26/1949","171.62"
"2/28/1949","173.06"
"3/1/1949","174.18"
"3/2/1949","173.82"
"3/3/1949","173.76"
"3/4/1949","173.66"
"3/5/1949","174.93"
"3/7/1949","175.55"
"3/8/1949","176.09"
"3/9/1949","175.76"
"3/10/1949","175.64"
"3/11/1949","176.52"
"3/12/1949","176.96"
"3/14/1949","176.98"
"3/15/1949","176.02"
"3/16/1949","175.53"
"3/17/1949","176.33"
"3/18/1949","176.29"
"3/19/1949","176.07"
"3/21/1949","175.61"
"3/22/1949","174.83"
"3/23/1949","176.2"
"3/24/1949","176.41"
"3/25/1949","175.83"
"3/26/1949","175.82"
"3/28/1949","175.99"
"3/29/1949","178.39"
"3/30/1949","178.45"
"3/31/1949","177.1"
"4/1/1949","176.28"
"4/2/1949","176.88"
"4/4/1949","176.59"
"4/5/1949","177.04"
"4/6/1949","176.71"
"4/7/1949","176.04"
"4/8/1949","176.44"
"4/9/1949","176.75"
"4/11/1949","176.54"
"4/12/1949","176.99"
"4/13/1949","176.81"
"4/14/1949","176.62"
"4/16/1949","177.07"
"4/18/1949","177.16"
"4/19/1949","176.73"
"4/20/1949","175.69"
"4/21/1949","173.24"
"4/22/1949","173.42"
"4/23/1949","173.76"
"4/25/1949","173.64"
"4/26/1949","174.21"
"4/27/1949","174.56"
"4/28/1949","173.89"
"4/29/1949","174.06"
"4/30/1949","174.16"
"5/2/1949","174.53"
"5/3/1949","175"
"5/4/1949","176.63"
"5/5/1949","176.33"
"5/6/1949","175.5"
"5/7/1949","175.39"
"5/9/1949","175.17"
"5/10/1949","174.37"
"5/11/1949","174.4"
"5/12/1949","174.7"
"5/13/1949","174.82"
"5/14/1949","175.2"
"5/16/1949","175.76"
"5/17/1949","175.32"
"5/18/1949","174.92"
"5/19/1949","174.14"
"5/20/1949","173.49"
"5/21/1949","173.49"
"5/23/1949","172.32"
"5/24/1949","171.49"
"5/25/1949","171.84"
"5/26/1949","171.95"
"5/27/1949","171.53"
"5/31/1949","168.36"
"6/1/1949","167.98"
"6/2/1949","168.15"
"6/3/1949","167.24"
"6/6/1949","165.15"
"6/7/1949","165.29"
"6/8/1949","165.76"
"6/9/1949","165.73"
"6/10/1949","164.61"
"6/13/1949","161.6"
"6/14/1949","161.86"
"6/15/1949","164.58"
"6/16/1949","163.94"
"6/17/1949","163.78"
"6/20/1949","165.49"
"6/21/1949","165.71"
"6/22/1949","165.64"
"6/23/1949","166.77"
"6/24/1949","166.99"
"6/27/1949","166.79"
"6/28/1949","165.75"
"6/29/1949","166.76"
"6/30/1949","167.42"
"7/1/1949","168.08"
"7/5/1949","169.02"
"7/6/1949","170.68"
"7/7/1949","171.01"
"7/8/1949","170.92"
"7/11/1949","170.81"
"7/12/1949","171.78"
"7/13/1949","173.24"
"7/14/1949","173.59"
"7/15/1949","173.48"
"7/18/1949","174.04"
"7/19/1949","175.31"
"7/20/1949","175.6"
"7/21/1949","174.59"
"7/22/1949","174.53"
"7/25/1949","175.12"
"7/26/1949","176.37"
"7/27/1949","176.46"
"7/28/1949","176.26"
"7/29/1949","175.92"
"8/1/1949","176.84"
"8/2/1949","177.56"
"8/3/1949","177.19"
"8/4/1949","177.06"
"8/5/1949","179.07"
"8/8/1949","180.54"
"8/9/1949","179.52"
"8/10/1949","180.6"
"8/11/1949","180.02"
"8/12/1949","179.29"
"8/15/1949","178.97"
"8/16/1949","180"
"8/17/1949","181.59"
"8/18/1949","182.02"
"8/19/1949","181.16"
"8/22/1949","180.53"
"8/23/1949","178.51"
"8/24/1949","178.78"
"8/25/1949","179.01"
"8/26/1949","179.24"
"8/29/1949","177.75"
"8/30/1949","178.69"
"8/31/1949","178.66"
"9/1/1949","179.52"
"9/2/1949","179.38"
"9/6/1949","179.2"
"9/7/1949","180.21"
"9/8/1949","180.53"
"9/9/1949","180.24"
"9/12/1949","181.15"
"9/13/1949","183.29"
"9/14/1949","183.14"
"9/15/1949","182.16"
"9/16/1949","182.32"
"9/19/1949","181.42"
"9/20/1949","178.04"
"9/21/1949","180.02"
"9/22/1949","180.83"
"9/23/1949","181.3"
"9/26/1949","180.86"
"9/27/1949","179.63"
"9/28/1949","181.31"
"9/29/1949","182.43"
"9/30/1949","182.51"
"10/1/1949","181.98"
"10/3/1949","182.67"
"10/4/1949","184.13"
"10/5/1949","184.8"
"10/6/1949","185.37"
"10/7/1949","185.27"
"10/8/1949","185.36"
"10/10/1949","185.15"
"10/11/1949","186.74"
"10/13/1949","186.78"
"10/14/1949","186.43"
"10/15/1949","186.36"
"10/17/1949","184.72"
"10/18/1949","186.12"
"10/19/1949","187.04"
"10/20/1949","186.64"
"10/21/1949","186.2"
"10/22/1949","186.2"
"10/24/1949","186.54"
"10/25/1949","187.7"
"10/26/1949","189.08"
"10/27/1949","190.36"
"10/28/1949","190.16"
"10/29/1949","190.36"
"10/31/1949","189.54"
"11/1/1949","191.23"
"11/2/1949","192.96"
"11/3/1949","192.19"
"11/4/1949","191.29"
"11/5/1949","191.37"
"11/7/1949","190.89"
"11/9/1949","190.6"
"11/10/1949","190.41"
"11/12/1949","190.46"
"11/14/1949","187.27"
"11/15/1949","187.98"
"11/16/1949","189.37"
"11/17/1949","191.34"
"11/18/1949","193.41"
"11/19/1949","193.62"
"11/21/1949","192.35"
"11/22/1949","193.23"
"11/23/1949","193.52"
"11/25/1949","192.78"
"11/26/1949","193.23"
"11/28/1949","192.24"
"11/29/1949","191.62"
"11/30/1949","191.55"
"12/1/1949","192.71"
"12/2/1949","193.63"
"12/3/1949","194.43"
"12/5/1949","194.74"
"12/6/1949","194.64"
"12/7/1949","194.21"
"12/8/1949","194.45"
"12/9/1949","194.35"
"12/10/1949","194.68"
"12/12/1949","196.17"
"12/13/1949","196.81"
"12/14/1949","197.51"
"12/15/1949","198.05"
"12/16/1949","197.88"
"12/17/1949","197.98"
"12/19/1949","198.17"
"12/20/1949","197.22"
"12/21/1949","196.45"
"12/22/1949","198.52"
"12/23/1949","198.88"
"12/27/1949","198.28"
"12/28/1949","199.59"
"12/29/1949","199.39"
"12/30/1949","200.52"
"12/31/1949","200.13"
"1/3/1950","198.89"
"1/4/1950","200.2"
"1/5/1950","200.57"
"1/6/1950","200.96"
"1/7/1950","201.94"
"1/9/1950","201.98"
"1/10/1950","201.17"
"1/11/1950","201.61"
"1/12/1950","197.93"
"1/13/1950","196.81"
"1/14/1950","196.92"
"1/16/1950","197.17"
"1/17/1950","198.78"
"1/18/1950","199.5"
"1/19/1950","199.8"
"1/20/1950","200.13"
"1/21/1950","200.97"
"1/23/1950","200.42"
"1/24/1950","199.62"
"1/25/1950","198.39"
"1/26/1950","198.53"
"1/27/1950","199.08"
"1/28/1950","200.08"
"1/30/1950","201.39"
"1/31/1950","201.79"
"2/1/1950","201.89"
"2/2/1950","204.11"
"2/3/1950","204.53"
"2/4/1950","205.03"
"2/6/1950","204.59"
"2/7/1950","203.53"
"2/8/1950","202.71"
"2/9/1950","203.8"
"2/10/1950","203.49"
"2/11/1950","203.36"
"2/14/1950","202.02"
"2/15/1950","201.93"
"2/16/1950","201.69"
"2/17/1950","203.17"
"2/18/1950","203.97"
"2/20/1950","203.47"
"2/21/1950","203.35"
"2/23/1950","203.32"
"2/24/1950","204.15"
"2/25/1950","204.15"
"2/27/1950","204.33"
"2/28/1950","203.44"
"3/1/1950","203.62"
"3/2/1950","203.54"
"3/3/1950","204.48"
"3/4/1950","204.71"
"3/6/1950","204.88"
"3/7/1950","203.69"
"3/8/1950","203.71"
"3/9/1950","202.33"
"3/10/1950","202.44"
"3/11/1950","202.96"
"3/13/1950","203.09"
"3/14/1950","204.7"
"3/15/1950","207.46"
"3/16/1950","207.89"
"3/17/1950","207.57"
"3/18/1950","208.09"
"3/20/1950","207.78"
"3/21/1950","208.27"
"3/22/1950","209.31"
"3/23/1950","209.62"
"3/24/1950","209.78"
"3/25/1950","210.62"
"3/27/1950","209.1"
"3/28/1950","209.5"
"3/29/1950","208.4"
"3/30/1950","206.43"
"3/31/1950","206.05"
"4/1/1950","206.37"
"4/3/1950","208.44"
"4/4/1950","209.05"
"4/5/1950","210.34"
"4/6/1950","212.1"
"4/8/1950","212.55"
"4/10/1950","212.29"
"4/11/1950","211.47"
"4/12/1950","213.94"
"4/13/1950","214.13"
"4/14/1950","215.31"
"4/15/1950","214.48"
"4/17/1950","214.41"
"4/18/1950","215.05"
"4/19/1950","215.21"
"4/20/1950","213.72"
"4/21/1950","214.14"
"4/22/1950","213.9"
"4/24/1950","212.58"
"4/25/1950","212.55"
"4/26/1950","211.72"
"4/27/1950","212.44"
"4/28/1950","213.56"
"4/29/1950","214.33"
"5/1/1950","215.81"
"5/2/1950","214.87"
"5/3/1950","216.26"
"5/4/1950","214.87"
"5/5/1950","215.72"
"5/6/1950","217.03"
"5/8/1950","216.71"
"5/9/1950","217.4"
"5/10/1950","218.64"
"5/11/1950","218.72"
"5/12/1950","217.61"
"5/13/1950","217.78"
"5/15/1950","218.04"
"5/16/1950","219.7"
"5/17/1950","220.6"
"5/18/1950","220.63"
"5/19/1950","222.11"
"5/20/1950","222.41"
"5/22/1950","221.55"
"5/23/1950","222.47"
"5/24/1950","222.57"
"5/25/1950","222.44"
"5/26/1950","221.93"
"5/27/1950","221.71"
"5/29/1950","222.47"
"5/31/1950","223.42"
"6/1/1950","223.23"
"6/2/1950","223.71"
"6/5/1950","221.76"
"6/6/1950","223.46"
"6/7/1950","223.68"
"6/8/1950","225.52"
"6/9/1950","226.86"
"6/12/1950","228.38"
"6/13/1950","226.44"
"6/14/1950","223.32"
"6/15/1950","222.46"
"6/16/1950","222.71"
"6/19/1950","222.09"
"6/20/1950","220.72"
"6/21/1950","222.53"
"6/22/1950","224.51"
"6/23/1950","224.35"
"6/26/1950","213.91"
"6/27/1950","212.22"
"6/28/1950","214.68"
"6/29/1950","206.72"
"6/30/1950","209.11"
"7/3/1950","208.35"
"7/5/1950","210.03"
"7/6/1950","210.85"
"7/7/1950","208.59"
"7/10/1950","208.09"
"7/11/1950","204.6"
"7/12/1950","199.09"
"7/13/1950","197.46"
"7/14/1950","199.83"
"7/17/1950","197.63"
"7/18/1950","201.88"
"7/19/1950","205.13"
"7/20/1950","207.73"
"7/21/1950","207.65"
"7/24/1950","206.95"
"7/25/1950","203.83"
"7/26/1950","204.39"
"7/27/1950","206.37"
"7/28/1950","208.21"
"7/31/1950","209.4"
"8/1/1950","211.87"
"8/2/1950","211.26"
"8/3/1950","211.26"
"8/4/1950","212.66"
"8/7/1950","215.82"
"8/8/1950","215.44"
"8/9/1950","216.97"
"8/10/1950","216.64"
"8/11/1950","215.03"
"8/14/1950","215.31"
"8/15/1950","215.31"
"8/16/1950","215.78"
"8/17/1950","217.76"
"8/18/1950","219.23"
"8/21/1950","220.21"
"8/22/1950","219.79"
"8/23/1950","221.51"
"8/24/1950","221.13"
"8/25/1950","218.1"
"8/28/1950","218.55"
"8/29/1950","218.29"
"8/30/1950","217.05"
"8/31/1950","216.87"
"9/1/1950","218.42"
"9/5/1950","220.02"
"9/6/1950","218.2"
"9/7/1950","218.33"
"9/8/1950","220.03"
"9/11/1950","218.1"
"9/12/1950","220.81"
"9/13/1950","223.42"
"9/14/1950","224.48"
"9/15/1950","225.85"
"9/18/1950","226.78"
"9/19/1950","225.78"
"9/20/1950","224.33"
"9/21/1950","226.01"
"9/22/1950","226.64"
"9/25/1950","226.06"
"9/26/1950","222.84"
"9/27/1950","225.74"
"9/28/1950","225.93"
"9/29/1950","226.36"
"10/2/1950","228.94"
"10/3/1950","228.89"
"10/4/1950","231.15"
"10/5/1950","229.85"
"10/6/1950","231.74"
"10/7/1950","231.81"
"10/9/1950","230.02"
"10/10/1950","227.6"
"10/11/1950","228.97"
"10/13/1950","228.54"
"10/14/1950","227.63"
"10/16/1950","227.5"
"10/17/1950","229.22"
"10/18/1950","230.6"
"10/19/1950","230.83"
"10/20/1950","230.33"
"10/21/1950","230.88"
"10/23/1950","230.62"
"10/24/1950","231.39"
"10/25/1950","231.49"
"10/26/1950","226.65"
"10/27/1950","228.28"
"10/28/1950","228.56"
"10/30/1950","226.42"
"10/31/1950","225.01"
"11/1/1950","225.69"
"11/2/1950","227.25"
"11/3/1950","228.1"
"11/4/1950","227.42"
"11/6/1950","222.52"
"11/8/1950","224.25"
"11/9/1950","227.17"
"11/10/1950","229.29"
"11/13/1950","229.44"
"11/14/1950","229.54"
"11/15/1950","229.52"
"11/16/1950","228.94"
"11/17/1950","230.27"
"11/18/1950","231.64"
"11/20/1950","231.53"
"11/21/1950","231.16"
"11/22/1950","233.81"
"11/24/1950","235.47"
"11/25/1950","235.06"
"11/27/1950","234.96"
"11/28/1950","228.61"
"11/29/1950","226.42"
"11/30/1950","227.6"
"12/1/1950","228.89"
"12/2/1950","227.55"
"12/4/1950","222.33"
"12/5/1950","225.44"
"12/6/1950","226.16"
"12/7/1950","225.94"
"12/8/1950","226.74"
"12/9/1950","227.3"
"12/11/1950","229.19"
"12/12/1950","229.27"
"12/13/1950","228.82"
"12/14/1950","225.89"
"12/15/1950","224.7"
"12/16/1950","228.34"
"12/18/1950","231.01"
"12/19/1950","231.54"
"12/20/1950","231.2"
"12/21/1950","230.43"
"12/22/1950","231.54"
"12/26/1950","229.65"
"12/27/1950","234.21"
"12/28/1950","235.34"
"12/29/1950","235.42"
"12/30/1950","235.41"
"1/2/1951","239.92"
"1/3/1951","238.99"
"1/4/1951","240.86"
"1/5/1951","240.96"
"1/6/1951","240.68"
"1/8/1951","242.29"
"1/9/1951","243.5"
"1/10/1951","240.4"
"1/11/1951","244.72"
"1/12/1951","243.81"
"1/13/1951","243.61"
"1/15/1951","245.02"
"1/16/1951","246.65"
"1/17/1951","248.01"
"1/18/1951","247.39"
"1/19/1951","246.76"
"1/20/1951","246.91"
"1/22/1951","244.33"
"1/23/1951","245.3"
"1/24/1951","244.36"
"1/25/1951","242.22"
"1/26/1951","244.51"
"1/27/1951","247.36"
"1/29/1951","248.64"
"1/30/1951","249.58"
"1/31/1951","248.83"
"2/1/1951","250.76"
"2/2/1951","252.78"
"2/3/1951","253.92"
"2/5/1951","255.17"
"2/6/1951","254.62"
"2/7/1951","252.7"
"2/8/1951","253.34"
"2/9/1951","254.24"
"2/10/1951","254.8"
"2/13/1951","255.71"
"2/14/1951","255.1"
"2/15/1951","253.61"
"2/16/1951","254.9"
"2/17/1951","254.7"
"2/19/1951","251.67"
"2/20/1951","251.12"
"2/21/1951","252.28"
"2/23/1951","252.18"
"2/24/1951","252.93"
"2/26/1951","253.18"
"2/27/1951","251.34"
"2/28/1951","252.05"
"3/1/1951","252.8"
"3/2/1951","253.61"
"3/3/1951","253.43"
"3/5/1951","251.82"
"3/6/1951","251.55"
"3/7/1951","252.45"
"3/8/1951","252.81"
"3/9/1951","252.75"
"3/10/1951","252.02"
"3/12/1951","249.89"
"3/13/1951","245.88"
"3/14/1951","243.95"
"3/15/1951","244.85"
"3/16/1951","248.62"
"3/17/1951","249.03"
"3/19/1951","248.08"
"3/20/1951","247.87"
"3/21/1951","249.37"
"3/22/1951","250.52"
"3/24/1951","248.14"
"3/26/1951","249.13"
"3/27/1951","248.74"
"3/28/1951","246.19"
"3/29/1951","246.9"
"3/30/1951","248.53"
"3/31/1951","247.94"
"4/2/1951","246.63"
"4/3/1951","246.02"
"4/4/1951","247.31"
"4/5/1951","250.32"
"4/6/1951","250.83"
"4/7/1951","250.28"
"4/9/1951","250.57"
"4/10/1951","250.42"
"4/11/1951","249.76"
"4/12/1951","251.66"
"4/13/1951","254.75"
"4/14/1951","256.18"
"4/16/1951","254.85"
"4/17/1951","255.34"
"4/18/1951","256.01"
"4/19/1951","254.92"
"4/20/1951","254.82"
"4/21/1951","255.02"
"4/23/1951","255.12"
"4/24/1951","254.19"
"4/25/1951","254.75"
"4/26/1951","257.13"
"4/27/1951","258.96"
"4/28/1951","259.08"
"4/30/1951","259.13"
"5/1/1951","260.71"
"5/2/1951","261.27"
"5/3/1951","263.13"
"5/4/1951","262.77"
"5/5/1951","261.76"
"5/7/1951","261.23"
"5/8/1951","261.1"
"5/9/1951","261.49"
"5/10/1951","260.07"
"5/11/1951","258.56"
"5/12/1951","257.26"
"5/14/1951","256.08"
"5/15/1951","252.08"
"5/16/1951","252.14"
"5/17/1951","254.57"
"5/18/1951","250.1"
"5/19/1951","250.63"
"5/21/1951","249.98"
"5/22/1951","249.3"
"5/23/1951","247.03"
"5/24/1951","245.78"
"5/25/1951","245.27"
"5/26/1951","245.83"
"5/28/1951","247.03"
"5/29/1951","248.44"
"5/31/1951","249.65"
"6/1/1951","249.33"
"6/4/1951","246.79"
"6/5/1951","247.59"
"6/6/1951","249.64"
"6/7/1951","250.81"
"6/8/1951","250.39"
"6/11/1951","251.56"
"6/12/1951","250.57"
"6/13/1951","250.03"
"6/14/1951","252.46"
"6/15/1951","254.03"
"6/18/1951","253.8"
"6/19/1951","253.53"
"6/20/1951","251.86"
"6/21/1951","250.43"
"6/22/1951","247.86"
"6/25/1951","245.3"
"6/26/1951","246.28"
"6/27/1951","246.84"
"6/28/1951","244"
"6/29/1951","242.64"
"7/2/1951","243.98"
"7/3/1951","245.92"
"7/5/1951","250.27"
"7/6/1951","250.01"
"7/9/1951","250.65"
"7/10/1951","250"
"7/11/1951","250.97"
"7/12/1951","252.59"
"7/13/1951","254.32"
"7/16/1951","252.31"
"7/17/1951","253.89"
"7/18/1951","253.67"
"7/19/1951","253.75"
"7/20/1951","253.73"
"7/23/1951","255.68"
"7/24/1951","258.94"
"7/25/1951","258.11"
"7/26/1951","259.09"
"7/27/1951","259.23"
"7/30/1951","260.7"
"7/31/1951","257.86"
"8/1/1951","259.89"
"8/2/1951","262.89"
"8/3/1951","262.98"
"8/6/1951","265.21"
"8/7/1951","264.94"
"8/8/1951","263.73"
"8/9/1951","262.69"
"8/10/1951","261.92"
"8/13/1951","263.06"
"8/14/1951","262.88"
"8/15/1951","264.27"
"8/16/1951","265.48"
"8/17/1951","266.17"
"8/20/1951","266.19"
"8/21/1951","265.3"
"8/22/1951","264.07"
"8/23/1951","265.65"
"8/24/1951","266.3"
"8/27/1951","265.59"
"8/28/1951","265.56"
"8/29/1951","268.18"
"8/30/1951","269.94"
"8/31/1951","270.25"
"9/4/1951","270.63"
"9/5/1951","272.48"
"9/6/1951","272.28"
"9/7/1951","273.89"
"9/10/1951","275.25"
"9/11/1951","273.88"
"9/12/1951","275.31"
"9/13/1951","276.37"
"9/14/1951","276.06"
"9/17/1951","275.09"
"9/18/1951","274.38"
"9/19/1951","274.27"
"9/20/1951","274.1"
"9/21/1951","272.11"
"9/24/1951","270.77"
"9/25/1951","272.24"
"9/26/1951","272.24"
"9/27/1951","271.31"
"9/28/1951","271.16"
"10/1/1951","272.56"
"10/2/1951","274.34"
"10/3/1951","275.87"
"10/4/1951","275.35"
"10/5/1951","275.63"
"10/6/1951","275.53"
"10/8/1951","275.14"
"10/9/1951","273.38"
"10/10/1951","272.76"
"10/11/1951","274.1"
"10/13/1951","275.13"
"10/15/1951","275.74"
"10/16/1951","274.4"
"10/17/1951","273.53"
"10/18/1951","273.51"
"10/19/1951","269.68"
"10/20/1951","267.42"
"10/22/1951","262.29"
"10/23/1951","263.5"
"10/24/1951","264.95"
"10/25/1951","264.17"
"10/26/1951","262.27"
"10/27/1951","258.53"
"10/29/1951","260.43"
"10/30/1951","260.52"
"10/31/1951","262.35"
"11/1/1951","264.06"
"11/2/1951","261.94"
"11/3/1951","259.57"
"11/5/1951","259.76"
"11/7/1951","257.14"
"11/8/1951","257.14"
"11/9/1951","259.91"
"11/10/1951","261.29"
"11/13/1951","260.41"
"11/14/1951","261.27"
"11/15/1951","260.91"
"11/16/1951","260.39"
"11/17/1951","260.82"
"11/19/1951","259.7"
"11/20/1951","259.3"
"11/21/1951","258.72"
"11/23/1951","256.95"
"11/24/1951","255.95"
"11/26/1951","257.44"
"11/27/1951","259.46"
"11/28/1951","258.64"
"11/29/1951","258.96"
"11/30/1951","261.27"
"12/1/1951","262.29"
"12/3/1951","263.24"
"12/4/1951","264.29"
"12/5/1951","263.72"
"12/6/1951","266.23"
"12/7/1951","266.99"
"12/8/1951","266.9"
"12/10/1951","267.38"
"12/11/1951","265.77"
"12/12/1951","266.09"
"12/13/1951","265.81"
"12/14/1951","265.71"
"12/15/1951","265.48"
"12/17/1951","265.79"
"12/18/1951","266.61"
"12/19/1951","267.61"
"12/20/1951","267.45"
"12/21/1951","266.34"
"12/22/1951","265.94"
"12/24/1951","265.79"
"12/26/1951","264.06"
"12/27/1951","266.74"
"12/28/1951","268.18"
"12/29/1951","268.52"
"12/31/1951","269.23"
"1/2/1952","269.86"
"1/3/1952","270.38"
"1/4/1952","271.03"
"1/5/1952","271.26"
"1/7/1952","270.34"
"1/8/1952","268.66"
"1/9/1952","268.08"
"1/10/1952","269.46"
"1/11/1952","270.31"
"1/12/1952","270.73"
"1/14/1952","271.59"
"1/15/1952","270.46"
"1/16/1952","271.13"
"1/17/1952","271.91"
"1/18/1952","272.1"
"1/19/1952","272.93"
"1/21/1952","274.1"
"1/22/1952","275.4"
"1/23/1952","274.27"
"1/24/1952","273.9"
"1/25/1952","273.41"
"1/26/1952","273.69"
"1/28/1952","274.17"
"1/29/1952","274"
"1/30/1952","270.71"
"1/31/1952","270.69"
"2/1/1952","271.68"
"2/2/1952","272.51"
"2/4/1952","269.79"
"2/5/1952","269.04"
"2/6/1952","268.77"
"2/7/1952","268.35"
"2/8/1952","269.85"
"2/9/1952","269.83"
"2/11/1952","268.45"
"2/13/1952","266.21"
"2/14/1952","265.88"
"2/15/1952","266.27"
"2/16/1952","266.3"
"2/18/1952","265.35"
"2/19/1952","261.37"
"2/20/1952","258.49"
"2/21/1952","259.6"
"2/23/1952","261.4"
"2/25/1952","260.58"
"2/26/1952","259.3"
"2/27/1952","259.68"
"2/28/1952","260.49"
"2/29/1952","260.08"
"3/1/1952","260.27"
"3/3/1952","260.08"
"3/4/1952","263.95"
"3/5/1952","264.66"
"3/6/1952","264.03"
"3/7/1952","263.87"
"3/8/1952","264.14"
"3/10/1952","262.76"
"3/11/1952","262.76"
"3/12/1952","263.78"
"3/13/1952","264.24"
"3/14/1952","264.05"
"3/15/1952","264.43"
"3/17/1952","264.08"
"3/18/1952","264.1"
"3/19/1952","264.37"
"3/20/1952","265.33"
"3/21/1952","265.62"
"3/22/1952","265.69"
"3/24/1952","265.6"
"3/25/1952","264.28"
"3/26/1952","263.87"
"3/27/1952","265.21"
"3/28/1952","266.96"
"3/29/1952","269"
"3/31/1952","269.46"
"4/1/1952","267.22"
"4/2/1952","267.03"
"4/3/1952","266.8"
"4/4/1952","265.62"
"4/5/1952","265.44"
"4/7/1952","263.38"
"4/8/1952","265.29"
"4/9/1952","265.04"
"4/10/1952","265.75"
"4/12/1952","266.29"
"4/14/1952","264.1"
"4/15/1952","261.29"
"4/16/1952","261.48"
"4/17/1952","259.85"
"4/18/1952","260.52"
"4/19/1952","260.14"
"4/21/1952","261.63"
"4/22/1952","261.1"
"4/23/1952","259.97"
"4/24/1952","258.86"
"4/25/1952","259.8"
"4/26/1952","260.27"
"4/28/1952","259.95"
"4/29/1952","259.34"
"4/30/1952","257.63"
"5/1/1952","256.35"
"5/2/1952","260"
"5/3/1952","260.55"
"5/5/1952","261.54"
"5/6/1952","261.01"
"5/7/1952","261.99"
"5/8/1952","262.39"
"5/9/1952","262.74"
"5/10/1952","262.5"
"5/12/1952","261.72"
"5/13/1952","261.99"
"5/14/1952","260.99"
"5/15/1952","260.1"
"5/16/1952","259.82"
"5/17/1952","259.88"
"5/19/1952","260.06"
"5/20/1952","261.26"
"5/21/1952","261.78"
"5/22/1952","263.33"
"5/23/1952","263.27"
"5/24/1952","263.23"
"5/26/1952","264.22"
"5/27/1952","263.92"
"5/28/1952","262.78"
"5/29/1952","262.94"
"6/2/1952","262.31"
"6/3/1952","262.09"
"6/4/1952","263.67"
"6/5/1952","266.29"
"6/6/1952","268.03"
"6/9/1952","269.15"
"6/10/1952","267.67"
"6/11/1952","267.93"
"6/12/1952","267.91"
"6/13/1952","268.56"
"6/16/1952","267.83"
"6/17/1952","268.03"
"6/18/1952","267.09"
"6/19/1952","269.54"
"6/20/1952","270.19"
"6/23/1952","269.5"
"6/24/1952","269.92"
"6/25/1952","270.45"
"6/26/1952","271.24"
"6/27/1952","272.44"
"6/30/1952","274.26"
"7/1/1952","275.46"
"7/2/1952","274.87"
"7/3/1952","274.95"
"7/7/1952","274.2"
"7/8/1952","274.43"
"7/9/1952","273.25"
"7/10/1952","272.58"
"7/11/1952","274.22"
"7/14/1952","275.08"
"7/15/1952","276.76"
"7/16/1952","276.76"
"7/17/1952","275.62"
"7/18/1952","273.9"
"7/21/1952","274.91"
"7/22/1952","275.95"
"7/23/1952","277.63"
"7/24/1952","279.26"
"7/25/1952","277.71"
"7/28/1952","277.94"
"7/29/1952","278.57"
"7/30/1952","279.24"
"7/31/1952","279.56"
"8/1/1952","279.8"
"8/4/1952","279.87"
"8/5/1952","279.5"
"8/6/1952","279.07"
"8/7/1952","279.38"
"8/8/1952","279.84"
"8/11/1952","280.29"
"8/12/1952","278.14"
"8/13/1952","277.88"
"8/14/1952","277.75"
"8/15/1952","277.37"
"8/18/1952","274.31"
"8/19/1952","274.14"
"8/20/1952","274.35"
"8/21/1952","274.45"
"8/22/1952","274.43"
"8/25/1952","273.57"
"8/26/1952","273.17"
"8/27/1952","273.84"
"8/28/1952","274.41"
"8/29/1952","275.04"
"9/2/1952","276.4"
"9/3/1952","277.15"
"9/4/1952","276.76"
"9/5/1952","276.5"
"9/8/1952","275.87"
"9/9/1952","273.53"
"9/10/1952","271.65"
"9/11/1952","272.11"
"9/12/1952","271.02"
"9/15/1952","268.38"
"9/16/1952","269.03"
"9/17/1952","270.43"
"9/18/1952","269.72"
"9/19/1952","270.55"
"9/22/1952","270.77"
"9/23/1952","271.65"
"9/24/1952","272.26"
"9/25/1952","272.42"
"9/26/1952","271.95"
"9/29/1952","271.73"
"9/30/1952","270.61"
"10/1/1952","270.17"
"10/2/1952","270.75"
"10/3/1952","270.55"
"10/6/1952","270"
"10/7/1952","269.88"
"10/8/1952","271.4"
"10/9/1952","270.98"
"10/10/1952","270.61"
"10/14/1952","270.43"
"10/15/1952","267.12"
"10/16/1952","264.87"
"10/17/1952","267.3"
"10/20/1952","266.63"
"10/21/1952","265.84"
"10/22/1952","263.06"
"10/23/1952","263.87"
"10/24/1952","265.46"
"10/27/1952","265.9"
"10/28/1952","265.72"
"10/29/1952","265.46"
"10/30/1952","265.72"
"10/31/1952","269.23"
"11/3/1952","270.23"
"11/5/1952","271.3"
"11/6/1952","272.58"
"11/7/1952","273.47"
"11/10/1952","273.47"
"11/12/1952","271.97"
"11/13/1952","272.54"
"11/14/1952","273.27"
"11/17/1952","274.45"
"11/18/1952","278.04"
"11/19/1952","280.05"
"11/20/1952","279.5"
"11/21/1952","279.32"
"11/24/1952","281.08"
"11/25/1952","280.9"
"11/26/1952","282.44"
"11/28/1952","283.66"
"12/1/1952","283.7"
"12/2/1952","283.78"
"12/3/1952","282.89"
"12/4/1952","281.63"
"12/5/1952","282.06"
"12/8/1952","283.62"
"12/9/1952","285.12"
"12/10/1952","284.55"
"12/11/1952","284.57"
"12/12/1952","285.2"
"12/15/1952","285.99"
"12/16/1952","286.16"
"12/17/1952","285.67"
"12/18/1952","285.36"
"12/19/1952","286.52"
"12/22/1952","288.02"
"12/23/1952","286.99"
"12/24/1952","287.37"
"12/26/1952","288.23"
"12/29/1952","289.65"
"12/30/1952","292"
"12/31/1952","291.9"
"1/2/1953","292.14"
"1/5/1953","293.79"
"1/6/1953","292.18"
"1/7/1953","290.76"
"1/8/1953","290.36"
"1/9/1953","287.52"
"1/12/1953","285.24"
"1/13/1953","286.85"
"1/14/1953","287.37"
"1/15/1953","288.18"
"1/16/1953","287.17"
"1/19/1953","286.97"
"1/20/1953","288"
"1/21/1953","287.6"
"1/22/1953","287.84"
"1/23/1953","286.89"
"1/26/1953","286.54"
"1/27/1953","286.81"
"1/28/1953","287.39"
"1/29/1953","287.96"
"1/30/1953","289.77"
"2/2/1953","290.03"
"2/3/1953","290.19"
"2/4/1953","289.08"
"2/5/1953","286.2"
"2/6/1953","282.85"
"2/9/1953","281.96"
"2/10/1953","281.67"
"2/11/1953","281.57"
"2/13/1953","283.11"
"2/16/1953","282.18"
"2/17/1953","281.51"
"2/18/1953","281.14"
"2/19/1953","281.55"
"2/20/1953","281.89"
"2/24/1953","282.99"
"2/25/1953","284.45"
"2/26/1953","284.35"
"2/27/1953","284.27"
"3/2/1953","284.71"
"3/3/1953","285.99"
"3/4/1953","283.7"
"3/5/1953","283.86"
"3/6/1953","284.82"
"3/9/1953","284.9"
"3/10/1953","285.22"
"3/11/1953","288.02"
"3/12/1953","288"
"3/13/1953","289.04"
"3/16/1953","289.52"
"3/17/1953","290.64"
"3/18/1953","290.32"
"3/19/1953","289.97"
"3/20/1953","289.69"
"3/23/1953","287.39"
"3/24/1953","288.83"
"3/25/1953","287.98"
"3/26/1953","286.6"
"3/27/1953","287.33"
"3/30/1953","283.07"
"3/31/1953","279.87"
"4/1/1953","280.09"
"4/2/1953","280.03"
"4/6/1953","274.1"
"4/7/1953","275.16"
"4/8/1953","276.84"
"4/9/1953","276.23"
"4/10/1953","275.5"
"4/13/1953","274.73"
"4/14/1953","275.85"
"4/15/1953","277.35"
"4/16/1953","276.74"
"4/17/1953","274.41"
"4/20/1953","275.99"
"4/21/1953","275.48"
"4/22/1953","273.55"
"4/23/1953","270.73"
"4/24/1953","271.26"
"4/27/1953","272.7"
"4/28/1953","273.96"
"4/29/1953","275.38"
"4/30/1953","274.75"
"5/1/1953","275.66"
"5/4/1953","278.34"
"5/5/1953","278.22"
"5/6/1953","278.14"
"5/7/1953","277.43"
"5/8/1953","278.22"
"5/11/1953","278.79"
"5/12/1953","277.09"
"5/13/1953","276.8"
"5/14/1953","277.96"
"5/15/1953","277.9"
"5/18/1953","276.92"
"5/19/1953","275.91"
"5/20/1953","278.04"
"5/21/1953","278.51"
"5/22/1953","278.16"
"5/25/1953","277.47"
"5/26/1953","276.37"
"5/27/1953","273.96"
"5/28/1953","271.48"
"5/29/1953","272.28"
"6/1/1953","268.4"
"6/2/1953","269.84"
"6/3/1953","269.6"
"6/4/1953","267.63"
"6/5/1953","268.32"
"6/8/1953","267.91"
"6/9/1953","263.39"
"6/10/1953","263.35"
"6/11/1953","264.99"
"6/12/1953","265.78"
"6/15/1953","263.87"
"6/16/1953","262.88"
"6/17/1953","265.74"
"6/18/1953","265.86"
"6/19/1953","265.8"
"6/22/1953","267.26"
"6/23/1953","268.48"
"6/24/1953","267.79"
"6/25/1953","268.93"
"6/26/1953","269.05"
"6/29/1953","268.2"
"6/30/1953","268.26"
"7/1/1953","269.39"
"7/2/1953","270.23"
"7/3/1953","270.53"
"7/6/1953","270.88"
"7/7/1953","272.13"
"7/8/1953","272.19"
"7/9/1953","271.32"
"7/10/1953","271.06"
"7/13/1953","268.52"
"7/14/1953","268.06"
"7/15/1953","268.75"
"7/16/1953","269.41"
"7/17/1953","270.96"
"7/20/1953","269.74"
"7/21/1953","268.99"
"7/22/1953","269.39"
"7/23/1953","269.94"
"7/24/1953","269.76"
"7/27/1953","268.46"
"7/28/1953","269.13"
"7/29/1953","270.43"
"7/30/1953","272.82"
"7/31/1953","275.38"
"8/3/1953","276.13"
"8/4/1953","275.68"
"8/5/1953","275.08"
"8/6/1953","275.77"
"8/7/1953","275.54"
"8/10/1953","275.32"
"8/11/1953","275.3"
"8/12/1953","276.42"
"8/13/1953","276.74"
"8/14/1953","275.71"
"8/17/1953","275.04"
"8/18/1953","273.29"
"8/19/1953","271.5"
"8/20/1953","271.73"
"8/21/1953","271.93"
"8/24/1953","268.7"
"8/25/1953","267.45"
"8/26/1953","266.51"
"8/27/1953","265.68"
"8/28/1953","265.74"
"8/31/1953","261.22"
"9/1/1953","262.54"
"9/2/1953","263.96"
"9/3/1953","263.61"
"9/4/1953","264.34"
"9/8/1953","265.42"
"9/9/1953","265.48"
"9/10/1953","262.88"
"9/11/1953","259.71"
"9/14/1953","255.49"
"9/15/1953","257.67"
"9/16/1953","259.07"
"9/17/1953","259.88"
"9/18/1953","258.78"
"9/21/1953","258.01"
"9/22/1953","261.28"
"9/23/1953","262.35"
"9/24/1953","262.45"
"9/25/1953","263.31"
"9/28/1953","264.79"
"9/29/1953","264.77"
"9/30/1953","264.04"
"10/1/1953","265.68"
"10/2/1953","266.7"
"10/5/1953","265.48"
"10/6/1953","264.26"
"10/7/1953","266.53"
"10/8/1953","266.72"
"10/9/1953","267.04"
"10/13/1953","266.09"
"10/14/1953","267.51"
"10/15/1953","271.22"
"10/16/1953","272.8"
"10/19/1953","273.31"
"10/20/1953","273.9"
"10/21/1953","273.74"
"10/22/1953","274.89"
"10/23/1953","275.34"
"10/26/1953","274.43"
"10/27/1953","273.35"
"10/28/1953","274.14"
"10/29/1953","276.31"
"10/30/1953","275.81"
"11/2/1953","276.72"
"11/4/1953","276.82"
"11/5/1953","279.09"
"11/6/1953","278.83"
"11/9/1953","278.26"
"11/10/1953","275.89"
"11/12/1953","276.23"
"11/13/1953","277.53"
"11/16/1953","275.93"
"11/17/1953","273.88"
"11/18/1953","274.51"
"11/19/1953","276.09"
"11/20/1953","276.05"
"11/23/1953","275.42"
"11/24/1953","277.13"
"11/25/1953","277.78"
"11/27/1953","280.23"
"11/30/1953","281.37"
"12/1/1953","281.1"
"12/2/1953","282.81"
"12/3/1953","283.25"
"12/4/1953","282.71"
"12/7/1953","282"
"12/8/1953","281.45"
"12/9/1953","281.12"
"12/10/1953","279.89"
"12/11/1953","279.91"
"12/14/1953","279.26"
"12/15/1953","279.52"
"12/16/1953","282.87"
"12/17/1953","282.67"
"12/18/1953","283.54"
"12/21/1953","282.99"
"12/22/1953","279.99"
"12/23/1953","279.84"
"12/24/1953","280.92"
"12/28/1953","279.91"
"12/29/1953","278.3"
"12/30/1953","280.43"
"12/31/1953","280.9"
"1/4/1954","282.89"
"1/5/1954","284.19"
"1/6/1954","283.96"
"1/7/1954","282.6"
"1/8/1954","281.51"
"1/11/1954","279.87"
"1/12/1954","281.51"
"1/13/1954","283.03"
"1/14/1954","284.49"
"1/15/1954","286.72"
"1/18/1954","286.03"
"1/19/1954","288.27"
"1/20/1954","289.14"
"1/21/1954","289.48"
"1/22/1954","289.65"
"1/25/1954","290.4"
"1/26/1954","292.85"
"1/27/1954","292.22"
"1/28/1954","291.51"
"1/29/1954","292.39"
"2/1/1954","291.84"
"2/2/1954","291.17"
"2/3/1954","292.32"
"2/4/1954","294.03"
"2/5/1954","293.97"
"2/8/1954","293.58"
"2/9/1954","293.79"
"2/10/1954","292.95"
"2/11/1954","292.45"
"2/12/1954","293.99"
"2/15/1954","292.53"
"2/16/1954","289.61"
"2/17/1954","290.11"
"2/18/1954","291.51"
"2/19/1954","291.07"
"2/23/1954","290.03"
"2/24/1954","289.54"
"2/25/1954","291.41"
"2/26/1954","294.54"
"3/1/1954","296.55"
"3/2/1954","297.48"
"3/3/1954","297.03"
"3/4/1954","297.48"
"3/5/1954","299.45"
"3/8/1954","298.64"
"3/9/1954","299.45"
"3/10/1954","299.59"
"3/11/1954","300.83"
"3/12/1954","299.71"
"3/15/1954","298.88"
"3/16/1954","298.09"
"3/17/1954","298.31"
"3/18/1954","300.1"
"3/19/1954","301.44"
"3/22/1954","301.6"
"3/23/1954","299.02"
"3/24/1954","296.89"
"3/25/1954","296.4"
"3/26/1954","299.08"
"3/29/1954","300.06"
"3/30/1954","300.89"
"3/31/1954","303.51"
"4/1/1954","306.27"
"4/2/1954","306.67"
"4/5/1954","307.04"
"4/6/1954","304.26"
"4/7/1954","305.41"
"4/8/1954","307.79"
"4/9/1954","309.39"
"4/12/1954","309.19"
"4/13/1954","308.98"
"4/14/1954","311.76"
"4/15/1954","313.77"
"4/19/1954","311.78"
"4/20/1954","311.89"
"4/21/1954","310.91"
"4/22/1954","311.48"
"4/23/1954","313.37"
"4/26/1954","314.54"
"4/27/1954","313.49"
"4/28/1954","313.75"
"4/29/1954","318.22"
"4/30/1954","319.33"
"5/3/1954","319.35"
"5/4/1954","319.82"
"5/5/1954","317.93"
"5/6/1954","320.41"
"5/7/1954","321.3"
"5/10/1954","321.32"
"5/11/1954","319.74"
"5/12/1954","321.61"
"5/13/1954","320.39"
"5/14/1954","322.5"
"5/17/1954","323.33"
"5/18/1954","324.14"
"5/19/1954","323.21"
"5/20/1954","323.88"
"5/21/1954","326.09"
"5/24/1954","326.09"
"5/25/1954","325.02"
"5/26/1954","327.11"
"5/27/1954","326.37"
"5/28/1954","327.49"
"6/1/1954","328.67"
"6/2/1954","328.36"
"6/3/1954","328.63"
"6/4/1954","327.63"
"6/7/1954","327.96"
"6/8/1954","321"
"6/9/1954","319.27"
"6/10/1954","320.12"
"6/11/1954","322.09"
"6/14/1954","322.65"
"6/15/1954","325.21"
"6/16/1954","327.28"
"6/17/1954","327.21"
"6/18/1954","327.91"
"6/21/1954","328.56"
"6/22/1954","329.51"
"6/23/1954","330.72"
"6/24/1954","332.2"
"6/25/1954","332.53"
"6/28/1954","336.12"
"6/29/1954","336.9"
"6/30/1954","333.53"
"7/1/1954","334.12"
"7/2/1954","337.66"
"7/6/1954","341.12"
"7/7/1954","340.34"
"7/8/1954","339.81"
"7/9/1954","341.25"
"7/12/1954","340.91"
"7/13/1954","340.04"
"7/14/1954","340.44"
"7/15/1954","341.06"
"7/16/1954","339.96"
"7/19/1954","338.64"
"7/20/1954","337.62"
"7/21/1954","339.98"
"7/22/1954","342.97"
"7/23/1954","343.48"
"7/26/1954","343.39"
"7/27/1954","344.69"
"7/28/1954","345.11"
"7/29/1954","346.15"
"7/30/1954","347.92"
"8/2/1954","349.57"
"8/3/1954","349.61"
"8/4/1954","349.74"
"8/5/1954","347.79"
"8/6/1954","343.06"
"8/9/1954","340.87"
"8/10/1954","343.56"
"8/11/1954","346.41"
"8/12/1954","345.84"
"8/13/1954","346.64"
"8/16/1954","349.61"
"8/17/1954","348.38"
"8/18/1954","348.51"
"8/19/1954","349.89"
"8/20/1954","350.38"
"8/23/1954","347.64"
"8/24/1954","346.32"
"8/25/1954","344.6"
"8/26/1954","343.35"
"8/27/1954","344.48"
"8/30/1954","341.25"
"8/31/1954","335.8"
"9/1/1954","338.13"
"9/2/1954","341.15"
"9/3/1954","343.1"
"9/7/1954","345.37"
"9/8/1954","346.07"
"9/9/1954","346.73"
"9/10/1954","347.83"
"9/13/1954","351.1"
"9/14/1954","351.78"
"9/15/1954","350.63"
"9/16/1954","352.37"
"9/17/1954","355.32"
"9/20/1954","353.48"
"9/21/1954","356.4"
"9/22/1954","358.36"
"9/23/1954","359.63"
"9/24/1954","361.67"
"9/27/1954","362.26"
"9/28/1954","363.32"
"9/29/1954","361.73"
"9/30/1954","360.46"
"10/1/1954","359.88"
"10/4/1954","362.73"
"10/5/1954","363.37"
"10/6/1954","364.43"
"10/7/1954","363.79"
"10/8/1954","363.77"
"10/11/1954","361.43"
"10/12/1954","359.57"
"10/13/1954","358.91"
"10/14/1954","354.69"
"10/15/1954","353.2"
"10/18/1954","354.35"
"10/19/1954","354.75"
"10/20/1954","357.42"
"10/21/1954","358.08"
"10/22/1954","358.61"
"10/25/1954","356.34"
"10/26/1954","356.32"
"10/27/1954","355.73"
"10/28/1954","354.56"
"10/29/1954","352.14"
"11/1/1954","353.96"
"11/3/1954","361.5"
"11/4/1954","366.95"
"11/5/1954","366"
"11/8/1954","369.46"
"11/9/1954","371.07"
"11/10/1954","371.88"
"11/11/1954","374.91"
"11/12/1954","377.1"
"11/15/1954","376.74"
"11/16/1954","379.39"
"11/17/1954","379.69"
"11/18/1954","377.44"
"11/19/1954","378.01"
"11/22/1954","379.47"
"11/23/1954","382.74"
"11/24/1954","384.63"
"11/26/1954","387.79"
"11/29/1954","388.51"
"11/30/1954","386.77"
"12/1/1954","384.04"
"12/2/1954","385.63"
"12/3/1954","389.6"
"12/6/1954","392.48"
"12/7/1954","393.88"
"12/8/1954","393.08"
"12/9/1954","391.53"
"12/10/1954","390.08"
"12/13/1954","389.79"
"12/14/1954","387.03"
"12/15/1954","388.92"
"12/16/1954","393.14"
"12/17/1954","394.94"
"12/20/1954","397.32"
"12/21/1954","398.11"
"12/22/1954","397.07"
"12/23/1954","397.15"
"12/27/1954","393.88"
"12/28/1954","398.51"
"12/29/1954","401.97"
"12/30/1954","401.97"
"12/31/1954","404.39"
"1/3/1955","408.89"
"1/4/1955","406.17"
"1/5/1955","397.24"
"1/6/1955","391.89"
"1/7/1955","395.6"
"1/10/1955","400.89"
"1/11/1955","400.25"
"1/12/1955","399.78"
"1/13/1955","398.34"
"1/14/1955","396.54"
"1/17/1955","388.2"
"1/18/1955","390.98"
"1/19/1955","392.31"
"1/20/1955","393.03"
"1/21/1955","395.9"
"1/24/1955","396"
"1/25/1955","397"
"1/26/1955","401.97"
"1/27/1955","402.6"
"1/28/1955","404.68"
"1/31/1955","408.83"
"2/1/1955","409.7"
"2/2/1955","407.11"
"2/3/1955","405.85"
"2/4/1955","409.76"
"2/7/1955","409.59"
"2/8/1955","405.7"
"2/9/1955","410.32"
"2/10/1955","412.89"
"2/11/1955","413.99"
"2/14/1955","411.39"
"2/15/1955","411.95"
"2/16/1955","409.98"
"2/17/1955","410.41"
"2/18/1955","411.63"
"2/21/1955","411.28"
"2/23/1955","411.48"
"2/24/1955","410.3"
"2/25/1955","409.5"
"2/28/1955","411.87"
"3/1/1955","413.71"
"3/2/1955","417.18"
"3/3/1955","418.33"
"3/4/1955","419.68"
"3/7/1955","416.84"
"3/8/1955","409.13"
"3/9/1955","404.9"
"3/10/1955","406.83"
"3/11/1955","401.08"
"3/14/1955","391.36"
"3/15/1955","399.28"
"3/16/1955","403.14"
"3/17/1955","405.23"
"3/18/1955","404.75"
"3/21/1955","402.4"
"3/22/1955","404.47"
"3/23/1955","410.87"
"3/24/1955","414.49"
"3/25/1955","414.77"
"3/28/1955","412.91"
"3/29/1955","413.73"
"3/30/1955","410.13"
"3/31/1955","409.7"
"4/1/1955","413.84"
"4/4/1955","412.97"
"4/5/1955","415.9"
"4/6/1955","416.42"
"4/7/1955","418.2"
"4/11/1955","418.77"
"4/12/1955","420.94"
"4/13/1955","421.57"
"4/14/1955","422.46"
"4/15/1955","425.45"
"4/18/1955","428.42"
"4/19/1955","427.88"
"4/20/1955","428.62"
"4/21/1955","428.45"
"4/22/1955","425.52"
"4/25/1955","426.86"
"4/26/1955","430.64"
"4/27/1955","428.1"
"4/28/1955","423.19"
"4/29/1955","425.65"
"5/2/1955","426.3"
"5/3/1955","422.78"
"5/4/1955","422.54"
"5/5/1955","423.39"
"5/6/1955","423.84"
"5/9/1955","424.32"
"5/10/1955","423.8"
"5/11/1955","420.29"
"5/12/1955","418.2"
"5/13/1955","419.57"
"5/16/1955","415.01"
"5/17/1955","414.12"
"5/18/1955","417.83"
"5/19/1955","419.72"
"5/20/1955","422.89"
"5/23/1955","420.32"
"5/24/1955","420.39"
"5/25/1955","421.77"
"5/26/1955","424.95"
"5/27/1955","425.66"
"5/31/1955","424.86"
"6/1/1955","424.88"
"6/2/1955","425.8"
"6/3/1955","428.53"
"6/6/1955","431.49"
"6/7/1955","434.55"
"6/8/1955","436.95"
"6/9/1955","435.07"
"6/10/1955","437.72"
"6/13/1955","440.17"
"6/14/1955","438.2"
"6/15/1955","441.93"
"6/16/1955","442.48"
"6/17/1955","444.08"
"6/20/1955","444.38"
"6/21/1955","446.8"
"6/22/1955","447.37"
"6/23/1955","448.82"
"6/24/1955","448.93"
"6/27/1955","449.86"
"6/28/1955","449.02"
"6/29/1955","449.7"
"6/30/1955","451.38"
"7/1/1955","453.82"
"7/5/1955","459.42"
"7/6/1955","467.41"
"7/7/1955","460.23"
"7/8/1955","461.18"
"7/11/1955","464.24"
"7/12/1955","462.97"
"7/13/1955","457.4"
"7/14/1955","458.49"
"7/15/1955","460.23"
"7/18/1955","460.07"
"7/19/1955","456.72"
"7/20/1955","458.1"
"7/21/1955","461.07"
"7/22/1955","464.69"
"7/25/1955","468.02"
"7/26/1955","468.41"
"7/27/1955","468.45"
"7/28/1955","466.46"
"7/29/1955","465.85"
"8/1/1955","460.25"
"8/2/1955","460.82"
"8/3/1955","460.98"
"8/4/1955","454.18"
"8/5/1955","456.4"
"8/8/1955","454.05"
"8/9/1955","448.84"
"8/10/1955","450.29"
"8/11/1955","455.18"
"8/12/1955","457.01"
"8/15/1955","456.09"
"8/16/1955","453.26"
"8/17/1955","452.85"
"8/18/1955","452.53"
"8/19/1955","453.57"
"8/22/1955","452.55"
"8/23/1955","457.35"
"8/24/1955","459.39"
"8/25/1955","461.27"
"8/26/1955","463.7"
"8/29/1955","464.37"
"8/30/1955","464.67"
"8/31/1955","468.18"
"9/1/1955","469.63"
"9/2/1955","472.53"
"9/6/1955","476.24"
"9/7/1955","475.2"
"9/8/1955","475.06"
"9/9/1955","474.59"
"9/12/1955","476.51"
"9/13/1955","480.93"
"9/14/1955","482.9"
"9/15/1955","481.56"
"9/16/1955","483.67"
"9/19/1955","483.8"
"9/20/1955","483.67"
"9/21/1955","485.98"
"9/22/1955","485.96"
"9/23/1955","487.45"
"9/26/1955","455.56"
"9/27/1955","465.93"
"9/28/1955","472.61"
"9/29/1955","468.68"
"9/30/1955","466.62"
"10/3/1955","455.7"
"10/4/1955","458.85"
"10/5/1955","461.14"
"10/6/1955","458.19"
"10/7/1955","454.41"
"10/10/1955","441.14"
"10/11/1955","438.59"
"10/12/1955","445.58"
"10/13/1955","444.91"
"10/14/1955","444.68"
"10/17/1955","446.13"
"10/18/1955","448.58"
"10/19/1955","453.09"
"10/20/1955","457.66"
"10/21/1955","458.47"
"10/24/1955","460.82"
"10/25/1955","458.4"
"10/26/1955","455.72"
"10/27/1955","453.77"
"10/28/1955","454.85"
"10/31/1955","454.87"
"11/1/1955","454.89"
"11/2/1955","454.92"
"11/3/1955","461.97"
"11/4/1955","467.35"
"11/7/1955","470.58"
"11/9/1955","473.9"
"11/10/1955","472.52"
"11/11/1955","476.54"
"11/14/1955","484.88"
"11/15/1955","487.07"
"11/16/1955","487.38"
"11/17/1955","485.26"
"11/18/1955","482.91"
"11/21/1955","477.3"
"11/22/1955","481.91"
"11/23/1955","482.62"
"11/25/1955","482.88"
"11/28/1955","480.96"
"11/29/1955","482.6"
"11/30/1955","483.26"
"12/1/1955","481.39"
"12/2/1955","482.72"
"12/5/1955","487.16"
"12/6/1955","486.73"
"12/7/1955","486.35"
"12/8/1955","487.8"
"12/9/1955","487.64"
"12/12/1955","483.72"
"12/13/1955","484.29"
"12/14/1955","480.84"
"12/15/1955","480.72"
"12/16/1955","482.08"
"12/19/1955","481.8"
"12/20/1955","481.84"
"12/21/1955","485.49"
"12/22/1955","486.08"
"12/23/1955","486.59"
"12/27/1955","485.81"
"12/28/1955","484.22"
"12/29/1955","484.56"
"12/30/1955","488.4"
"1/3/1956","485.78"
"1/4/1956","484"
"1/5/1956","484.02"
"1/6/1956","485.68"
"1/9/1956","479.74"
"1/10/1956","476.12"
"1/11/1956","478.42"
"1/12/1956","481.8"
"1/13/1956","481.8"
"1/16/1956","476.24"
"1/17/1956","477.73"
"1/18/1956","472.89"
"1/19/1956","468.49"
"1/20/1956","464.4"
"1/23/1956","462.35"
"1/24/1956","467.88"
"1/25/1956","470.71"
"1/26/1956","466.82"
"1/27/1956","466.56"
"1/30/1956","467.56"
"1/31/1956","470.74"
"2/1/1956","473.28"
"2/2/1956","473.43"
"2/3/1956","477.44"
"2/6/1956","478.57"
"2/7/1956","476.56"
"2/8/1956","471.23"
"2/9/1956","467.22"
"2/10/1956","467.66"
"2/13/1956","467.17"
"2/14/1956","465.72"
"2/15/1956","470.64"
"2/16/1956","469.61"
"2/17/1956","477.05"
"2/20/1956","476.46"
"2/21/1956","476.93"
"2/23/1956","481.5"
"2/24/1956","485.66"
"2/27/1956","485"
"2/28/1956","485.71"
"2/29/1956","483.65"
"3/1/1956","486.69"
"3/2/1956","488.84"
"3/5/1956","491.68"
"3/6/1956","491.41"
"3/7/1956","491.26"
"3/8/1956","492.36"
"3/9/1956","497.84"
"3/12/1956","500.24"
"3/13/1956","499.33"
"3/14/1956","503.88"
"3/15/1956","507.5"
"3/16/1956","507.6"
"3/19/1956","509.76"
"3/20/1956","512.62"
"3/21/1956","507.92"
"3/22/1956","510.94"
"3/23/1956","513.03"
"3/26/1956","512.42"
"3/27/1956","508.68"
"3/28/1956","510.25"
"3/29/1956","511.79"
"4/2/1956","515.1"
"4/3/1956","515.91"
"4/4/1956","518.65"
"4/5/1956","516.57"
"4/6/1956","521.05"
"4/9/1956","518.52"
"4/10/1956","510.04"
"4/11/1956","512.7"
"4/12/1956","509.15"
"4/13/1956","509.99"
"4/16/1956","509.15"
"4/17/1956","507.95"
"4/18/1956","506.55"
"4/19/1956","504.33"
"4/20/1956","507.2"
"4/23/1956","507.28"
"4/24/1956","503.36"
"4/25/1956","503.02"
"4/26/1956","507.12"
"4/27/1956","512.03"
"4/30/1956","516.12"
"5/1/1956","513.96"
"5/2/1956","512.78"
"5/3/1956","514.03"
"5/4/1956","516.44"
"5/7/1956","512.89"
"5/8/1956","509.13"
"5/9/1956","508.16"
"5/10/1956","501.56"
"5/11/1956","501.25"
"5/14/1956","497.28"
"5/15/1956","494.83"
"5/16/1956","492.69"
"5/17/1956","496.63"
"5/18/1956","496.39"
"5/21/1956","491.62"
"5/22/1956","484.13"
"5/23/1956","480.16"
"5/24/1956","473.51"
"5/25/1956","472.49"
"5/28/1956","468.81"
"5/29/1956","477.68"
"5/31/1956","478.05"
"6/1/1956","480.63"
"6/4/1956","483.22"
"6/5/1956","483.19"
"6/6/1956","480.54"
"6/7/1956","482.99"
"6/8/1956","475.29"
"6/11/1956","479.41"
"6/12/1956","485.49"
"6/13/1956","487.08"
"6/14/1956","485.52"
"6/15/1956","485.91"
"6/18/1956","483.91"
"6/19/1956","484.52"
"6/20/1956","485"
"6/21/1956","488.26"
"6/22/1956","487.95"
"6/25/1956","486.43"
"6/26/1956","489.37"
"6/27/1956","492.04"
"6/28/1956","492.5"
"6/29/1956","492.78"
"7/2/1956","491.92"
"7/3/1956","495.74"
"7/5/1956","500.54"
"7/6/1956","504.15"
"7/9/1956","506.52"
"7/10/1956","508.34"
"7/11/1956","509.65"
"7/12/1956","507.44"
"7/13/1956","511.1"
"7/16/1956","512.98"
"7/17/1956","514.43"
"7/18/1956","513.39"
"7/19/1956","513.86"
"7/20/1956","514.57"
"7/23/1956","513.61"
"7/24/1956","513.17"
"7/25/1956","514.13"
"7/26/1956","515.85"
"7/27/1956","512.3"
"7/30/1956","513.42"
"7/31/1956","517.81"
"8/1/1956","518.69"
"8/2/1956","520.95"
"8/3/1956","520.27"
"8/6/1956","513.88"
"8/7/1956","515.88"
"8/8/1956","518.74"
"8/9/1956","519.04"
"8/10/1956","517.38"
"8/13/1956","514.4"
"8/14/1956","517.27"
"8/15/1956","517.7"
"8/16/1956","517.19"
"8/17/1956","515.79"
"8/20/1956","511.24"
"8/21/1956","505.43"
"8/22/1956","502.34"
"8/23/1956","507.06"
"8/24/1956","507.91"
"8/27/1956","505.7"
"8/28/1956","503.05"
"8/29/1956","500.9"
"8/30/1956","495.96"
"8/31/1956","502.04"
"9/4/1956","507.66"
"9/5/1956","509.82"
"9/6/1956","509.49"
"9/7/1956","506.76"
"9/10/1956","505.56"
"9/11/1956","502.16"
"9/12/1956","499.97"
"9/13/1956","499.69"
"9/14/1956","500.32"
"9/17/1956","498.76"
"9/18/1956","493.45"
"9/19/1956","488.72"
"9/20/1956","487.13"
"9/21/1956","490.33"
"9/24/1956","487.7"
"9/25/1956","481.08"
"9/26/1956","481.6"
"9/27/1956","479.76"
"9/28/1956","475.25"
"10/1/1956","468.7"
"10/2/1956","475.41"
"10/3/1956","482.04"
"10/4/1956","481.24"
"10/5/1956","482.39"
"10/8/1956","483.38"
"10/9/1956","481.32"
"10/10/1956","487.32"
"10/11/1956","488.06"
"10/12/1956","490.19"
"10/15/1956","489.4"
"10/16/1956","487.57"
"10/17/1956","484.66"
"10/18/1956","486.31"
"10/19/1956","486.12"
"10/22/1956","485.27"
"10/23/1956","485.05"
"10/24/1956","482.67"
"10/25/1956","481.08"
"10/26/1956","486.06"
"10/29/1956","486.94"
"10/30/1956","486.47"
"10/31/1956","479.85"
"11/1/1956","487.62"
"11/2/1956","490.47"
"11/5/1956","495.37"
"11/7/1956","491.15"
"11/8/1956","488.72"
"11/9/1956","485.35"
"11/12/1956","487.05"
"11/13/1956","486.69"
"11/14/1956","482.36"
"11/15/1956","480.2"
"11/16/1956","480.67"
"11/19/1956","474.56"
"11/20/1956","470.07"
"11/21/1956","467.91"
"11/23/1956","472.56"
"11/26/1956","470.29"
"11/27/1956","470.18"
"11/28/1956","466.1"
"11/29/1956","466.62"
"11/30/1956","472.78"
"12/3/1956","480.61"
"12/4/1956","481.38"
"12/5/1956","488.55"
"12/6/1956","492.74"
"12/7/1956","494.79"
"12/10/1956","493.18"
"12/11/1956","490.36"
"12/12/1956","487.51"
"12/13/1956","490.47"
"12/14/1956","492.08"
"12/17/1956","493.75"
"12/18/1956","495.09"
"12/19/1956","493.81"
"12/20/1956","490.44"
"12/21/1956","494.38"
"12/26/1956","496.74"
"12/27/1956","496.38"
"12/28/1956","496.41"
"12/31/1956","499.47"
"1/2/1957","496.03"
"1/3/1957","499.2"
"1/4/1957","498.22"
"1/7/1957","495.2"
"1/8/1957","493.86"
"1/9/1957","493.21"
"1/10/1957","495.51"
"1/11/1957","493.81"
"1/14/1957","489.29"
"1/15/1957","484.75"
"1/16/1957","485.05"
"1/17/1957","484.01"
"1/18/1957","477.46"
"1/21/1957","475.9"
"1/22/1957","477.49"
"1/23/1957","479.93"
"1/24/1957","481.3"
"1/25/1957","478.34"
"1/28/1957","474.59"
"1/29/1957","476.92"
"1/30/1957","480.53"
"1/31/1957","479.16"
"2/1/1957","477.22"
"2/4/1957","477.19"
"2/5/1957","469.96"
"2/6/1957","470.81"
"2/7/1957","468.71"
"2/8/1957","466.29"
"2/11/1957","457.44"
"2/12/1957","454.82"
"2/13/1957","462.14"
"2/14/1957","461.56"
"2/15/1957","468.07"
"2/18/1957","467.4"
"2/19/1957","466.84"
"2/20/1957","469"
"2/21/1957","466.93"
"2/25/1957","466.9"
"2/26/1957","467.72"
"2/27/1957","466.26"
"2/28/1957","464.62"
"3/1/1957","468.91"
"3/4/1957","471.48"
"3/5/1957","472.88"
"3/6/1957","474.87"
"3/7/1957","474.17"
"3/8/1957","471.63"
"3/11/1957","469.5"
"3/12/1957","470.31"
"3/13/1957","472.53"
"3/14/1957","473.93"
"3/15/1957","474.28"
"3/18/1957","472.3"
"3/19/1957","473.93"
"3/20/1957","473.93"
"3/21/1957","474.02"
"3/22/1957","472.94"
"3/25/1957","471.51"
"3/26/1957","472.24"
"3/27/1957","473.12"
"3/28/1957","475.01"
"3/29/1957","474.81"
"4/1/1957","474.98"
"4/2/1957","477.55"
"4/3/1957","478.31"
"4/4/1957","477.43"
"4/5/1957","477.61"
"4/8/1957","479.04"
"4/9/1957","482.66"
"4/10/1957","485.17"
"4/11/1957","484.7"
"4/12/1957","486.72"
"4/15/1957","485.84"
"4/16/1957","484.32"
"4/17/1957","485.02"
"4/18/1957","488.03"
"4/22/1957","488.79"
"4/23/1957","491.88"
"4/24/1957","493.66"
"4/25/1957","492.29"
"4/26/1957","491.5"
"4/29/1957","493.95"
"4/30/1957","494.36"
"5/1/1957","495.76"
"5/2/1957","498.56"
"5/3/1957","497.54"
"5/6/1957","496.32"
"5/7/1957","494.68"
"5/8/1957","496.73"
"5/9/1957","496.76"
"5/10/1957","498.3"
"5/13/1957","502.21"
"5/14/1957","500.46"
"5/15/1957","501.98"
"5/16/1957","504.84"
"5/17/1957","505.6"
"5/20/1957","505.98"
"5/21/1957","506.04"
"5/22/1957","504.43"
"5/23/1957","504.02"
"5/24/1957","504.02"
"5/27/1957","499.21"
"5/28/1957","497.72"
"5/29/1957","502.18"
"5/31/1957","504.93"
"6/3/1957","503.76"
"6/4/1957","502.97"
"6/5/1957","502.07"
"6/6/1957","504.55"
"6/7/1957","505.63"
"6/10/1957","503.76"
"6/11/1957","509.48"
"6/12/1957","509.66"
"6/13/1957","511.58"
"6/14/1957","511.79"
"6/17/1957","513.19"
"6/18/1957","511.32"
"6/19/1957","505.92"
"6/20/1957","503.56"
"6/21/1957","500"
"6/24/1957","497.08"
"6/25/1957","501.98"
"6/26/1957","500.78"
"6/27/1957","503.03"
"6/28/1957","503.29"
"7/1/1957","503.29"
"7/2/1957","507.55"
"7/3/1957","513.25"
"7/5/1957","516.89"
"7/8/1957","518.41"
"7/9/1957","516.37"
"7/10/1957","519.81"
"7/11/1957","517.97"
"7/12/1957","520.77"
"7/15/1957","520.16"
"7/16/1957","517.42"
"7/17/1957","515.11"
"7/18/1957","515.64"
"7/19/1957","515.73"
"7/22/1957","515.32"
"7/23/1957","515.61"
"7/24/1957","515.78"
"7/25/1957","516.69"
"7/26/1957","514.59"
"7/29/1957","508.25"
"7/30/1957","508.93"
"7/31/1957","508.52"
"8/1/1957","506.21"
"8/2/1957","505.1"
"8/5/1957","500.78"
"8/6/1957","494.13"
"8/7/1957","498.48"
"8/8/1957","496.87"
"8/9/1957","496.78"
"8/12/1957","492.32"
"8/13/1957","492.14"
"8/14/1957","485.93"
"8/15/1957","487.3"
"8/16/1957","488.2"
"8/19/1957","478.95"
"8/20/1957","483.86"
"8/21/1957","485.14"
"8/22/1957","481.46"
"8/23/1957","475.74"
"8/26/1957","470.14"
"8/27/1957","477.55"
"8/28/1957","477.79"
"8/29/1957","476.06"
"8/30/1957","484.35"
"9/3/1957","486.13"
"9/4/1957","482.6"
"9/5/1957","479.51"
"9/6/1957","478.63"
"9/9/1957","474.28"
"9/10/1957","470.23"
"9/11/1957","474.4"
"9/12/1957","480.56"
"9/13/1957","481.02"
"9/16/1957","478.08"
"9/17/1957","478.28"
"9/18/1957","478.6"
"9/19/1957","476.12"
"9/20/1957","468.42"
"9/23/1957","458.96"
"9/24/1957","462.87"
"9/25/1957","456.95"
"9/26/1957","457.01"
"9/27/1957","456.89"
"9/30/1957","456.3"
"10/1/1957","460.8"
"10/2/1957","465.03"
"10/3/1957","465.82"
"10/4/1957","461.7"
"10/7/1957","452.42"
"10/8/1957","450.56"
"10/9/1957","451.4"
"10/10/1957","441.71"
"10/11/1957","441.16"
"10/14/1957","443.78"
"10/15/1957","447.9"
"10/16/1957","443.93"
"10/17/1957","436.87"
"10/18/1957","433.83"
"10/21/1957","423.06"
"10/22/1957","419.79"
"10/23/1957","437.13"
"10/24/1957","436.4"
"10/25/1957","435.15"
"10/28/1957","432.15"
"10/29/1957","435.76"
"10/30/1957","440.28"
"10/31/1957","441.04"
"11/1/1957","434.71"
"11/4/1957","434.04"
"11/6/1957","435.82"
"11/7/1957","438.91"
"11/8/1957","434.12"
"11/11/1957","434.94"
"11/12/1957","429.75"
"11/13/1957","430.07"
"11/14/1957","427.94"
"11/15/1957","439.35"
"11/18/1957","434.96"
"11/19/1957","431.73"
"11/20/1957","433.37"
"11/21/1957","439.8"
"11/22/1957","442.68"
"11/25/1957","444.38"
"11/26/1957","435.34"
"11/27/1957","446.03"
"11/29/1957","449.87"
"12/2/1957","446.91"
"12/3/1957","446.55"
"12/4/1957","448.87"
"12/5/1957","449.55"
"12/6/1957","447.2"
"12/9/1957","443.76"
"12/10/1957","439.24"
"12/11/1957","439.36"
"12/12/1957","438.48"
"12/13/1957","440.48"
"12/16/1957","433.4"
"12/17/1957","425.65"
"12/18/1957","426.18"
"12/19/1957","431.26"
"12/20/1957","427.2"
"12/23/1957","428.08"
"12/24/1957","429.11"
"12/26/1957","434.16"
"12/27/1957","432.9"
"12/30/1957","431.78"
"12/31/1957","435.69"
"1/2/1958","439.27"
"1/3/1958","444.56"
"1/6/1958","442.56"
"1/7/1958","447.79"
"1/8/1958","446.61"
"1/9/1958","443.24"
"1/10/1958","438.68"
"1/13/1958","439.71"
"1/14/1958","441.8"
"1/15/1958","445.2"
"1/16/1958","445.23"
"1/17/1958","444.12"
"1/20/1958","447.29"
"1/21/1958","446.64"
"1/22/1958","445.7"
"1/23/1958","447.91"
"1/24/1958","450.66"
"1/27/1958","448.46"
"1/28/1958","448.67"
"1/29/1958","451.16"
"1/30/1958","449.72"
"1/31/1958","450.02"
"2/3/1958","453.98"
"2/4/1958","458.65"
"2/5/1958","454.89"
"2/6/1958","453.13"
"2/7/1958","448.76"
"2/10/1958","445.94"
"2/11/1958","442.35"
"2/12/1958","441.21"
"2/13/1958","440.24"
"2/14/1958","444.44"
"2/17/1958","442.27"
"2/18/1958","442.71"
"2/19/1958","443.06"
"2/20/1958","439.74"
"2/21/1958","439.62"
"2/24/1958","437.19"
"2/25/1958","436.89"
"2/26/1958","440.42"
"2/27/1958","437.8"
"2/28/1958","439.92"
"3/3/1958","443.38"
"3/4/1958","445.06"
"3/5/1958","446.58"
"3/6/1958","450.96"
"3/7/1958","451.49"
"3/10/1958","451.9"
"3/11/1958","455.92"
"3/12/1958","454.6"
"3/13/1958","454.1"
"3/14/1958","453.04"
"3/17/1958","448.23"
"3/18/1958","447.38"
"3/19/1958","449.96"
"3/20/1958","449.46"
"3/21/1958","452.49"
"3/24/1958","453.75"
"3/25/1958","450.96"
"3/26/1958","449.7"
"3/27/1958","448.64"
"3/28/1958","448.61"
"3/31/1958","446.76"
"4/1/1958","445.47"
"4/2/1958","441.21"
"4/3/1958","440.5"
"4/7/1958","440.09"
"4/8/1958","442.59"
"4/9/1958","441.88"
"4/10/1958","441.06"
"4/11/1958","441.24"
"4/14/1958","443.76"
"4/15/1958","447.58"
"4/16/1958","444.35"
"4/17/1958","445.09"
"4/18/1958","449.31"
"4/21/1958","450.72"
"4/22/1958","449.55"
"4/23/1958","450.11"
"4/24/1958","453.42"
"4/25/1958","454.92"
"4/28/1958","454.51"
"4/29/1958","451.78"
"4/30/1958","455.86"
"5/1/1958","457.01"
"5/2/1958","459.56"
"5/5/1958","461.12"
"5/6/1958","463.67"
"5/7/1958","462.88"
"5/8/1958","462.5"
"5/9/1958","462.56"
"5/12/1958","460.74"
"5/13/1958","459.86"
"5/14/1958","455.45"
"5/15/1958","457.86"
"5/16/1958","457.1"
"5/19/1958","455.98"
"5/20/1958","459.83"
"5/21/1958","458.5"
"5/22/1958","460.24"
"5/23/1958","461.03"
"5/26/1958","461.06"
"5/27/1958","460.68"
"5/28/1958","460.44"
"5/29/1958","462.7"
"6/2/1958","466.11"
"6/3/1958","468.14"
"6/4/1958","468.58"
"6/5/1958","468.55"
"6/6/1958","469.6"
"6/9/1958","469.46"
"6/10/1958","468.19"
"6/11/1958","467.93"
"6/12/1958","471.42"
"6/13/1958","474.77"
"6/16/1958","476.56"
"6/17/1958","478.97"
"6/18/1958","476.65"
"6/19/1958","471.57"
"6/20/1958","473.6"
"6/23/1958","471.66"
"6/24/1958","470.43"
"6/25/1958","471.54"
"6/26/1958","474.01"
"6/27/1958","475.42"
"6/30/1958","478.18"
"7/1/1958","478.82"
"7/2/1958","480.15"
"7/3/1958","480.17"
"7/7/1958","481.85"
"7/8/1958","480"
"7/9/1958","477.59"
"7/10/1958","478.97"
"7/11/1958","482.85"
"7/14/1958","476.89"
"7/15/1958","478.82"
"7/16/1958","481"
"7/17/1958","485.7"
"7/18/1958","486.55"
"7/21/1958","493.36"
"7/22/1958","494.89"
"7/23/1958","494.06"
"7/24/1958","497.12"
"7/25/1958","501.76"
"7/28/1958","502.81"
"7/29/1958","501.38"
"7/30/1958","504.37"
"7/31/1958","502.99"
"8/1/1958","505.43"
"8/4/1958","510.33"
"8/5/1958","506.95"
"8/6/1958","503.11"
"8/7/1958","506.1"
"8/8/1958","510.13"
"8/11/1958","512.42"
"8/12/1958","508.19"
"8/13/1958","509.22"
"8/14/1958","510.3"
"8/15/1958","506.13"
"8/18/1958","502.67"
"8/19/1958","503.64"
"8/20/1958","503.96"
"8/21/1958","507.1"
"8/22/1958","508.28"
"8/25/1958","508.28"
"8/26/1958","509.63"
"8/27/1958","510.39"
"8/28/1958","507.72"
"8/29/1958","508.63"
"9/2/1958","511.77"
"9/3/1958","513.71"
"9/4/1958","513.44"
"9/5/1958","512.77"
"9/8/1958","515.23"
"9/9/1958","518.64"
"9/10/1958","516.2"
"9/11/1958","520.43"
"9/12/1958","519.43"
"9/15/1958","523.4"
"9/16/1958","526.57"
"9/17/1958","525.89"
"9/18/1958","522.34"
"9/19/1958","526.48"
"9/22/1958","524.01"
"9/23/1958","525.89"
"9/24/1958","528.15"
"9/25/1958","525.83"
"9/26/1958","526.83"
"9/29/1958","529.04"
"9/30/1958","532.09"
"10/1/1958","530.94"
"10/2/1958","532.09"
"10/3/1958","533.73"
"10/6/1958","536.29"
"10/7/1958","539.4"
"10/8/1958","539.31"
"10/9/1958","539.61"
"10/10/1958","543.36"
"10/13/1958","545.95"
"10/14/1958","541.72"
"10/15/1958","536.14"
"10/16/1958","540.11"
"10/17/1958","546.36"
"10/20/1958","544.19"
"10/21/1958","543.72"
"10/22/1958","542.31"
"10/23/1958","540.72"
"10/24/1958","539.52"
"10/27/1958","535"
"10/28/1958","536.88"
"10/29/1958","542.72"
"10/30/1958","543.31"
"10/31/1958","543.22"
"11/3/1958","545.16"
"11/5/1958","550.68"
"11/6/1958","554.85"
"11/7/1958","554.26"
"11/10/1958","557.72"
"11/11/1958","561.13"
"11/12/1958","562.39"
"11/13/1958","560.75"
"11/14/1958","564.68"
"11/17/1958","567.44"
"11/18/1958","564.89"
"11/19/1958","565.97"
"11/20/1958","566.24"
"11/21/1958","559.57"
"11/24/1958","544.89"
"11/25/1958","540.52"
"11/26/1958","549.15"
"11/28/1958","557.46"
"12/1/1958","560.07"
"12/2/1958","558.57"
"12/3/1958","558.81"
"12/4/1958","559.1"
"12/5/1958","556.75"
"12/8/1958","556.08"
"12/9/1958","558.13"
"12/10/1958","564.98"
"12/11/1958","563.07"
"12/12/1958","562.27"
"12/15/1958","563.98"
"12/16/1958","565.18"
"12/17/1958","569.38"
"12/18/1958","572.38"
"12/19/1958","573.17"
"12/22/1958","571.23"
"12/23/1958","566.39"
"12/24/1958","572.73"
"12/29/1958","577.31"
"12/30/1958","581.8"
"12/31/1958","583.65"
"1/2/1959","587.59"
"1/5/1959","590.17"
"1/6/1959","591.37"
"1/7/1959","583.15"
"1/8/1959","588.14"
"1/9/1959","592.72"
"1/12/1959","592.64"
"1/13/1959","590.7"
"1/14/1959","591.64"
"1/15/1959","594.81"
"1/16/1959","595.75"
"1/19/1959","594.4"
"1/20/1959","595.69"
"1/21/1959","597.66"
"1/22/1959","595.69"
"1/23/1959","596.07"
"1/26/1959","592.37"
"1/27/1959","594.66"
"1/28/1959","588.53"
"1/29/1959","590.4"
"1/30/1959","593.96"
"2/2/1959","592.23"
"2/3/1959","592.34"
"2/4/1959","589.38"
"2/5/1959","586.12"
"2/6/1959","582.33"
"2/9/1959","574.46"
"2/10/1959","582.65"
"2/11/1959","584.03"
"2/12/1959","581.89"
"2/13/1959","587.97"
"2/16/1959","587.91"
"2/17/1959","586.71"
"2/18/1959","588.82"
"2/19/1959","595.04"
"2/20/1959","602.21"
"2/24/1959","602.91"
"2/25/1959","601.18"
"2/26/1959","602"
"2/27/1959","603.5"
"3/2/1959","605.03"
"3/3/1959","610.78"
"3/4/1959","611.84"
"3/5/1959","611.87"
"3/6/1959","609.52"
"3/9/1959","609.96"
"3/10/1959","611.14"
"3/11/1959","611.49"
"3/12/1959","613.75"
"3/13/1959","614.69"
"3/16/1959","607.88"
"3/17/1959","612.69"
"3/18/1959","610.87"
"3/19/1959","610.02"
"3/20/1959","610.37"
"3/23/1959","605.56"
"3/24/1959","606.73"
"3/25/1959","606.47"
"3/26/1959","606.58"
"3/30/1959","602.65"
"3/31/1959","601.71"
"4/1/1959","602.94"
"4/2/1959","607.52"
"4/3/1959","611.93"
"4/6/1959","611.16"
"4/7/1959","610.34"
"4/8/1959","606.44"
"4/9/1959","605.5"
"4/10/1959","605.97"
"4/13/1959","607.76"
"4/14/1959","609.53"
"4/15/1959","612.5"
"4/16/1959","617.58"
"4/17/1959","624.06"
"4/20/1959","627.08"
"4/21/1959","629.23"
"4/22/1959","625.15"
"4/23/1959","623.27"
"4/24/1959","627.39"
"4/27/1959","629.87"
"4/28/1959","628.87"
"4/29/1959","625.87"
"4/30/1959","623.75"
"5/1/1959","625.06"
"5/4/1959","625.06"
"5/5/1959","625.9"
"5/6/1959","624.39"
"5/7/1959","615.64"
"5/8/1959","621.36"
"5/11/1959","625.03"
"5/12/1959","627.66"
"5/13/1959","633.05"
"5/14/1959","637.04"
"5/15/1959","634.53"
"5/18/1959","633.53"
"5/19/1959","635.44"
"5/20/1959","631.87"
"5/21/1959","631.65"
"5/22/1959","634.74"
"5/25/1959","632.35"
"5/26/1959","632.38"
"5/27/1959","636.68"
"5/28/1959","639.58"
"5/29/1959","643.79"
"6/1/1959","643.51"
"6/2/1959","637.45"
"6/3/1959","637.39"
"6/4/1959","630.54"
"6/5/1959","629.98"
"6/8/1959","621.62"
"6/9/1959","617.62"
"6/10/1959","627.17"
"6/11/1959","627.49"
"6/12/1959","627.42"
"6/15/1959","624.59"
"6/16/1959","621.4"
"6/17/1959","628.05"
"6/18/1959","629.41"
"6/19/1959","629.76"
"6/22/1959","631.71"
"6/23/1959","630.73"
"6/24/1959","634.27"
"6/25/1959","637.23"
"6/26/1959","639.25"
"6/29/1959","643.06"
"6/30/1959","643.6"
"7/1/1959","650.88"
"7/2/1959","654.76"
"7/6/1959","660.09"
"7/7/1959","663.21"
"7/8/1959","663.81"
"7/9/1959","663.09"
"7/10/1959","663.56"
"7/13/1959","657.35"
"7/14/1959","657.7"
"7/15/1959","660.57"
"7/16/1959","658.29"
"7/17/1959","657.13"
"7/20/1959","654.54"
"7/21/1959","661.48"
"7/22/1959","664.38"
"7/23/1959","664.63"
"7/24/1959","663.72"
"7/27/1959","669.08"
"7/28/1959","672.04"
"7/29/1959","673.18"
"7/30/1959","673.37"
"7/31/1959","674.88"
"8/3/1959","678.1"
"8/4/1959","676.3"
"8/5/1959","672.33"
"8/6/1959","671.98"
"8/7/1959","668.57"
"8/10/1959","653.79"
"8/11/1959","658.07"
"8/12/1959","655.14"
"8/13/1959","655.43"
"8/14/1959","658.74"
"8/17/1959","658.42"
"8/18/1959","650.79"
"8/19/1959","646.53"
"8/20/1959","655.02"
"8/21/1959","655.39"
"8/24/1959","653.22"
"8/25/1959","655.96"
"8/26/1959","657.57"
"8/27/1959","663.34"
"8/28/1959","663.06"
"8/31/1959","664.41"
"9/1/1959","655.9"
"9/2/1959","655.8"
"9/3/1959","645.9"
"9/4/1959","652.18"
"9/8/1959","642.69"
"9/9/1959","637.67"
"9/10/1959","633.38"
"9/11/1959","637.36"
"9/14/1959","633.79"
"9/15/1959","630.8"
"9/16/1959","632.41"
"9/17/1959","629"
"9/18/1959","625.78"
"9/21/1959","618.15"
"9/22/1959","616.45"
"9/23/1959","624.02"
"9/24/1959","632.85"
"9/25/1959","632.59"
"9/28/1959","636.47"
"9/29/1959","640.1"
"9/30/1959","631.68"
"10/1/1959","633.6"
"10/2/1959","636.57"
"10/5/1959","637.01"
"10/6/1959","636.06"
"10/7/1959","635.37"
"10/8/1959","633.04"
"10/9/1959","636.98"
"10/12/1959","638.55"
"10/13/1959","637.83"
"10/14/1959","634.27"
"10/15/1959","637.48"
"10/16/1959","643.22"
"10/19/1959","639.66"
"10/20/1959","635.37"
"10/21/1959","632.69"
"10/22/1959","625.59"
"10/23/1959","633.07"
"10/26/1959","637.61"
"10/27/1959","642.18"
"10/28/1959","643.6"
"10/29/1959","645.11"
"10/30/1959","646.6"
"11/2/1959","645.46"
"11/4/1959","645.74"
"11/5/1959","647.57"
"11/6/1959","650.92"
"11/9/1959","650.92"
"11/10/1959","648.14"
"11/11/1959","647.32"
"11/12/1959","644.26"
"11/13/1959","641.71"
"11/16/1959","634.46"
"11/17/1959","635.62"
"11/18/1959","641.99"
"11/19/1959","643.32"
"11/20/1959","645.46"
"11/23/1959","646.75"
"11/24/1959","649.69"
"11/25/1959","651.1"
"11/27/1959","652.52"
"11/30/1959","659.18"
"12/1/1959","664.38"
"12/2/1959","661.29"
"12/3/1959","662.96"
"12/4/1959","664"
"12/7/1959","665.67"
"12/8/1959","675.39"
"12/9/1959","671.26"
"12/10/1959","672.74"
"12/11/1959","670.5"
"12/14/1959","675.07"
"12/15/1959","673.78"
"12/16/1959","675.2"
"12/17/1959","673.9"
"12/18/1959","676.65"
"12/21/1959","675.92"
"12/22/1959","671.82"
"12/23/1959","670.18"
"12/24/1959","670.69"
"12/28/1959","669.77"
"12/29/1959","672.23"
"12/30/1959","676.97"
"12/31/1959","679.36"
"1/4/1960","679.06"
"1/5/1960","685.47"
"1/6/1960","682.62"
"1/7/1960","677.66"
"1/8/1960","675.73"
"1/11/1960","667.16"
"1/12/1960","660.43"
"1/13/1960","656.44"
"1/14/1960","660.53"
"1/15/1960","659.68"
"1/18/1960","653.86"
"1/19/1960","645.07"
"1/20/1960","643.69"
"1/21/1960","645.43"
"1/22/1960","645.85"
"1/25/1960","639.07"
"1/26/1960","639.84"
"1/27/1960","637.67"
"1/28/1960","629.84"
"1/29/1960","622.62"
"2/1/1960","626.2"
"2/2/1960","636.92"
"2/3/1960","630.97"
"2/4/1960","631.14"
"2/5/1960","626.77"
"2/8/1960","619.43"
"2/9/1960","628.45"
"2/10/1960","623.36"
"2/11/1960","618.57"
"2/12/1960","622.23"
"2/15/1960","617.58"
"2/16/1960","611.33"
"2/17/1960","613.55"
"2/18/1960","622.19"
"2/19/1960","628.45"
"2/23/1960","626.19"
"2/24/1960","623.71"
"2/25/1960","628.51"
"2/26/1960","632"
"2/29/1960","630.12"
"3/1/1960","626.87"
"3/2/1960","621.37"
"3/3/1960","612.05"
"3/4/1960","609.79"
"3/7/1960","604.02"
"3/8/1960","599.1"
"3/9/1960","607.16"
"3/10/1960","602.31"
"3/11/1960","605.83"
"3/14/1960","606.79"
"3/15/1960","612.18"
"3/16/1960","616.73"
"3/17/1960","615.09"
"3/18/1960","616.42"
"3/21/1960","617"
"3/22/1960","618.09"
"3/23/1960","622.06"
"3/24/1960","624"
"3/25/1960","622.47"
"3/28/1960","621.78"
"3/29/1960","620.35"
"3/30/1960","619.94"
"3/31/1960","616.59"
"4/1/1960","615.98"
"4/4/1960","618.54"
"4/5/1960","622.19"
"4/6/1960","628.31"
"4/7/1960","629.03"
"4/8/1960","628.1"
"4/11/1960","624.89"
"4/12/1960","626.5"
"4/13/1960","626.5"
"4/14/1960","630.12"
"4/18/1960","630.77"
"4/19/1960","626.4"
"4/20/1960","618.71"
"4/21/1960","619.15"
"4/22/1960","616.32"
"4/25/1960","611.13"
"4/26/1960","610.92"
"4/27/1960","609.96"
"4/28/1960","604.33"
"4/29/1960","601.7"
"5/2/1960","599.61"
"5/3/1960","607.73"
"5/4/1960","610.99"
"5/5/1960","608.32"
"5/6/1960","607.62"
"5/9/1960","607.48"
"5/10/1960","604.82"
"5/11/1960","606.54"
"5/12/1960","607.87"
"5/13/1960","616.03"
"5/16/1960","617.39"
"5/17/1960","621.63"
"5/18/1960","623"
"5/19/1960","624.68"
"5/20/1960","625.24"
"5/23/1960","623.66"
"5/24/1960","621.39"
"5/25/1960","621.28"
"5/26/1960","622.79"
"5/27/1960","624.78"
"5/31/1960","625.5"
"6/1/1960","624.89"
"6/2/1960","627.87"
"6/3/1960","628.98"
"6/6/1960","636.92"
"6/7/1960","645.58"
"6/8/1960","650.35"
"6/9/1960","656.42"
"6/10/1960","654.88"
"6/13/1960","655.85"
"6/14/1960","654.88"
"6/15/1960","649.42"
"6/16/1960","648.27"
"6/17/1960","650.89"
"6/20/1960","647.52"
"6/21/1960","644.93"
"6/22/1960","645.36"
"6/23/1960","647.41"
"6/24/1960","647.01"
"6/27/1960","642.49"
"6/28/1960","637.46"
"6/29/1960","638.39"
"6/30/1960","640.62"
"7/1/1960","641.3"
"7/5/1960","640.91"
"7/6/1960","640.37"
"7/7/1960","644.89"
"7/8/1960","646.91"
"7/11/1960","640.44"
"7/12/1960","634.12"
"7/13/1960","632.11"
"7/14/1960","631.32"
"7/15/1960","630.24"
"7/18/1960","626"
"7/19/1960","624.78"
"7/20/1960","624.13"
"7/21/1960","616.63"
"7/22/1960","609.87"
"7/25/1960","601.68"
"7/26/1960","606.75"
"7/27/1960","601.76"
"7/28/1960","605.67"
"7/29/1960","616.73"
"8/1/1960","617.85"
"8/2/1960","613.68"
"8/3/1960","608.69"
"8/4/1960","609.23"
"8/5/1960","614.29"
"8/8/1960","614.79"
"8/9/1960","615.69"
"8/10/1960","617.52"
"8/11/1960","622.88"
"8/12/1960","626.18"
"8/15/1960","624.17"
"8/16/1960","625.43"
"8/17/1960","626.54"
"8/18/1960","625.82"
"8/19/1960","629.27"
"8/22/1960","630.71"
"8/23/1960","638.29"
"8/24/1960","641.56"
"8/25/1960","637.16"
"8/26/1960","636.13"
"8/29/1960","634.46"
"8/30/1960","626.4"
"8/31/1960","625.99"
"9/1/1960","626.1"
"9/2/1960","625.22"
"9/6/1960","620.85"
"9/7/1960","612.27"
"9/8/1960","611.42"
"9/9/1960","614.12"
"9/12/1960","609.35"
"9/13/1960","611.79"
"9/14/1960","605.69"
"9/15/1960","602.69"
"9/16/1960","602.18"
"9/19/1960","586.76"
"9/20/1960","588.2"
"9/21/1960","594.26"
"9/22/1960","592.15"
"9/23/1960","585.2"
"9/26/1960","577.14"
"9/27/1960","574.81"
"9/28/1960","569.08"
"9/29/1960","570.59"
"9/30/1960","580.14"
"10/3/1960","577.81"
"10/4/1960","573.15"
"10/5/1960","578.88"
"10/6/1960","583.69"
"10/7/1960","586.42"
"10/10/1960","587.31"
"10/11/1960","588.75"
"10/12/1960","585.83"
"10/13/1960","591.49"
"10/14/1960","596.48"
"10/17/1960","593.34"
"10/18/1960","588.75"
"10/19/1960","587.01"
"10/20/1960","582.69"
"10/21/1960","577.55"
"10/24/1960","571.93"
"10/25/1960","566.05"
"10/26/1960","575.18"
"10/27/1960","580.95"
"10/28/1960","577.92"
"10/31/1960","580.36"
"11/1/1960","585.24"
"11/2/1960","588.23"
"11/3/1960","590.82"
"11/4/1960","596.07"
"11/7/1960","597.63"
"11/9/1960","602.25"
"11/10/1960","612.01"
"11/11/1960","608.61"
"11/14/1960","604.8"
"11/15/1960","606.87"
"11/16/1960","604.77"
"11/17/1960","602.18"
"11/18/1960","603.62"
"11/21/1960","604.54"
"11/22/1960","601.1"
"11/23/1960","602.47"
"11/25/1960","606.47"
"11/28/1960","605.43"
"11/29/1960","602.4"
"11/30/1960","597.22"
"12/1/1960","594.56"
"12/2/1960","596"
"12/5/1960","593.49"
"12/6/1960","597.11"
"12/7/1960","604.62"
"12/8/1960","605.17"
"12/9/1960","610.9"
"12/12/1960","611.94"
"12/13/1960","611.72"
"12/14/1960","612.68"
"12/15/1960","610.76"
"12/16/1960","617.78"
"12/19/1960","615.56"
"12/20/1960","614.82"
"12/21/1960","615.42"
"12/22/1960","613.31"
"12/23/1960","613.23"
"12/27/1960","613.38"
"12/28/1960","615.75"
"12/29/1960","616.19"
"12/30/1960","615.89"
"1/3/1961","610.25"
"1/4/1961","621.49"
"1/5/1961","622.67"
"1/6/1961","621.64"
"1/9/1961","624.42"
"1/10/1961","625.72"
"1/11/1961","627.21"
"1/12/1961","628.5"
"1/13/1961","633.65"
"1/16/1961","633.19"
"1/17/1961","628.96"
"1/18/1961","634.1"
"1/19/1961","632.39"
"1/20/1961","634.37"
"1/23/1961","639.82"
"1/24/1961","638.79"
"1/25/1961","637.72"
"1/26/1961","638.87"
"1/27/1961","643.59"
"1/30/1961","650.64"
"1/31/1961","648.2"
"2/1/1961","649.39"
"2/2/1961","653.62"
"2/3/1961","652.97"
"2/6/1961","645.65"
"2/7/1961","643.94"
"2/8/1961","648.85"
"2/9/1961","645.12"
"2/10/1961","639.67"
"2/13/1961","637.04"
"2/14/1961","642.91"
"2/15/1961","648.89"
"2/16/1961","651.86"
"2/17/1961","651.67"
"2/20/1961","653.65"
"2/21/1961","652.4"
"2/23/1961","654.42"
"2/24/1961","655.6"
"2/27/1961","660.44"
"2/28/1961","662.08"
"3/1/1961","663.03"
"3/2/1961","669.39"
"3/3/1961","671.57"
"3/6/1961","674.46"
"3/7/1961","667.14"
"3/8/1961","666.15"
"3/9/1961","663.33"
"3/10/1961","663.56"
"3/13/1961","664.44"
"3/14/1961","661.08"
"3/15/1961","662.88"
"3/16/1961","670.38"
"3/17/1961","676.48"
"3/20/1961","678.84"
"3/21/1961","678.73"
"3/22/1961","679.38"
"3/23/1961","675.45"
"3/24/1961","672.48"
"3/27/1961","671.03"
"3/28/1961","669.58"
"3/29/1961","676.41"
"3/30/1961","676.63"
"4/3/1961","677.59"
"4/4/1961","678.73"
"4/5/1961","677.32"
"4/6/1961","679.34"
"4/7/1961","683.68"
"4/10/1961","692.06"
"4/11/1961","694.11"
"4/12/1961","690.16"
"4/13/1961","692.02"
"4/14/1961","693.72"
"4/17/1961","696.72"
"4/18/1961","690.6"
"4/19/1961","686.21"
"4/20/1961","684.24"
"4/21/1961","685.26"
"4/24/1961","672.66"
"4/25/1961","683.09"
"4/26/1961","682.18"
"4/27/1961","679.54"
"4/28/1961","678.71"
"5/1/1961","677.05"
"5/2/1961","682.34"
"5/3/1961","688.9"
"5/4/1961","692.25"
"5/5/1961","690.67"
"5/8/1961","689.06"
"5/9/1961","686.92"
"5/10/1961","686.61"
"5/11/1961","686.49"
"5/12/1961","687.91"
"5/15/1961","692.37"
"5/16/1961","697.74"
"5/17/1961","705.52"
"5/18/1961","701.14"
"5/19/1961","705.96"
"5/22/1961","702.44"
"5/23/1961","700.59"
"5/24/1961","696.52"
"5/25/1961","690.16"
"5/26/1961","696.28"
"5/31/1961","696.72"
"6/1/1961","695.37"
"6/2/1961","697.7"
"6/5/1961","703.41"
"6/6/1961","703.79"
"6/7/1961","700.86"
"6/8/1961","701.69"
"6/9/1961","700.9"
"6/12/1961","696.76"
"6/13/1961","694.15"
"6/14/1961","695.81"
"6/15/1961","691.27"
"6/16/1961","685.5"
"6/19/1961","680.68"
"6/20/1961","687.87"
"6/21/1961","686.09"
"6/22/1961","685.62"
"6/23/1961","688.66"
"6/26/1961","681.16"
"6/27/1961","683.88"
"6/28/1961","684.59"
"6/29/1961","681.95"
"6/30/1961","683.96"
"7/3/1961","689.81"
"7/5/1961","692.77"
"7/6/1961","694.27"
"7/7/1961","692.73"
"7/10/1961","693.16"
"7/11/1961","694.47"
"7/12/1961","690.79"
"7/13/1961","685.9"
"7/14/1961","690.95"
"7/17/1961","684.59"
"7/18/1961","679.3"
"7/19/1961","682.74"
"7/20/1961","682.97"
"7/21/1961","682.81"
"7/24/1961","682.14"
"7/25/1961","686.37"
"7/26/1961","694.19"
"7/27/1961","702.8"
"7/28/1961","705.13"
"7/31/1961","705.37"
"8/1/1961","713.94"
"8/2/1961","710.46"
"8/3/1961","715.71"
"8/4/1961","720.69"
"8/7/1961","719.58"
"8/8/1961","720.22"
"8/9/1961","717.57"
"8/10/1961","720.49"
"8/11/1961","722.61"
"8/14/1961","718.93"
"8/15/1961","716.18"
"8/16/1961","718.2"
"8/17/1961","721.84"
"8/18/1961","723.54"
"8/21/1961","724.75"
"8/22/1961","725.76"
"8/23/1961","720.46"
"8/24/1961","714.03"
"8/25/1961","716.7"
"8/28/1961","716.01"
"8/29/1961","714.15"
"8/30/1961","716.9"
"8/31/1961","719.94"
"9/1/1961","721.19"
"9/5/1961","718.72"
"9/6/1961","726.01"
"9/7/1961","726.53"
"9/8/1961","720.91"
"9/11/1961","714.36"
"9/12/1961","722.61"
"9/13/1961","722.2"
"9/14/1961","715"
"9/15/1961","716.3"
"9/18/1961","711.24"
"9/19/1961","702.54"
"9/20/1961","707.32"
"9/21/1961","706.31"
"9/22/1961","701.57"
"9/25/1961","691.86"
"9/26/1961","693.2"
"9/27/1961","701.13"
"9/28/1961","700.28"
"9/29/1961","701.21"
"10/2/1961","699.83"
"10/3/1961","698.66"
"10/4/1961","703.31"
"10/5/1961","708.49"
"10/6/1961","708.25"
"10/9/1961","705.42"
"10/10/1961","706.67"
"10/11/1961","705.62"
"10/12/1961","705.5"
"10/13/1961","703.31"
"10/16/1961","703.15"
"10/17/1961","701.98"
"10/18/1961","704.2"
"10/19/1961","704.85"
"10/20/1961","705.62"
"10/23/1961","698.98"
"10/24/1961","697.24"
"10/25/1961","700.72"
"10/26/1961","700.68"
"10/27/1961","698.74"
"10/30/1961","701.09"
"10/31/1961","703.92"
"11/1/1961","703.84"
"11/2/1961","706.83"
"11/3/1961","709.26"
"11/6/1961","714.6"
"11/8/1961","723.74"
"11/9/1961","722.28"
"11/10/1961","724.83"
"11/13/1961","728.43"
"11/14/1961","732.56"
"11/15/1961","734.34"
"11/16/1961","733.33"
"11/17/1961","729.53"
"11/20/1961","730.09"
"11/21/1961","729.32"
"11/22/1961","730.42"
"11/24/1961","732.6"
"11/27/1961","731.99"
"11/28/1961","728.07"
"11/29/1961","727.18"
"11/30/1961","721.6"
"12/1/1961","728.8"
"12/4/1961","731.22"
"12/5/1961","731.31"
"12/6/1961","730.09"
"12/7/1961","726.45"
"12/8/1961","728.23"
"12/11/1961","732.56"
"12/12/1961","734.02"
"12/13/1961","734.91"
"12/14/1961","730.94"
"12/15/1961","729.4"
"12/18/1961","727.71"
"12/19/1961","722.41"
"12/20/1961","722.57"
"12/21/1961","720.1"
"12/22/1961","720.87"
"12/26/1961","723.09"
"12/27/1961","731.43"
"12/28/1961","731.51"
"12/29/1961","731.14"
"1/2/1962","724.71"
"1/3/1962","726.01"
"1/4/1962","722.53"
"1/5/1962","714.84"
"1/8/1962","708.98"
"1/9/1962","707.64"
"1/10/1962","706.02"
"1/11/1962","710.67"
"1/12/1962","711.73"
"1/15/1962","709.5"
"1/16/1962","705.29"
"1/17/1962","697.41"
"1/18/1962","696.03"
"1/19/1962","700.72"
"1/22/1962","701.98"
"1/23/1962","698.54"
"1/24/1962","698.17"
"1/25/1962","696.52"
"1/26/1962","692.19"
"1/29/1962","689.92"
"1/30/1962","694.09"
"1/31/1962","700"
"2/1/1962","702.54"
"2/2/1962","706.55"
"2/5/1962","706.14"
"2/6/1962","710.39"
"2/7/1962","715.73"
"2/8/1962","716.82"
"2/9/1962","714.27"
"2/12/1962","714.92"
"2/13/1962","714.32"
"2/14/1962","713.67"
"2/15/1962","717.27"
"2/16/1962","716.46"
"2/19/1962","714.36"
"2/20/1962","717.55"
"2/21/1962","713.02"
"2/23/1962","709.54"
"2/26/1962","706.22"
"2/27/1962","709.22"
"2/28/1962","708.05"
"3/1/1962","711.81"
"3/2/1962","711"
"3/5/1962","709.99"
"3/6/1962","708.17"
"3/7/1962","706.63"
"3/8/1962","713.75"
"3/9/1962","714.44"
"3/12/1962","714.68"
"3/13/1962","716.58"
"3/14/1962","720.95"
"3/15/1962","723.54"
"3/16/1962","722.27"
"3/19/1962","720.38"
"3/20/1962","719.66"
"3/21/1962","716.62"
"3/22/1962","716.7"
"3/23/1962","716.46"
"3/26/1962","710.67"
"3/27/1962","707.28"
"3/28/1962","712.25"
"3/29/1962","711.28"
"3/30/1962","706.95"
"4/2/1962","705.42"
"4/3/1962","700.6"
"4/4/1962","696.88"
"4/5/1962","700.88"
"4/6/1962","699.63"
"4/9/1962","692.96"
"4/10/1962","695.46"
"4/11/1962","694.9"
"4/12/1962","685.67"
"4/13/1962","687.9"
"4/16/1962","684.06"
"4/17/1962","688.43"
"4/18/1962","691.01"
"4/19/1962","694.25"
"4/23/1962","694.61"
"4/24/1962","693"
"4/25/1962","683.69"
"4/26/1962","678.68"
"4/27/1962","672.2"
"4/30/1962","665.33"
"5/1/1962","671.24"
"5/2/1962","669.96"
"5/3/1962","675.49"
"5/4/1962","671.2"
"5/7/1962","670.99"
"5/8/1962","663.9"
"5/9/1962","654.7"
"5/10/1962","647.23"
"5/11/1962","640.63"
"5/14/1962","646.2"
"5/15/1962","655.36"
"5/16/1962","654.04"
"5/17/1962","649.79"
"5/18/1962","650.7"
"5/21/1962","648.59"
"5/22/1962","636.34"
"5/23/1962","626.52"
"5/24/1962","622.56"
"5/25/1962","611.88"
"5/28/1962","576.93"
"5/29/1962","603.96"
"5/31/1962","613.36"
"6/1/1962","611.05"
"6/4/1962","593.68"
"6/5/1962","594.96"
"6/6/1962","603.91"
"6/7/1962","602.2"
"6/8/1962","601.61"
"6/11/1962","595.17"
"6/12/1962","580.94"
"6/13/1962","574.04"
"6/14/1962","563"
"6/15/1962","578.18"
"6/18/1962","574.21"
"6/19/1962","571.61"
"6/20/1962","563.08"
"6/21/1962","550.49"
"6/22/1962","539.19"
"6/25/1962","536.77"
"6/26/1962","535.76"
"6/27/1962","536.98"
"6/28/1962","557.35"
"6/29/1962","561.28"
"7/2/1962","573.75"
